/*******************************************************************************
 * Size: 39 px
 * Bpp: 4
 * Opts: --bpp 4 --size 39 --font C:/SVN/SquareLine/code/editor/examples/EV_Charger_1024x600/assets/fonts/Nexa Bold.otf -o C:/SVN/SquareLine/code/editor/examples/EV_Charger_1024x600/assets/fonts\ui_font_H2.c --format lvgl -r 0x20-0xff --no-compress --no-prefilter
 ******************************************************************************/

#include "../ui.h"

#ifndef UI_FONT_H2
#define UI_FONT_H2 1
#endif

#if UI_FONT_H2

/*-----------------
 *    BITMAPS
 *----------------*/

/*Store the image of the glyphs*/
static LV_ATTRIBUTE_LARGE_CONST const uint8_t glyph_bitmap[] = {
    /* U+0020 " " */

    /* U+0021 "!" */
    0x1f, 0xff, 0xff, 0x1, 0xff, 0xff, 0xf0, 0x1f,
    0xff, 0xff, 0x1, 0xff, 0xff, 0xf0, 0x1f, 0xff,
    0xff, 0x1, 0xff, 0xff, 0xf0, 0x1f, 0xff, 0xff,
    0x1, 0xff, 0xff, 0xf0, 0x1f, 0xff, 0xff, 0x1,
    0xff, 0xff, 0xf0, 0x1f, 0xff, 0xff, 0x1, 0xff,
    0xff, 0xf0, 0x1f, 0xff, 0xff, 0x1, 0xff, 0xff,
    0xf0, 0x1f, 0xff, 0xff, 0x1, 0xff, 0xff, 0xf0,
    0x1f, 0xff, 0xff, 0x1, 0xff, 0xff, 0xf0, 0x1f,
    0xff, 0xff, 0x1, 0xff, 0xff, 0xf0, 0x5, 0x55,
    0x55, 0x0, 0x1, 0x31, 0x0, 0x8, 0xff, 0xf7,
    0x5, 0xff, 0xff, 0xf3, 0x9f, 0xff, 0xff, 0x88,
    0xff, 0xff, 0xf7, 0x3f, 0xff, 0xff, 0x20, 0x4c,
    0xec, 0x30, 0x0, 0x0, 0x0, 0x0,

    /* U+0022 "\"" */
    0x7f, 0xff, 0xd0, 0x8, 0xff, 0xfc, 0x7f, 0xff,
    0xd0, 0x8, 0xff, 0xfc, 0x7f, 0xff, 0xd0, 0x8,
    0xff, 0xfc, 0x7f, 0xff, 0xd0, 0x8, 0xff, 0xfc,
    0x7f, 0xff, 0xd0, 0x8, 0xff, 0xfc, 0x7f, 0xff,
    0xd0, 0x8, 0xff, 0xfc, 0x7f, 0xff, 0xd0, 0x8,
    0xff, 0xfc, 0x7f, 0xff, 0xd0, 0x8, 0xff, 0xfc,
    0x7f, 0xff, 0xd0, 0x8, 0xff, 0xfc, 0x7f, 0xff,
    0xd0, 0x8, 0xff, 0xfc, 0x49, 0x99, 0x70, 0x5,
    0x99, 0x97,

    /* U+0023 "#" */
    0x0, 0x0, 0x0, 0x0, 0x2f, 0xff, 0xff, 0x10,
    0x0, 0xaf, 0xff, 0xf8, 0x0, 0x0, 0x0, 0x0,
    0x0, 0x5f, 0xff, 0xfd, 0x0, 0x0, 0xdf, 0xff,
    0xf5, 0x0, 0x0, 0x0, 0x0, 0x0, 0x9f, 0xff,
    0xfa, 0x0, 0x1, 0xff, 0xff, 0xf1, 0x0, 0x0,
    0x0, 0x0, 0x0, 0xcf, 0xff, 0xf6, 0x0, 0x5,
    0xff, 0xff, 0xe0, 0x0, 0x0, 0x0, 0x0, 0x0,
    0xff, 0xff, 0xf3, 0x0, 0x8, 0xff, 0xff, 0xa0,
    0x0, 0x0, 0x0, 0x0, 0x4, 0xff, 0xff, 0xf0,
    0x0, 0xc, 0xff, 0xff, 0x70, 0x0, 0x0, 0x6,
    0x88, 0x8b, 0xff, 0xff, 0xe8, 0x88, 0x8f, 0xff,
    0xff, 0xa8, 0x80, 0x0, 0xc, 0xff, 0xff, 0xff,
    0xff, 0xff, 0xff, 0xff, 0xff, 0xff, 0xff, 0xf0,
    0x0, 0xc, 0xff, 0xff, 0xff, 0xff, 0xff, 0xff,
    0xff, 0xff, 0xff, 0xff, 0xf0, 0x0, 0xc, 0xff,
    0xff, 0xff, 0xff, 0xff, 0xff, 0xff, 0xff, 0xff,
    0xff, 0xf0, 0x0, 0xc, 0xff, 0xff, 0xff, 0xfc,
    0xaa, 0xaa, 0xef, 0xff, 0xff, 0xff, 0xf0, 0x0,
    0x0, 0x0, 0xaf, 0xff, 0xf2, 0x0, 0x0, 0xef,
    0xff, 0xf0, 0x0, 0x0, 0x0, 0x0, 0x0, 0xef,
    0xff, 0xe0, 0x0, 0x2, 0xff, 0xff, 0xa0, 0x0,
    0x0, 0x0, 0x0, 0x3, 0xff, 0xff, 0xa0, 0x0,
    0x7, 0xff, 0xff, 0x60, 0x0, 0x0, 0x0, 0x0,
    0x7, 0xff, 0xff, 0x50, 0x0, 0xb, 0xff, 0xff,
    0x20, 0x0, 0x0, 0x0, 0x0, 0xb, 0xff, 0xff,
    0x10, 0x0, 0xf, 0xff, 0xfd, 0x0, 0x0, 0x0,
    0x0, 0x0, 0xf, 0xff, 0xfd, 0x0, 0x0, 0x3f,
    0xff, 0xf9, 0x0, 0x0, 0x0, 0x14, 0x44, 0x6f,
    0xff, 0xf9, 0x0, 0x0, 0x8f, 0xff, 0xf8, 0x44,
    0x10, 0x0, 0x7f, 0xff, 0xff, 0xff, 0xff, 0xff,
    0xff, 0xff, 0xff, 0xff, 0xff, 0x50, 0x0, 0x7f,
    0xff, 0xff, 0xff, 0xff, 0xff, 0xff, 0xff, 0xff,
    0xff, 0xff, 0x50, 0x0, 0x7f, 0xff, 0xff, 0xff,
    0xff, 0xff, 0xff, 0xff, 0xff, 0xff, 0xff, 0x50,
    0x0, 0x7f, 0xff, 0xff, 0xff, 0xff, 0xff, 0xff,
    0xff, 0xff, 0xff, 0xff, 0x50, 0x0, 0x25, 0x5b,
    0xff, 0xff, 0xc5, 0x55, 0x6f, 0xff, 0xff, 0x65,
    0x55, 0x10, 0x0, 0x0, 0xc, 0xff, 0xff, 0x60,
    0x0, 0x4f, 0xff, 0xff, 0x0, 0x0, 0x0, 0x0,
    0x0, 0xf, 0xff, 0xff, 0x30, 0x0, 0x8f, 0xff,
    0xfb, 0x0, 0x0, 0x0, 0x0, 0x0, 0x3f, 0xff,
    0xff, 0x0, 0x0, 0xbf, 0xff, 0xf7, 0x0, 0x0,
    0x0, 0x0, 0x0, 0x7f, 0xff, 0xfb, 0x0, 0x0,
    0xff, 0xff, 0xf4, 0x0, 0x0, 0x0, 0x0, 0x0,
    0xaf, 0xff, 0xf8, 0x0, 0x2, 0xff, 0xff, 0xf0,
    0x0, 0x0, 0x0, 0x0,

    /* U+0024 "$" */
    0x0, 0x0, 0x0, 0x0, 0x0, 0x5f, 0xff, 0xf9,
    0x0, 0x0, 0x0, 0x0, 0x0, 0x0, 0x0, 0x0,
    0x0, 0x5, 0xff, 0xff, 0x90, 0x0, 0x0, 0x0,
    0x0, 0x0, 0x0, 0x0, 0x0, 0x0, 0x5f, 0xff,
    0xf9, 0x0, 0x0, 0x0, 0x0, 0x0, 0x0, 0x0,
    0x0, 0x1, 0x4a, 0xff, 0xff, 0xc5, 0x20, 0x0,
    0x0, 0x0, 0x0, 0x0, 0x0, 0x5d, 0xff, 0xff,
    0xff, 0xff, 0xff, 0xc5, 0x0, 0x0, 0x0, 0x0,
    0x4, 0xdf, 0xff, 0xff, 0xff, 0xff, 0xff, 0xff,
    0xfc, 0x10, 0x0, 0x0, 0x6, 0xff, 0xff, 0xff,
    0xff, 0xff, 0xff, 0xff, 0xff, 0xfe, 0x20, 0x0,
    0x3, 0xff, 0xff, 0xff, 0xff, 0xed, 0xef, 0xff,
    0xff, 0xff, 0xfc, 0x0, 0x0, 0xcf, 0xff, 0xff,
    0xb5, 0x0, 0x0, 0x3, 0x8f, 0xff, 0xff, 0xf7,
    0x0, 0x2f, 0xff, 0xff, 0x80, 0x0, 0x0, 0x0,
    0x0, 0x1b, 0xff, 0xd6, 0x0, 0x4, 0xff, 0xff,
    0xe0, 0x0, 0x0, 0x0, 0x0, 0x0, 0x9, 0x40,
    0x0, 0x0, 0x5f, 0xff, 0xfc, 0x0, 0x0, 0x0,
    0x0, 0x0, 0x0, 0x0, 0x0, 0x0, 0x4, 0xff,
    0xff, 0xe0, 0x0, 0x0, 0x0, 0x0, 0x0, 0x0,
    0x0, 0x0, 0x0, 0x2f, 0xff, 0xff, 0xc2, 0x0,
    0x0, 0x0, 0x0, 0x0, 0x0, 0x0, 0x0, 0x0,
    0xcf, 0xff, 0xff, 0xfc, 0x75, 0x20, 0x0, 0x0,
    0x0, 0x0, 0x0, 0x0, 0x4, 0xff, 0xff, 0xff,
    0xff, 0xff, 0xfd, 0xb8, 0x50, 0x0, 0x0, 0x0,
    0x0, 0x7, 0xff, 0xff, 0xff, 0xff, 0xff, 0xff,
    0xff, 0xfa, 0x40, 0x0, 0x0, 0x0, 0x4, 0xcf,
    0xff, 0xff, 0xff, 0xff, 0xff, 0xff, 0xff, 0xc2,
    0x0, 0x0, 0x0, 0x0, 0x28, 0xdf, 0xff, 0xff,
    0xff, 0xff, 0xff, 0xff, 0xe2, 0x0, 0x0, 0x0,
    0x0, 0x0, 0x2, 0x57, 0xac, 0xff, 0xff, 0xff,
    0xff, 0xd0, 0x0, 0x0, 0x0, 0x0, 0x0, 0x0,
    0x0, 0x0, 0x5b, 0xff, 0xff, 0xff, 0x40, 0x0,
    0x0, 0x0, 0x0, 0x0, 0x0, 0x0, 0x0, 0x7,
    0xff, 0xff, 0xf9, 0x0, 0x0, 0x0, 0x0, 0x0,
    0x0, 0x0, 0x0, 0x0, 0xb, 0xff, 0xff, 0xb0,
    0x0, 0x3, 0x0, 0x0, 0x0, 0x0, 0x0, 0x0,
    0x0, 0x8f, 0xff, 0xfd, 0x0, 0x5c, 0xfa, 0x0,
    0x0, 0x0, 0x0, 0x0, 0x0, 0xa, 0xff, 0xff,
    0xb4, 0xef, 0xff, 0xf8, 0x0, 0x0, 0x0, 0x0,
    0x0, 0x4, 0xff, 0xff, 0xf9, 0x1e, 0xff, 0xff,
    0xfc, 0x40, 0x0, 0x0, 0x0, 0x6, 0xff, 0xff,
    0xff, 0x40, 0x5f, 0xff, 0xff, 0xff, 0xe9, 0x75,
    0x67, 0xaf, 0xff, 0xff, 0xff, 0xc0, 0x0, 0x9f,
    0xff, 0xff, 0xff, 0xff, 0xff, 0xff, 0xff, 0xff,
    0xff, 0xe2, 0x0, 0x0, 0x7f, 0xff, 0xff, 0xff,
    0xff, 0xff, 0xff, 0xff, 0xff, 0xe3, 0x0, 0x0,
    0x0, 0x4c, 0xff, 0xff, 0xff, 0xff, 0xff, 0xff,
    0xff, 0x80, 0x0, 0x0, 0x0, 0x0, 0x3, 0x9d,
    0xff, 0xff, 0xff, 0xfd, 0xa6, 0x10, 0x0, 0x0,
    0x0, 0x0, 0x0, 0x0, 0x0, 0x7f, 0xff, 0xf9,
    0x0, 0x0, 0x0, 0x0, 0x0, 0x0, 0x0, 0x0,
    0x0, 0x5, 0xff, 0xff, 0x90, 0x0, 0x0, 0x0,
    0x0, 0x0, 0x0, 0x0, 0x0, 0x0, 0x5f, 0xff,
    0xf9, 0x0, 0x0, 0x0, 0x0, 0x0, 0x0, 0x0,
    0x0, 0x0, 0x5, 0xff, 0xff, 0x90, 0x0, 0x0,
    0x0, 0x0,

    /* U+0025 "%" */
    0x0, 0x0, 0x0, 0x3, 0x67, 0x62, 0x0, 0x0,
    0x0, 0x0, 0x0, 0x0, 0x0, 0x0, 0x0, 0x0,
    0x0, 0x0, 0x0, 0x1c, 0xff, 0xff, 0xfb, 0x10,
    0x0, 0x0, 0x0, 0x5, 0xff, 0xff, 0xf2, 0x0,
    0x0, 0x0, 0x0, 0x3e, 0xff, 0xff, 0xff, 0xfe,
    0x20, 0x0, 0x0, 0x1, 0xef, 0xff, 0xf8, 0x0,
    0x0, 0x0, 0x0, 0xd, 0xff, 0xff, 0xff, 0xff,
    0xfb, 0x0, 0x0, 0x0, 0x9f, 0xff, 0xfd, 0x0,
    0x0, 0x0, 0x0, 0x6, 0xff, 0xfe, 0x52, 0x6f,
    0xff, 0xf4, 0x0, 0x0, 0x4f, 0xff, 0xff, 0x30,
    0x0, 0x0, 0x0, 0x0, 0xaf, 0xff, 0x50, 0x0,
    0x6f, 0xff, 0x80, 0x0, 0xd, 0xff, 0xff, 0x90,
    0x0, 0x0, 0x0, 0x0, 0xc, 0xff, 0xf0, 0x0,
    0x1, 0xff, 0xfb, 0x0, 0x8, 0xff, 0xff, 0xe0,
    0x0, 0x0, 0x0, 0x0, 0x0, 0xdf, 0xff, 0x0,
    0x0, 0x1f, 0xff, 0xb0, 0x3, 0xff, 0xff, 0xf5,
    0x0, 0x0, 0x0, 0x0, 0x0, 0xa, 0xff, 0xf4,
    0x0, 0x6, 0xff, 0xf8, 0x0, 0xdf, 0xff, 0xfa,
    0x0, 0x0, 0x0, 0x0, 0x0, 0x0, 0x7f, 0xff,
    0xe4, 0x4, 0xef, 0xff, 0x50, 0x7f, 0xff, 0xff,
    0x10, 0x0, 0x0, 0x0, 0x0, 0x0, 0x0, 0xef,
    0xff, 0xff, 0xff, 0xff, 0xc0, 0x2f, 0xff, 0xff,
    0x60, 0x0, 0x0, 0x0, 0x0, 0x0, 0x0, 0x4,
    0xff, 0xff, 0xff, 0xff, 0xf3, 0xc, 0xff, 0xff,
    0xc0, 0x0, 0x0, 0x0, 0x0, 0x0, 0x0, 0x0,
    0x3, 0xdf, 0xff, 0xff, 0xd2, 0x6, 0xff, 0xff,
    0xf2, 0x0, 0x0, 0x0, 0x0, 0x0, 0x0, 0x0,
    0x0, 0x0, 0x58, 0x98, 0x40, 0x1, 0xff, 0xff,
    0xf7, 0x0, 0x0, 0x0, 0x0, 0x0, 0x0, 0x0,
    0x0, 0x0, 0x0, 0x0, 0x0, 0x0, 0xaf, 0xff,
    0xfd, 0x0, 0x0, 0x0, 0x0, 0x0, 0x0, 0x0,
    0x0, 0x0, 0x0, 0x0, 0x0, 0x0, 0x5f, 0xff,
    0xff, 0x30, 0x0, 0x0, 0x0, 0x0, 0x0, 0x0,
    0x0, 0x0, 0x0, 0x0, 0x0, 0x0, 0x1e, 0xff,
    0xff, 0x80, 0x0, 0x0, 0x0, 0x0, 0x0, 0x0,
    0x0, 0x0, 0x0, 0x0, 0x0, 0x0, 0x9, 0xff,
    0xff, 0xd0, 0x0, 0x6c, 0xef, 0xea, 0x20, 0x0,
    0x0, 0x0, 0x0, 0x0, 0x0, 0x0, 0x4, 0xff,
    0xff, 0xf4, 0x1, 0xbf, 0xff, 0xff, 0xff, 0x60,
    0x0, 0x0, 0x0, 0x0, 0x0, 0x0, 0x0, 0xdf,
    0xff, 0xfa, 0x0, 0xcf, 0xff, 0xff, 0xff, 0xff,
    0x50, 0x0, 0x0, 0x0, 0x0, 0x0, 0x0, 0x8f,
    0xff, 0xfe, 0x10, 0x6f, 0xff, 0xfc, 0xbe, 0xff,
    0xfe, 0x0, 0x0, 0x0, 0x0, 0x0, 0x0, 0x3f,
    0xff, 0xff, 0x50, 0xc, 0xff, 0xf6, 0x0, 0x1d,
    0xff, 0xf4, 0x0, 0x0, 0x0, 0x0, 0x0, 0xc,
    0xff, 0xff, 0xb0, 0x0, 0xff, 0xfe, 0x0, 0x0,
    0x5f, 0xff, 0x70, 0x0, 0x0, 0x0, 0x0, 0x7,
    0xff, 0xff, 0xf1, 0x0, 0xf, 0xff, 0xc0, 0x0,
    0x4, 0xff, 0xf8, 0x0, 0x0, 0x0, 0x0, 0x2,
    0xff, 0xff, 0xf6, 0x0, 0x0, 0xdf, 0xff, 0x10,
    0x0, 0x8f, 0xff, 0x60, 0x0, 0x0, 0x0, 0x0,
    0xbf, 0xff, 0xfc, 0x0, 0x0, 0xa, 0xff, 0xfc,
    0x42, 0x7f, 0xff, 0xf2, 0x0, 0x0, 0x0, 0x0,
    0x6f, 0xff, 0xff, 0x20, 0x0, 0x0, 0x2f, 0xff,
    0xff, 0xff, 0xff, 0xfa, 0x0, 0x0, 0x0, 0x0,
    0x1e, 0xff, 0xff, 0x80, 0x0, 0x0, 0x0, 0x7f,
    0xff, 0xff, 0xff, 0xfd, 0x10, 0x0, 0x0, 0x0,
    0xa, 0xff, 0xff, 0xd0, 0x0, 0x0, 0x0, 0x0,
    0x4e, 0xff, 0xff, 0xfa, 0x0, 0x0, 0x0, 0x0,
    0x0, 0x0, 0x0, 0x0, 0x0, 0x0, 0x0, 0x0,
    0x0, 0x4, 0x67, 0x62, 0x0, 0x0, 0x0,

    /* U+0026 "&" */
    0x0, 0x0, 0x0, 0x0, 0x36, 0x77, 0x53, 0x10,
    0x0, 0x0, 0x0, 0x0, 0x0, 0x0, 0x3, 0xaf,
    0xff, 0xff, 0xff, 0xfd, 0x70, 0x0, 0x0, 0x0,
    0x0, 0x1, 0xaf, 0xff, 0xff, 0xff, 0xff, 0xff,
    0xfe, 0x40, 0x0, 0x0, 0x0, 0x1d, 0xff, 0xff,
    0xff, 0xff, 0xff, 0xff, 0xff, 0xf5, 0x0, 0x0,
    0x0, 0xcf, 0xff, 0xff, 0xff, 0xff, 0xff, 0xff,
    0xff, 0xfe, 0x10, 0x0, 0x6, 0xff, 0xff, 0xfe,
    0x62, 0x0, 0x14, 0xbf, 0xff, 0xff, 0x80, 0x0,
    0xc, 0xff, 0xff, 0xc0, 0x0, 0x0, 0x0, 0x8,
    0xff, 0xff, 0xd0, 0x0, 0x1f, 0xff, 0xff, 0x20,
    0x0, 0x0, 0x0, 0x0, 0xff, 0xff, 0xf0, 0x0,
    0x3f, 0xff, 0xfd, 0x0, 0x0, 0x0, 0x0, 0x0,
    0x79, 0x99, 0x90, 0x0, 0x3f, 0xff, 0xfc, 0x0,
    0x0, 0x0, 0x0, 0x0, 0x0, 0x0, 0x0, 0x0,
    0x1f, 0xff, 0xff, 0x10, 0x0, 0x0, 0x0, 0x0,
    0x0, 0x0, 0x0, 0x0, 0xc, 0xff, 0xff, 0xc1,
    0x0, 0x0, 0x0, 0x0, 0x0, 0x0, 0x0, 0x0,
    0x6, 0xff, 0xff, 0xfe, 0x82, 0x0, 0x0, 0x0,
    0x0, 0x0, 0x0, 0x0, 0x0, 0xaf, 0xff, 0xff,
    0xff, 0xff, 0xff, 0xff, 0xff, 0xff, 0xff, 0xfc,
    0x0, 0x7, 0xff, 0xff, 0xff, 0xff, 0xff, 0xff,
    0xff, 0xff, 0xff, 0xfc, 0x0, 0x8, 0xff, 0xff,
    0xff, 0xff, 0xff, 0xff, 0xff, 0xff, 0xff, 0xfc,
    0x0, 0xcf, 0xff, 0xff, 0xff, 0xff, 0xff, 0xff,
    0xff, 0xff, 0xff, 0xfc, 0xb, 0xff, 0xff, 0xfd,
    0x64, 0x21, 0x11, 0x11, 0x6f, 0xff, 0xf8, 0x11,
    0x4f, 0xff, 0xff, 0x70, 0x0, 0x0, 0x0, 0x0,
    0x5f, 0xff, 0xf8, 0x0, 0x9f, 0xff, 0xfa, 0x0,
    0x0, 0x0, 0x0, 0x0, 0x5f, 0xff, 0xf8, 0x0,
    0xcf, 0xff, 0xf5, 0x0, 0x0, 0x0, 0x0, 0x0,
    0x5f, 0xff, 0xf8, 0x0, 0xbf, 0xff, 0xf6, 0x0,
    0x0, 0x0, 0x0, 0x0, 0x7f, 0xff, 0xf9, 0x0,
    0xaf, 0xff, 0xfb, 0x0, 0x0, 0x0, 0x0, 0x0,
    0xcf, 0xff, 0xfd, 0x0, 0x7f, 0xff, 0xff, 0x90,
    0x0, 0x0, 0x0, 0x1c, 0xff, 0xff, 0xff, 0xa4,
    0x1f, 0xff, 0xff, 0xfe, 0x84, 0x33, 0x5a, 0xff,
    0xff, 0xff, 0xff, 0xff, 0x9, 0xff, 0xff, 0xff,
    0xff, 0xff, 0xff, 0xff, 0xff, 0xef, 0xff, 0xff,
    0x0, 0xdf, 0xff, 0xff, 0xff, 0xff, 0xff, 0xff,
    0xfe, 0x2b, 0xff, 0xff, 0x0, 0x1b, 0xff, 0xff,
    0xff, 0xff, 0xff, 0xff, 0xe3, 0x2, 0xef, 0xff,
    0x0, 0x0, 0x4b, 0xff, 0xff, 0xff, 0xff, 0xe8,
    0x0, 0x0, 0x19, 0xde, 0x0, 0x0, 0x0, 0x2,
    0x45, 0x77, 0x53, 0x0, 0x0, 0x0, 0x0, 0x0,

    /* U+0027 "'" */
    0x3f, 0xff, 0xf1, 0x3f, 0xff, 0xf1, 0x3f, 0xff,
    0xf1, 0x3f, 0xff, 0xf1, 0x3f, 0xff, 0xf1, 0x3f,
    0xff, 0xf1, 0x3f, 0xff, 0xf1, 0x3f, 0xff, 0xf1,
    0x3f, 0xff, 0xf1, 0x3f, 0xff, 0xf1, 0x28, 0x88,
    0x80,

    /* U+0028 "(" */
    0x0, 0x0, 0x0, 0x0, 0x14, 0x0, 0x0, 0x0,
    0x0, 0x3, 0xef, 0x20, 0x0, 0x0, 0x0, 0x4f,
    0xff, 0xc0, 0x0, 0x0, 0x4, 0xff, 0xff, 0xf7,
    0x0, 0x0, 0x2f, 0xff, 0xff, 0xc0, 0x0, 0x0,
    0xcf, 0xff, 0xfc, 0x10, 0x0, 0x8, 0xff, 0xff,
    0xd1, 0x0, 0x0, 0x2f, 0xff, 0xff, 0x30, 0x0,
    0x0, 0xaf, 0xff, 0xfa, 0x0, 0x0, 0x1, 0xff,
    0xff, 0xf1, 0x0, 0x0, 0x8, 0xff, 0xff, 0x90,
    0x0, 0x0, 0xd, 0xff, 0xff, 0x30, 0x0, 0x0,
    0x2f, 0xff, 0xfe, 0x0, 0x0, 0x0, 0x5f, 0xff,
    0xf9, 0x0, 0x0, 0x0, 0x8f, 0xff, 0xf6, 0x0,
    0x0, 0x0, 0xbf, 0xff, 0xf4, 0x0, 0x0, 0x0,
    0xcf, 0xff, 0xf3, 0x0, 0x0, 0x0, 0xdf, 0xff,
    0xf1, 0x0, 0x0, 0x0, 0xdf, 0xff, 0xf1, 0x0,
    0x0, 0x0, 0xcf, 0xff, 0xf3, 0x0, 0x0, 0x0,
    0xbf, 0xff, 0xf4, 0x0, 0x0, 0x0, 0x9f, 0xff,
    0xf6, 0x0, 0x0, 0x0, 0x6f, 0xff, 0xf8, 0x0,
    0x0, 0x0, 0x3f, 0xff, 0xfd, 0x0, 0x0, 0x0,
    0xe, 0xff, 0xff, 0x20, 0x0, 0x0, 0xa, 0xff,
    0xff, 0x80, 0x0, 0x0, 0x3, 0xff, 0xff, 0xe1,
    0x0, 0x0, 0x0, 0xdf, 0xff, 0xf9, 0x0, 0x0,
    0x0, 0x5f, 0xff, 0xff, 0x30, 0x0, 0x0, 0xc,
    0xff, 0xff, 0xd1, 0x0, 0x0, 0x2, 0xff, 0xff,
    0xfc, 0x10, 0x0, 0x0, 0x6f, 0xff, 0xff, 0xd1,
    0x0, 0x0, 0x9, 0xff, 0xff, 0xf7, 0x0, 0x0,
    0x0, 0xaf, 0xff, 0xc0, 0x0, 0x0, 0x0, 0x8,
    0xfe, 0x10, 0x0, 0x0, 0x0, 0x0, 0x54, 0x0,

    /* U+0029 ")" */
    0x0, 0x32, 0x0, 0x0, 0x0, 0x0, 0x0, 0x1e,
    0xe4, 0x0, 0x0, 0x0, 0x0, 0xa, 0xff, 0xf6,
    0x0, 0x0, 0x0, 0x5, 0xff, 0xff, 0xf5, 0x0,
    0x0, 0x0, 0xa, 0xff, 0xff, 0xf3, 0x0, 0x0,
    0x0, 0xb, 0xff, 0xff, 0xe1, 0x0, 0x0, 0x0,
    0xb, 0xff, 0xff, 0xa0, 0x0, 0x0, 0x0, 0x2f,
    0xff, 0xff, 0x40, 0x0, 0x0, 0x0, 0x8f, 0xff,
    0xfc, 0x0, 0x0, 0x0, 0x0, 0xdf, 0xff, 0xf3,
    0x0, 0x0, 0x0, 0x6, 0xff, 0xff, 0xa0, 0x0,
    0x0, 0x0, 0x1f, 0xff, 0xff, 0x0, 0x0, 0x0,
    0x0, 0xcf, 0xff, 0xf4, 0x0, 0x0, 0x0, 0x7,
    0xff, 0xff, 0x80, 0x0, 0x0, 0x0, 0x4f, 0xff,
    0xfa, 0x0, 0x0, 0x0, 0x2, 0xff, 0xff, 0xd0,
    0x0, 0x0, 0x0, 0xf, 0xff, 0xfe, 0x0, 0x0,
    0x0, 0x0, 0xff, 0xff, 0xf0, 0x0, 0x0, 0x0,
    0xf, 0xff, 0xff, 0x0, 0x0, 0x0, 0x0, 0xff,
    0xff, 0xe0, 0x0, 0x0, 0x0, 0x2f, 0xff, 0xfd,
    0x0, 0x0, 0x0, 0x3, 0xff, 0xff, 0xb0, 0x0,
    0x0, 0x0, 0x6f, 0xff, 0xf8, 0x0, 0x0, 0x0,
    0xb, 0xff, 0xff, 0x50, 0x0, 0x0, 0x0, 0xff,
    0xff, 0xf1, 0x0, 0x0, 0x0, 0x5f, 0xff, 0xfc,
    0x0, 0x0, 0x0, 0xc, 0xff, 0xff, 0x50, 0x0,
    0x0, 0x6, 0xff, 0xff, 0xe0, 0x0, 0x0, 0x1,
    0xff, 0xff, 0xf7, 0x0, 0x0, 0x0, 0xbf, 0xff,
    0xfd, 0x0, 0x0, 0x0, 0xbf, 0xff, 0xff, 0x40,
    0x0, 0x0, 0xbf, 0xff, 0xff, 0x80, 0x0, 0x0,
    0x3f, 0xff, 0xff, 0xb0, 0x0, 0x0, 0x0, 0x8f,
    0xff, 0xb0, 0x0, 0x0, 0x0, 0x0, 0xdf, 0xa0,
    0x0, 0x0, 0x0, 0x0, 0x2, 0x60, 0x0, 0x0,
    0x0, 0x0,

    /* U+002A "*" */
    0x0, 0x0, 0xa, 0xff, 0xf0, 0x0, 0x0, 0x0,
    0x0, 0xa, 0xff, 0xd0, 0x0, 0x0, 0x2, 0x61,
    0x9, 0xff, 0xb0, 0x5, 0x40, 0x7, 0xff, 0xab,
    0xff, 0xc8, 0xef, 0xb0, 0xb, 0xff, 0xff, 0xff,
    0xff, 0xff, 0xf0, 0xf, 0xff, 0xff, 0xff, 0xff,
    0xff, 0xf4, 0x2, 0x58, 0xef, 0xff, 0xff, 0x96,
    0x30, 0x0, 0x3, 0xff, 0xff, 0xff, 0x50, 0x0,
    0x0, 0x1e, 0xff, 0xfe, 0xff, 0xf4, 0x0, 0x0,
    0xcf, 0xff, 0x83, 0xff, 0xff, 0x20, 0x0, 0x4e,
    0xfd, 0x0, 0x8f, 0xf8, 0x0, 0x0, 0x1, 0xb3,
    0x0, 0xc, 0x40, 0x0, 0x0, 0x0, 0x0, 0x0,
    0x0, 0x0, 0x0,

    /* U+002B "+" */
    0x0, 0x0, 0x0, 0x12, 0x22, 0x20, 0x0, 0x0,
    0x0, 0x0, 0x0, 0xa, 0xff, 0xff, 0x0, 0x0,
    0x0, 0x0, 0x0, 0x0, 0xaf, 0xff, 0xf0, 0x0,
    0x0, 0x0, 0x0, 0x0, 0xa, 0xff, 0xff, 0x0,
    0x0, 0x0, 0x0, 0x0, 0x0, 0xaf, 0xff, 0xf0,
    0x0, 0x0, 0x0, 0x0, 0x0, 0xa, 0xff, 0xff,
    0x0, 0x0, 0x0, 0x26, 0x66, 0x66, 0xcf, 0xff,
    0xf6, 0x66, 0x66, 0x56, 0xff, 0xff, 0xff, 0xff,
    0xff, 0xff, 0xff, 0xfd, 0x6f, 0xff, 0xff, 0xff,
    0xff, 0xff, 0xff, 0xff, 0xd6, 0xff, 0xff, 0xff,
    0xff, 0xff, 0xff, 0xff, 0xfd, 0x6f, 0xff, 0xff,
    0xff, 0xff, 0xff, 0xff, 0xff, 0xd0, 0x0, 0x0,
    0xa, 0xff, 0xff, 0x0, 0x0, 0x0, 0x0, 0x0,
    0x0, 0xaf, 0xff, 0xf0, 0x0, 0x0, 0x0, 0x0,
    0x0, 0xa, 0xff, 0xff, 0x0, 0x0, 0x0, 0x0,
    0x0, 0x0, 0xaf, 0xff, 0xf0, 0x0, 0x0, 0x0,
    0x0, 0x0, 0xa, 0xff, 0xff, 0x0, 0x0, 0x0,
    0x0, 0x0, 0x0, 0xaf, 0xff, 0xf0, 0x0, 0x0,
    0x0,

    /* U+002C "," */
    0x0, 0x0, 0x0, 0x0, 0x17, 0xa7, 0x0, 0xd,
    0xff, 0xfb, 0x3, 0xff, 0xff, 0xf1, 0x3f, 0xff,
    0xff, 0x20, 0x9f, 0xff, 0xe0, 0x0, 0x9f, 0xf9,
    0x0, 0xc, 0xff, 0x40, 0x0, 0xff, 0xe0, 0x0,
    0x2f, 0xf9, 0x0,

    /* U+002D "-" */
    0x46, 0x66, 0x66, 0x66, 0x66, 0x66, 0x66, 0x5a,
    0xff, 0xff, 0xff, 0xff, 0xff, 0xff, 0xfb, 0xaf,
    0xff, 0xff, 0xff, 0xff, 0xff, 0xff, 0xba, 0xff,
    0xff, 0xff, 0xff, 0xff, 0xff, 0xfb, 0xaf, 0xff,
    0xff, 0xff, 0xff, 0xff, 0xff, 0xb0,

    /* U+002E "." */
    0x0, 0x0, 0x0, 0x0, 0x6, 0x83, 0x0, 0x1d,
    0xff, 0xf6, 0x6, 0xff, 0xff, 0xe0, 0x8f, 0xff,
    0xff, 0x4, 0xff, 0xff, 0xb0, 0x6, 0xef, 0xb1,
    0x0, 0x0, 0x0, 0x0,

    /* U+002F "/" */
    0x0, 0x0, 0x0, 0x0, 0x0, 0x0, 0x4, 0x77,
    0x77, 0x30, 0x0, 0x0, 0x0, 0x0, 0x0, 0x0,
    0xdf, 0xff, 0xf2, 0x0, 0x0, 0x0, 0x0, 0x0,
    0x0, 0x4f, 0xff, 0xfb, 0x0, 0x0, 0x0, 0x0,
    0x0, 0x0, 0xa, 0xff, 0xff, 0x50, 0x0, 0x0,
    0x0, 0x0, 0x0, 0x1, 0xff, 0xff, 0xe0, 0x0,
    0x0, 0x0, 0x0, 0x0, 0x0, 0x6f, 0xff, 0xf9,
    0x0, 0x0, 0x0, 0x0, 0x0, 0x0, 0xc, 0xff,
    0xff, 0x20, 0x0, 0x0, 0x0, 0x0, 0x0, 0x3,
    0xff, 0xff, 0xc0, 0x0, 0x0, 0x0, 0x0, 0x0,
    0x0, 0x9f, 0xff, 0xf6, 0x0, 0x0, 0x0, 0x0,
    0x0, 0x0, 0xe, 0xff, 0xff, 0x0, 0x0, 0x0,
    0x0, 0x0, 0x0, 0x5, 0xff, 0xff, 0x90, 0x0,
    0x0, 0x0, 0x0, 0x0, 0x0, 0xbf, 0xff, 0xf3,
    0x0, 0x0, 0x0, 0x0, 0x0, 0x0, 0x2f, 0xff,
    0xfd, 0x0, 0x0, 0x0, 0x0, 0x0, 0x0, 0x8,
    0xff, 0xff, 0x70, 0x0, 0x0, 0x0, 0x0, 0x0,
    0x0, 0xef, 0xff, 0xf1, 0x0, 0x0, 0x0, 0x0,
    0x0, 0x0, 0x4f, 0xff, 0xfa, 0x0, 0x0, 0x0,
    0x0, 0x0, 0x0, 0xa, 0xff, 0xff, 0x40, 0x0,
    0x0, 0x0, 0x0, 0x0, 0x1, 0xff, 0xff, 0xe0,
    0x0, 0x0, 0x0, 0x0, 0x0, 0x0, 0x7f, 0xff,
    0xf8, 0x0, 0x0, 0x0, 0x0, 0x0, 0x0, 0xd,
    0xff, 0xff, 0x20, 0x0, 0x0, 0x0, 0x0, 0x0,
    0x3, 0xff, 0xff, 0xb0, 0x0, 0x0, 0x0, 0x0,
    0x0, 0x0, 0xaf, 0xff, 0xf5, 0x0, 0x0, 0x0,
    0x0, 0x0, 0x0, 0xf, 0xff, 0xfe, 0x0, 0x0,
    0x0, 0x0, 0x0, 0x0, 0x6, 0xff, 0xff, 0x90,
    0x0, 0x0, 0x0, 0x0, 0x0, 0x0, 0xcf, 0xff,
    0xf2, 0x0, 0x0, 0x0, 0x0, 0x0, 0x0, 0x2f,
    0xff, 0xfc, 0x0, 0x0, 0x0, 0x0, 0x0, 0x0,
    0x9, 0xff, 0xff, 0x60, 0x0, 0x0, 0x0, 0x0,
    0x0, 0x0, 0xef, 0xff, 0xf0, 0x0, 0x0, 0x0,
    0x0, 0x0, 0x0, 0x5f, 0xff, 0xf9, 0x0, 0x0,
    0x0, 0x0, 0x0, 0x0, 0xb, 0xff, 0xff, 0x30,
    0x0, 0x0, 0x0, 0x0, 0x0, 0x1, 0xff, 0xff,
    0xd0, 0x0, 0x0, 0x0, 0x0, 0x0, 0x0, 0x8f,
    0xff, 0xf7, 0x0, 0x0, 0x0, 0x0, 0x0, 0x0,
    0xe, 0xff, 0xff, 0x10, 0x0, 0x0, 0x0, 0x0,
    0x0, 0x4, 0xff, 0xff, 0xa0, 0x0, 0x0, 0x0,
    0x0, 0x0, 0x0,

    /* U+0030 "0" */
    0x0, 0x0, 0x0, 0x0, 0x0, 0x0, 0x0, 0x0,
    0x0, 0x0, 0x0, 0x0, 0x0, 0x0, 0x0, 0x0,
    0x0, 0x0, 0x0, 0x0, 0x0, 0x0, 0x0, 0x0,
    0x0, 0x0, 0x0, 0x0, 0x0, 0x0, 0x0, 0x0,
    0x0, 0x0, 0x0, 0x0, 0x0, 0x0, 0x0, 0x0,
    0x0, 0x0, 0x0, 0x0, 0x0, 0x0, 0x0, 0x0,
    0x0, 0x0, 0x0, 0x0, 0x0, 0x0, 0x49, 0xbd,
    0xdc, 0xa5, 0x10, 0x0, 0x0, 0x0, 0x0, 0x0,
    0x0, 0x18, 0xef, 0xff, 0xff, 0xff, 0xff, 0xa2,
    0x0, 0x0, 0x0, 0x0, 0x0, 0x3e, 0xff, 0xff,
    0xff, 0xff, 0xff, 0xff, 0xf6, 0x0, 0x0, 0x0,
    0x0, 0x5f, 0xff, 0xff, 0xff, 0xff, 0xff, 0xff,
    0xff, 0xf9, 0x0, 0x0, 0x0, 0x3f, 0xff, 0xff,
    0xff, 0xff, 0xff, 0xff, 0xff, 0xff, 0xf7, 0x0,
    0x0, 0xe, 0xff, 0xff, 0xff, 0x95, 0x21, 0x47,
    0xef, 0xff, 0xff, 0xf3, 0x0, 0x7, 0xff, 0xff,
    0xfd, 0x30, 0x0, 0x0, 0x1, 0xaf, 0xff, 0xff,
    0xc0, 0x0, 0xef, 0xff, 0xfe, 0x10, 0x0, 0x0,
    0x0, 0x0, 0xbf, 0xff, 0xff, 0x30, 0x3f, 0xff,
    0xff, 0x50, 0x0, 0x0, 0x0, 0x0, 0x1, 0xff,
    0xff, 0xf8, 0x8, 0xff, 0xff, 0xc0, 0x0, 0x0,
    0x0, 0x0, 0x0, 0x8, 0xff, 0xff, 0xc0, 0xaf,
    0xff, 0xf8, 0x0, 0x0, 0x0, 0x0, 0x0, 0x0,
    0x3f, 0xff, 0xfe, 0xb, 0xff, 0xff, 0x50, 0x0,
    0x0, 0x0, 0x0, 0x0, 0x1, 0xff, 0xff, 0xf0,
    0xdf, 0xff, 0xf4, 0x0, 0x0, 0x0, 0x0, 0x0,
    0x0, 0xf, 0xff, 0xff, 0x1d, 0xff, 0xff, 0x40,
    0x0, 0x0, 0x0, 0x0, 0x0, 0x0, 0xff, 0xff,
    0xf1, 0xdf, 0xff, 0xf4, 0x0, 0x0, 0x0, 0x0,
    0x0, 0x0, 0xf, 0xff, 0xff, 0x1d, 0xff, 0xff,
    0x40, 0x0, 0x0, 0x0, 0x0, 0x0, 0x0, 0xff,
    0xff, 0xf1, 0xdf, 0xff, 0xf4, 0x0, 0x0, 0x0,
    0x0, 0x0, 0x0, 0xf, 0xff, 0xff, 0x1b, 0xff,
    0xff, 0x50, 0x0, 0x0, 0x0, 0x0, 0x0, 0x1,
    0xff, 0xff, 0xf0, 0xaf, 0xff, 0xf8, 0x0, 0x0,
    0x0, 0x0, 0x0, 0x0, 0x3f, 0xff, 0xfe, 0x8,
    0xff, 0xff, 0xc0, 0x0, 0x0, 0x0, 0x0, 0x0,
    0x8, 0xff, 0xff, 0xc0, 0x3f, 0xff, 0xff, 0x50,
    0x0, 0x0, 0x0, 0x0, 0x2, 0xff, 0xff, 0xf8,
    0x0, 0xef, 0xff, 0xfe, 0x10, 0x0, 0x0, 0x0,
    0x0, 0xbf, 0xff, 0xff, 0x30, 0x7, 0xff, 0xff,
    0xfc, 0x20, 0x0, 0x0, 0x1, 0xaf, 0xff, 0xff,
    0xc0, 0x0, 0xe, 0xff, 0xff, 0xff, 0x84, 0x10,
    0x37, 0xef, 0xff, 0xff, 0xf3, 0x0, 0x0, 0x3f,
    0xff, 0xff, 0xff, 0xff, 0xff, 0xff, 0xff, 0xff,
    0xf7, 0x0, 0x0, 0x0, 0x5f, 0xff, 0xff, 0xff,
    0xff, 0xff, 0xff, 0xff, 0xf9, 0x0, 0x0, 0x0,
    0x0, 0x3e, 0xff, 0xff, 0xff, 0xff, 0xff, 0xff,
    0xf6, 0x0, 0x0, 0x0, 0x0, 0x0, 0x18, 0xef,
    0xff, 0xff, 0xff, 0xff, 0xa2, 0x0, 0x0, 0x0,
    0x0, 0x0, 0x0, 0x0, 0x49, 0xbd, 0xdc, 0xa6,
    0x10, 0x0, 0x0, 0x0, 0x0, 0x0, 0x0, 0x0,
    0x0, 0x0, 0x0, 0x0, 0x0, 0x0, 0x0, 0x0,
    0x0, 0x0, 0x0, 0x0, 0x0, 0x0, 0x0, 0x0,
    0x0, 0x0, 0x0, 0x0, 0x0, 0x0, 0x0, 0x0,
    0x0, 0x0, 0x0, 0x0, 0x0, 0x0, 0x0, 0x0,
    0x0, 0x0, 0x0, 0x0, 0x0, 0x0, 0x0, 0x0,
    0x0, 0x0, 0x0, 0x0, 0x0, 0x0, 0x0,

    /* U+0031 "1" */
    0xcf, 0xff, 0xff, 0xff, 0xf8, 0x0, 0x0, 0xcf,
    0xff, 0xff, 0xff, 0xf8, 0x0, 0x0, 0xcf, 0xff,
    0xff, 0xff, 0xf8, 0x0, 0x0, 0xcf, 0xff, 0xff,
    0xff, 0xf8, 0x0, 0x0, 0x9b, 0xbb, 0xef, 0xff,
    0xf8, 0x0, 0x0, 0x0, 0x0, 0x8f, 0xff, 0xf8,
    0x0, 0x0, 0x0, 0x0, 0x8f, 0xff, 0xf8, 0x0,
    0x0, 0x0, 0x0, 0x8f, 0xff, 0xf8, 0x0, 0x0,
    0x0, 0x0, 0x8f, 0xff, 0xf8, 0x0, 0x0, 0x0,
    0x0, 0x8f, 0xff, 0xf8, 0x0, 0x0, 0x0, 0x0,
    0x8f, 0xff, 0xf8, 0x0, 0x0, 0x0, 0x0, 0x8f,
    0xff, 0xf8, 0x0, 0x0, 0x0, 0x0, 0x8f, 0xff,
    0xf8, 0x0, 0x0, 0x0, 0x0, 0x8f, 0xff, 0xf8,
    0x0, 0x0, 0x0, 0x0, 0x8f, 0xff, 0xf8, 0x0,
    0x0, 0x0, 0x0, 0x8f, 0xff, 0xf8, 0x0, 0x0,
    0x0, 0x0, 0x8f, 0xff, 0xf8, 0x0, 0x0, 0x0,
    0x0, 0x8f, 0xff, 0xf8, 0x0, 0x0, 0x0, 0x0,
    0x8f, 0xff, 0xf8, 0x0, 0x0, 0x0, 0x0, 0x8f,
    0xff, 0xf8, 0x0, 0x0, 0x0, 0x0, 0x8f, 0xff,
    0xf8, 0x0, 0x0, 0x0, 0x0, 0x8f, 0xff, 0xf8,
    0x0, 0x0, 0x0, 0x0, 0x8f, 0xff, 0xf8, 0x0,
    0x0, 0x46, 0x66, 0xbf, 0xff, 0xfb, 0x66, 0x62,
    0xaf, 0xff, 0xff, 0xff, 0xff, 0xff, 0xf5, 0xaf,
    0xff, 0xff, 0xff, 0xff, 0xff, 0xf5, 0xaf, 0xff,
    0xff, 0xff, 0xff, 0xff, 0xf5, 0xaf, 0xff, 0xff,
    0xff, 0xff, 0xff, 0xf5,

    /* U+0032 "2" */
    0x0, 0x0, 0x0, 0x0, 0x24, 0x67, 0x53, 0x10,
    0x0, 0x0, 0x0, 0x0, 0x0, 0x0, 0x5b, 0xff,
    0xff, 0xff, 0xff, 0xe9, 0x30, 0x0, 0x0, 0x0,
    0x2, 0xcf, 0xff, 0xff, 0xff, 0xff, 0xff, 0xff,
    0xa1, 0x0, 0x0, 0x3, 0xef, 0xff, 0xff, 0xff,
    0xff, 0xff, 0xff, 0xff, 0xe2, 0x0, 0x1, 0xef,
    0xff, 0xff, 0xff, 0xff, 0xff, 0xff, 0xff, 0xff,
    0xd0, 0x0, 0x9f, 0xff, 0xff, 0xf9, 0x31, 0x2,
    0x4a, 0xff, 0xff, 0xff, 0x80, 0xf, 0xff, 0xff,
    0xd1, 0x0, 0x0, 0x0, 0x2, 0xef, 0xff, 0xfe,
    0x4, 0xff, 0xff, 0xf2, 0x0, 0x0, 0x0, 0x0,
    0x3, 0xff, 0xff, 0xf3, 0x5f, 0xff, 0xfd, 0x0,
    0x0, 0x0, 0x0, 0x0, 0xe, 0xff, 0xff, 0x50,
    0x0, 0x0, 0x0, 0x0, 0x0, 0x0, 0x0, 0x0,
    0xaf, 0xff, 0xf7, 0x0, 0x0, 0x0, 0x0, 0x0,
    0x0, 0x0, 0x0, 0xc, 0xff, 0xff, 0x60, 0x0,
    0x0, 0x0, 0x0, 0x0, 0x0, 0x0, 0x4, 0xff,
    0xff, 0xf4, 0x0, 0x0, 0x0, 0x0, 0x0, 0x0,
    0x0, 0x18, 0xff, 0xff, 0xff, 0x10, 0x0, 0x0,
    0x0, 0x46, 0x79, 0xbc, 0xdf, 0xff, 0xff, 0xff,
    0xa0, 0x0, 0x0, 0x3a, 0xff, 0xff, 0xff, 0xff,
    0xff, 0xff, 0xff, 0xf2, 0x0, 0x0, 0x9f, 0xff,
    0xff, 0xff, 0xff, 0xff, 0xff, 0xff, 0xf5, 0x0,
    0x0, 0xbf, 0xff, 0xff, 0xff, 0xff, 0xff, 0xff,
    0xff, 0xb2, 0x0, 0x0, 0x7f, 0xff, 0xff, 0xff,
    0xff, 0xfe, 0xdc, 0xa7, 0x20, 0x0, 0x0, 0xe,
    0xff, 0xff, 0xfd, 0x73, 0x10, 0x0, 0x0, 0x0,
    0x0, 0x0, 0x4, 0xff, 0xff, 0xf9, 0x0, 0x0,
    0x0, 0x0, 0x0, 0x0, 0x0, 0x0, 0x6f, 0xff,
    0xfd, 0x0, 0x0, 0x0, 0x0, 0x0, 0x0, 0x0,
    0x0, 0x8, 0xff, 0xff, 0xa0, 0x0, 0x0, 0x0,
    0x0, 0x0, 0x0, 0x0, 0x0, 0x8f, 0xff, 0xf9,
    0x0, 0x0, 0x0, 0x0, 0x0, 0x0, 0x0, 0x0,
    0x8, 0xff, 0xff, 0x90, 0x0, 0x0, 0x0, 0x0,
    0x0, 0x0, 0x0, 0x0, 0x8f, 0xff, 0xff, 0xdd,
    0xdd, 0xdd, 0xdd, 0xdd, 0xdd, 0xdd, 0xdd, 0x78,
    0xff, 0xff, 0xff, 0xff, 0xff, 0xff, 0xff, 0xff,
    0xff, 0xff, 0xf8, 0x8f, 0xff, 0xff, 0xff, 0xff,
    0xff, 0xff, 0xff, 0xff, 0xff, 0xff, 0x88, 0xff,
    0xff, 0xff, 0xff, 0xff, 0xff, 0xff, 0xff, 0xff,
    0xff, 0xf8, 0x8f, 0xff, 0xff, 0xff, 0xff, 0xff,
    0xff, 0xff, 0xff, 0xff, 0xff, 0x80,

    /* U+0033 "3" */
    0x0, 0x0, 0x0, 0x0, 0x13, 0x57, 0x76, 0x30,
    0x0, 0x0, 0x0, 0x0, 0x0, 0x0, 0x2, 0x9e,
    0xff, 0xff, 0xff, 0xff, 0xa4, 0x0, 0x0, 0x0,
    0x0, 0x0, 0xaf, 0xff, 0xff, 0xff, 0xff, 0xff,
    0xff, 0xb1, 0x0, 0x0, 0x0, 0x1d, 0xff, 0xff,
    0xff, 0xff, 0xff, 0xff, 0xff, 0xfe, 0x20, 0x0,
    0x0, 0xcf, 0xff, 0xff, 0xff, 0xff, 0xff, 0xff,
    0xff, 0xff, 0xd0, 0x0, 0x5, 0xff, 0xff, 0xff,
    0xd8, 0x54, 0x46, 0xbf, 0xff, 0xff, 0xf9, 0x0,
    0xc, 0xff, 0xff, 0xf6, 0x0, 0x0, 0x0, 0x3,
    0xdf, 0xff, 0xfe, 0x0, 0xf, 0xff, 0xff, 0x60,
    0x0, 0x0, 0x0, 0x0, 0x3f, 0xff, 0xff, 0x30,
    0x1d, 0xdd, 0xdd, 0x0, 0x0, 0x0, 0x0, 0x0,
    0xd, 0xff, 0xff, 0x50, 0x0, 0x0, 0x0, 0x0,
    0x0, 0x0, 0x0, 0x0, 0xc, 0xff, 0xff, 0x60,
    0x0, 0x0, 0x0, 0x0, 0x0, 0x0, 0x0, 0x0,
    0x1f, 0xff, 0xff, 0x40, 0x0, 0x0, 0x0, 0x0,
    0x0, 0x0, 0x0, 0x1, 0xdf, 0xff, 0xfe, 0x0,
    0x0, 0x0, 0x0, 0x1, 0x44, 0x44, 0x56, 0xbf,
    0xff, 0xff, 0xf7, 0x0, 0x0, 0x0, 0x0, 0x5,
    0xff, 0xff, 0xff, 0xff, 0xff, 0xff, 0xa0, 0x0,
    0x0, 0x0, 0x0, 0x5, 0xff, 0xff, 0xff, 0xff,
    0xff, 0xf6, 0x0, 0x0, 0x0, 0x0, 0x0, 0x5,
    0xff, 0xff, 0xff, 0xff, 0xff, 0xfb, 0x20, 0x0,
    0x0, 0x0, 0x0, 0x5, 0xff, 0xff, 0xff, 0xff,
    0xff, 0xff, 0xf3, 0x0, 0x0, 0x0, 0x0, 0x0,
    0x0, 0x0, 0x1, 0x49, 0xff, 0xff, 0xfe, 0x10,
    0x0, 0x0, 0x0, 0x0, 0x0, 0x0, 0x0, 0x0,
    0x3f, 0xff, 0xff, 0x80, 0x0, 0x0, 0x0, 0x0,
    0x0, 0x0, 0x0, 0x0, 0x8, 0xff, 0xff, 0xe0,
    0x0, 0x0, 0x0, 0x0, 0x0, 0x0, 0x0, 0x0,
    0x5, 0xff, 0xff, 0xf1, 0x8f, 0xff, 0xfb, 0x0,
    0x0, 0x0, 0x0, 0x0, 0x6, 0xff, 0xff, 0xf0,
    0x6f, 0xff, 0xff, 0x10, 0x0, 0x0, 0x0, 0x0,
    0xd, 0xff, 0xff, 0xe0, 0x2f, 0xff, 0xff, 0xe3,
    0x0, 0x0, 0x0, 0x1, 0xcf, 0xff, 0xff, 0xa0,
    0xb, 0xff, 0xff, 0xff, 0xc7, 0x42, 0x35, 0xaf,
    0xff, 0xff, 0xff, 0x30, 0x2, 0xff, 0xff, 0xff,
    0xff, 0xff, 0xff, 0xff, 0xff, 0xff, 0xf9, 0x0,
    0x0, 0x5f, 0xff, 0xff, 0xff, 0xff, 0xff, 0xff,
    0xff, 0xff, 0xb0, 0x0, 0x0, 0x3, 0xdf, 0xff,
    0xff, 0xff, 0xff, 0xff, 0xff, 0xf7, 0x0, 0x0,
    0x0, 0x0, 0x5, 0xbf, 0xff, 0xff, 0xff, 0xff,
    0xd7, 0x10, 0x0, 0x0, 0x0, 0x0, 0x0, 0x0,
    0x24, 0x67, 0x64, 0x31, 0x0, 0x0, 0x0, 0x0,

    /* U+0034 "4" */
    0x0, 0x0, 0x0, 0x0, 0x0, 0x0, 0xdf, 0xff,
    0xff, 0xff, 0x50, 0x0, 0x0, 0x0, 0x0, 0x0,
    0x0, 0x8, 0xff, 0xff, 0xff, 0xff, 0x50, 0x0,
    0x0, 0x0, 0x0, 0x0, 0x0, 0x4f, 0xff, 0xff,
    0xff, 0xff, 0x50, 0x0, 0x0, 0x0, 0x0, 0x0,
    0x1, 0xef, 0xff, 0xff, 0xff, 0xff, 0x50, 0x0,
    0x0, 0x0, 0x0, 0x0, 0xa, 0xff, 0xff, 0xff,
    0xff, 0xff, 0x50, 0x0, 0x0, 0x0, 0x0, 0x0,
    0x5f, 0xff, 0xff, 0xbb, 0xff, 0xff, 0x50, 0x0,
    0x0, 0x0, 0x0, 0x1, 0xef, 0xff, 0xfe, 0x1b,
    0xff, 0xff, 0x50, 0x0, 0x0, 0x0, 0x0, 0xb,
    0xff, 0xff, 0xf4, 0xb, 0xff, 0xff, 0x50, 0x0,
    0x0, 0x0, 0x0, 0x7f, 0xff, 0xff, 0x90, 0xb,
    0xff, 0xff, 0x50, 0x0, 0x0, 0x0, 0x2, 0xff,
    0xff, 0xfd, 0x0, 0xb, 0xff, 0xff, 0x50, 0x0,
    0x0, 0x0, 0xd, 0xff, 0xff, 0xf3, 0x0, 0xb,
    0xff, 0xff, 0x50, 0x0, 0x0, 0x0, 0x8f, 0xff,
    0xff, 0x80, 0x0, 0xb, 0xff, 0xff, 0x50, 0x0,
    0x0, 0x4, 0xff, 0xff, 0xfc, 0x0, 0x0, 0xb,
    0xff, 0xff, 0x50, 0x0, 0x0, 0x1e, 0xff, 0xff,
    0xf2, 0x0, 0x0, 0xb, 0xff, 0xff, 0x50, 0x0,
    0x0, 0xaf, 0xff, 0xff, 0x60, 0x0, 0x0, 0xb,
    0xff, 0xff, 0x50, 0x0, 0x5, 0xff, 0xff, 0xfb,
    0x0, 0x0, 0x0, 0xb, 0xff, 0xff, 0x50, 0x0,
    0x1e, 0xff, 0xff, 0xe1, 0x0, 0x0, 0x0, 0xb,
    0xff, 0xff, 0x50, 0x0, 0xaf, 0xff, 0xff, 0x60,
    0x0, 0x0, 0x0, 0xb, 0xff, 0xff, 0x50, 0x0,
    0xbf, 0xff, 0xff, 0xff, 0xff, 0xff, 0xff, 0xff,
    0xff, 0xff, 0xff, 0xf8, 0xaf, 0xff, 0xff, 0xff,
    0xff, 0xff, 0xff, 0xff, 0xff, 0xff, 0xff, 0xf8,
    0x8f, 0xff, 0xff, 0xff, 0xff, 0xff, 0xff, 0xff,
    0xff, 0xff, 0xff, 0xf8, 0x7f, 0xff, 0xff, 0xff,
    0xff, 0xff, 0xff, 0xff, 0xff, 0xff, 0xff, 0xf8,
    0x5f, 0xff, 0xff, 0xff, 0xff, 0xff, 0xff, 0xff,
    0xff, 0xff, 0xff, 0xf8, 0x0, 0x0, 0x0, 0x0,
    0x0, 0x0, 0x0, 0xb, 0xff, 0xff, 0x50, 0x0,
    0x0, 0x0, 0x0, 0x0, 0x0, 0x0, 0x0, 0xb,
    0xff, 0xff, 0x50, 0x0, 0x0, 0x0, 0x0, 0x0,
    0x0, 0x0, 0x0, 0xb, 0xff, 0xff, 0x50, 0x0,
    0x0, 0x0, 0x0, 0x0, 0x0, 0x0, 0x0, 0xb,
    0xff, 0xff, 0x50, 0x0, 0x0, 0x0, 0x0, 0x0,
    0x0, 0x0, 0x0, 0xb, 0xff, 0xff, 0x50, 0x0,

    /* U+0035 "5" */
    0xf, 0xff, 0xff, 0xff, 0xff, 0xff, 0xff, 0xff,
    0xff, 0xff, 0xc0, 0x0, 0xff, 0xff, 0xff, 0xff,
    0xff, 0xff, 0xff, 0xff, 0xff, 0xfc, 0x0, 0xf,
    0xff, 0xff, 0xff, 0xff, 0xff, 0xff, 0xff, 0xff,
    0xff, 0xc0, 0x0, 0xff, 0xff, 0xff, 0xff, 0xff,
    0xff, 0xff, 0xff, 0xff, 0xfc, 0x0, 0xf, 0xff,
    0xff, 0xee, 0xee, 0xee, 0xee, 0xee, 0xee, 0xee,
    0xa0, 0x0, 0xff, 0xff, 0xf0, 0x0, 0x0, 0x0,
    0x0, 0x0, 0x0, 0x0, 0x0, 0xf, 0xff, 0xff,
    0x0, 0x0, 0x0, 0x0, 0x0, 0x0, 0x0, 0x0,
    0x0, 0xff, 0xff, 0xf0, 0x0, 0x0, 0x0, 0x0,
    0x0, 0x0, 0x0, 0x0, 0xf, 0xff, 0xff, 0x0,
    0x0, 0x0, 0x0, 0x0, 0x0, 0x0, 0x0, 0x0,
    0xff, 0xff, 0xf0, 0x0, 0x0, 0x0, 0x0, 0x0,
    0x0, 0x0, 0x0, 0xf, 0xff, 0xff, 0xdd, 0xdd,
    0xdd, 0xcb, 0x85, 0x0, 0x0, 0x0, 0x0, 0xff,
    0xff, 0xff, 0xff, 0xff, 0xff, 0xff, 0xff, 0xa2,
    0x0, 0x0, 0xf, 0xff, 0xff, 0xff, 0xff, 0xff,
    0xff, 0xff, 0xff, 0xf5, 0x0, 0x0, 0xff, 0xff,
    0xff, 0xff, 0xff, 0xff, 0xff, 0xff, 0xff, 0xf6,
    0x0, 0xf, 0xff, 0xff, 0xff, 0xff, 0xff, 0xff,
    0xff, 0xff, 0xff, 0xf2, 0x0, 0x0, 0x0, 0x0,
    0x0, 0x0, 0x1, 0x39, 0xef, 0xff, 0xff, 0x90,
    0x0, 0x0, 0x0, 0x0, 0x0, 0x0, 0x0, 0x2,
    0xdf, 0xff, 0xfe, 0x0, 0x0, 0x0, 0x0, 0x0,
    0x0, 0x0, 0x0, 0x2, 0xff, 0xff, 0xf1, 0x0,
    0x0, 0x0, 0x0, 0x0, 0x0, 0x0, 0x0, 0xe,
    0xff, 0xff, 0x32, 0x33, 0x33, 0x10, 0x0, 0x0,
    0x0, 0x0, 0x0, 0xef, 0xff, 0xf3, 0x8f, 0xff,
    0xf9, 0x0, 0x0, 0x0, 0x0, 0x0, 0x1f, 0xff,
    0xff, 0x26, 0xff, 0xff, 0xe1, 0x0, 0x0, 0x0,
    0x0, 0x9, 0xff, 0xff, 0xf0, 0x2f, 0xff, 0xff,
    0xe3, 0x0, 0x0, 0x0, 0x9, 0xff, 0xff, 0xfa,
    0x0, 0xdf, 0xff, 0xff, 0xfc, 0x86, 0x56, 0x9f,
    0xff, 0xff, 0xff, 0x30, 0x4, 0xff, 0xff, 0xff,
    0xff, 0xff, 0xff, 0xff, 0xff, 0xff, 0x90, 0x0,
    0x7, 0xff, 0xff, 0xff, 0xff, 0xff, 0xff, 0xff,
    0xff, 0xa0, 0x0, 0x0, 0x5, 0xef, 0xff, 0xff,
    0xff, 0xff, 0xff, 0xff, 0x80, 0x0, 0x0, 0x0,
    0x0, 0x7c, 0xff, 0xff, 0xff, 0xff, 0xe9, 0x20,
    0x0, 0x0, 0x0, 0x0, 0x0, 0x1, 0x24, 0x67,
    0x75, 0x20, 0x0, 0x0, 0x0, 0x0,

    /* U+0036 "6" */
    0x0, 0x0, 0x0, 0x0, 0x35, 0x77, 0x54, 0x20,
    0x0, 0x0, 0x0, 0x0, 0x0, 0x0, 0x4a, 0xff,
    0xff, 0xff, 0xff, 0xfb, 0x60, 0x0, 0x0, 0x0,
    0x2, 0xcf, 0xff, 0xff, 0xff, 0xff, 0xff, 0xff,
    0xe4, 0x0, 0x0, 0x4, 0xff, 0xff, 0xff, 0xff,
    0xff, 0xff, 0xff, 0xff, 0xf6, 0x0, 0x2, 0xff,
    0xff, 0xff, 0xff, 0xff, 0xff, 0xff, 0xff, 0xff,
    0xf3, 0x0, 0xcf, 0xff, 0xff, 0xfa, 0x42, 0x1,
    0x49, 0xef, 0xff, 0xff, 0xd0, 0x3f, 0xff, 0xff,
    0xd2, 0x0, 0x0, 0x0, 0x1, 0xcf, 0xff, 0xff,
    0x39, 0xff, 0xff, 0xe2, 0x0, 0x0, 0x0, 0x0,
    0x0, 0xef, 0xff, 0xf6, 0xbf, 0xff, 0xf7, 0x0,
    0x0, 0x0, 0x0, 0x0, 0x9, 0xdd, 0xdd, 0x7d,
    0xff, 0xff, 0x40, 0x0, 0x0, 0x0, 0x0, 0x0,
    0x0, 0x0, 0x0, 0xdf, 0xff, 0xf3, 0x0, 0x0,
    0x0, 0x0, 0x0, 0x0, 0x0, 0x0, 0xd, 0xff,
    0xff, 0x30, 0x6, 0xbe, 0xff, 0xeb, 0x83, 0x0,
    0x0, 0x0, 0xdf, 0xff, 0xf3, 0x5e, 0xff, 0xff,
    0xff, 0xff, 0xfd, 0x50, 0x0, 0xd, 0xff, 0xff,
    0x9f, 0xff, 0xff, 0xff, 0xff, 0xff, 0xff, 0xb0,
    0x0, 0xdf, 0xff, 0xff, 0xff, 0xff, 0xff, 0xff,
    0xff, 0xff, 0xff, 0xc0, 0xd, 0xff, 0xff, 0xff,
    0xff, 0xca, 0x9a, 0xcf, 0xff, 0xff, 0xff, 0x80,
    0xdf, 0xff, 0xff, 0xf9, 0x20, 0x0, 0x0, 0x19,
    0xff, 0xff, 0xff, 0x1d, 0xff, 0xff, 0xf6, 0x0,
    0x0, 0x0, 0x0, 0x6, 0xff, 0xff, 0xf6, 0xdf,
    0xff, 0xfa, 0x0, 0x0, 0x0, 0x0, 0x0, 0xb,
    0xff, 0xff, 0xad, 0xff, 0xff, 0x50, 0x0, 0x0,
    0x0, 0x0, 0x0, 0x7f, 0xff, 0xfb, 0xdf, 0xff,
    0xf4, 0x0, 0x0, 0x0, 0x0, 0x0, 0x5, 0xff,
    0xff, 0xcb, 0xff, 0xff, 0x80, 0x0, 0x0, 0x0,
    0x0, 0x0, 0x7f, 0xff, 0xfa, 0x8f, 0xff, 0xfe,
    0x10, 0x0, 0x0, 0x0, 0x0, 0x1e, 0xff, 0xff,
    0x82, 0xff, 0xff, 0xfd, 0x20, 0x0, 0x0, 0x0,
    0x2d, 0xff, 0xff, 0xf2, 0xb, 0xff, 0xff, 0xff,
    0xb6, 0x42, 0x46, 0xbf, 0xff, 0xff, 0xfa, 0x0,
    0x1e, 0xff, 0xff, 0xff, 0xff, 0xff, 0xff, 0xff,
    0xff, 0xfe, 0x10, 0x0, 0x2d, 0xff, 0xff, 0xff,
    0xff, 0xff, 0xff, 0xff, 0xfd, 0x20, 0x0, 0x0,
    0x1a, 0xff, 0xff, 0xff, 0xff, 0xff, 0xff, 0xfa,
    0x10, 0x0, 0x0, 0x0, 0x3, 0x9e, 0xff, 0xff,
    0xff, 0xfe, 0x93, 0x0, 0x0, 0x0, 0x0, 0x0,
    0x0, 0x2, 0x56, 0x76, 0x52, 0x0, 0x0, 0x0,
    0x0,

    /* U+0037 "7" */
    0x3f, 0xff, 0xff, 0xff, 0xff, 0xff, 0xff, 0xff,
    0xff, 0xff, 0xd0, 0x3f, 0xff, 0xff, 0xff, 0xff,
    0xff, 0xff, 0xff, 0xff, 0xff, 0xf0, 0x3f, 0xff,
    0xff, 0xff, 0xff, 0xff, 0xff, 0xff, 0xff, 0xff,
    0xf0, 0x3f, 0xff, 0xff, 0xff, 0xff, 0xff, 0xff,
    0xff, 0xff, 0xff, 0xb0, 0x3f, 0xff, 0xff, 0xff,
    0xff, 0xff, 0xff, 0xff, 0xff, 0xff, 0x40, 0x0,
    0x0, 0x0, 0x0, 0x0, 0x0, 0x2, 0xff, 0xff,
    0xfc, 0x0, 0x0, 0x0, 0x0, 0x0, 0x0, 0x0,
    0xa, 0xff, 0xff, 0xf4, 0x0, 0x0, 0x0, 0x0,
    0x0, 0x0, 0x0, 0x2f, 0xff, 0xff, 0xc0, 0x0,
    0x0, 0x0, 0x0, 0x0, 0x0, 0x0, 0xaf, 0xff,
    0xff, 0x50, 0x0, 0x0, 0x0, 0x0, 0x0, 0x0,
    0x2, 0xff, 0xff, 0xfd, 0x0, 0x0, 0x0, 0x0,
    0x0, 0x0, 0x0, 0x9, 0xff, 0xff, 0xf5, 0x0,
    0x0, 0x0, 0x0, 0x0, 0x0, 0x0, 0x1f, 0xff,
    0xff, 0xd0, 0x0, 0x0, 0x0, 0x0, 0x0, 0x0,
    0x0, 0x9f, 0xff, 0xff, 0x60, 0x0, 0x0, 0x0,
    0x0, 0x0, 0x0, 0x1, 0xff, 0xff, 0xfe, 0x0,
    0x0, 0x0, 0x0, 0x0, 0x0, 0x0, 0x8, 0xff,
    0xff, 0xf6, 0x0, 0x0, 0x0, 0x0, 0x0, 0x0,
    0x0, 0x1f, 0xff, 0xff, 0xe0, 0x0, 0x0, 0x0,
    0x0, 0x0, 0x0, 0x0, 0x8f, 0xff, 0xff, 0x70,
    0x0, 0x0, 0x0, 0x0, 0x0, 0x0, 0x0, 0xef,
    0xff, 0xfe, 0x0, 0x0, 0x0, 0x0, 0x0, 0x0,
    0x0, 0x7, 0xff, 0xff, 0xf7, 0x0, 0x0, 0x0,
    0x0, 0x0, 0x0, 0x0, 0xe, 0xff, 0xff, 0xe0,
    0x0, 0x0, 0x0, 0x0, 0x0, 0x0, 0x0, 0x7f,
    0xff, 0xff, 0x70, 0x0, 0x0, 0x0, 0x0, 0x0,
    0x0, 0x0, 0xef, 0xff, 0xff, 0x10, 0x0, 0x0,
    0x0, 0x0, 0x0, 0x0, 0x6, 0xff, 0xff, 0xf8,
    0x0, 0x0, 0x0, 0x0, 0x0, 0x0, 0x0, 0xe,
    0xff, 0xff, 0xf1, 0x0, 0x0, 0x0, 0x0, 0x0,
    0x0, 0x0, 0x6f, 0xff, 0xff, 0x80, 0x0, 0x0,
    0x0, 0x0, 0x0, 0x0, 0x0, 0xdf, 0xff, 0xff,
    0x10, 0x0, 0x0, 0x0, 0x0, 0x0, 0x0, 0x5,
    0xff, 0xff, 0xf9, 0x0, 0x0, 0x0, 0x0, 0x0,
    0x0, 0x0, 0xd, 0xff, 0xff, 0xf1, 0x0, 0x0,
    0x0, 0x0, 0x0, 0x0,

    /* U+0038 "8" */
    0x0, 0x0, 0x0, 0x0, 0x3, 0x56, 0x76, 0x53,
    0x0, 0x0, 0x0, 0x0, 0x0, 0x0, 0x0, 0x4,
    0xaf, 0xff, 0xff, 0xff, 0xff, 0xa4, 0x0, 0x0,
    0x0, 0x0, 0x0, 0x2b, 0xff, 0xff, 0xff, 0xff,
    0xff, 0xff, 0xfc, 0x20, 0x0, 0x0, 0x0, 0x3e,
    0xff, 0xff, 0xff, 0xff, 0xff, 0xff, 0xff, 0xff,
    0x40, 0x0, 0x0, 0x1e, 0xff, 0xff, 0xff, 0xff,
    0xef, 0xff, 0xff, 0xff, 0xff, 0x20, 0x0, 0x9,
    0xff, 0xff, 0xfe, 0x72, 0x0, 0x1, 0x6d, 0xff,
    0xff, 0xfc, 0x0, 0x0, 0xff, 0xff, 0xfd, 0x10,
    0x0, 0x0, 0x0, 0xb, 0xff, 0xff, 0xf3, 0x0,
    0x4f, 0xff, 0xff, 0x20, 0x0, 0x0, 0x0, 0x0,
    0xf, 0xff, 0xff, 0x80, 0x6, 0xff, 0xff, 0xe0,
    0x0, 0x0, 0x0, 0x0, 0x0, 0xcf, 0xff, 0xfa,
    0x0, 0x6f, 0xff, 0xfe, 0x0, 0x0, 0x0, 0x0,
    0x0, 0xd, 0xff, 0xff, 0xa0, 0x4, 0xff, 0xff,
    0xf4, 0x0, 0x0, 0x0, 0x0, 0x2, 0xff, 0xff,
    0xf8, 0x0, 0xe, 0xff, 0xff, 0xf3, 0x0, 0x0,
    0x0, 0x1, 0xdf, 0xff, 0xff, 0x20, 0x0, 0x7f,
    0xff, 0xff, 0xfa, 0x42, 0x1, 0x39, 0xff, 0xff,
    0xff, 0x90, 0x0, 0x0, 0xaf, 0xff, 0xff, 0xff,
    0xff, 0xff, 0xff, 0xff, 0xff, 0xa0, 0x0, 0x0,
    0x0, 0x7f, 0xff, 0xff, 0xff, 0xff, 0xff, 0xff,
    0xff, 0x90, 0x0, 0x0, 0x0, 0x6e, 0xff, 0xff,
    0xff, 0xff, 0xff, 0xff, 0xff, 0xff, 0xb1, 0x0,
    0x0, 0x7f, 0xff, 0xff, 0xff, 0xfe, 0xde, 0xff,
    0xff, 0xff, 0xff, 0xb0, 0x0, 0x3f, 0xff, 0xff,
    0xfa, 0x40, 0x0, 0x0, 0x38, 0xff, 0xff, 0xff,
    0x70, 0xb, 0xff, 0xff, 0xf4, 0x0, 0x0, 0x0,
    0x0, 0x3, 0xef, 0xff, 0xfd, 0x0, 0xff, 0xff,
    0xf7, 0x0, 0x0, 0x0, 0x0, 0x0, 0x5, 0xff,
    0xff, 0xf2, 0x2f, 0xff, 0xff, 0x30, 0x0, 0x0,
    0x0, 0x0, 0x0, 0x1f, 0xff, 0xff, 0x42, 0xff,
    0xff, 0xf5, 0x0, 0x0, 0x0, 0x0, 0x0, 0x4,
    0xff, 0xff, 0xf3, 0xf, 0xff, 0xff, 0xc0, 0x0,
    0x0, 0x0, 0x0, 0x0, 0xbf, 0xff, 0xff, 0x20,
    0xbf, 0xff, 0xff, 0xb2, 0x0, 0x0, 0x0, 0x1,
    0xaf, 0xff, 0xff, 0xd0, 0x5, 0xff, 0xff, 0xff,
    0xfb, 0x75, 0x45, 0x7a, 0xff, 0xff, 0xff, 0xf7,
    0x0, 0xb, 0xff, 0xff, 0xff, 0xff, 0xff, 0xff,
    0xff, 0xff, 0xff, 0xfc, 0x0, 0x0, 0x1c, 0xff,
    0xff, 0xff, 0xff, 0xff, 0xff, 0xff, 0xff, 0xfc,
    0x10, 0x0, 0x0, 0x8, 0xff, 0xff, 0xff, 0xff,
    0xff, 0xff, 0xff, 0xf8, 0x0, 0x0, 0x0, 0x0,
    0x1, 0x7c, 0xff, 0xff, 0xff, 0xff, 0xfd, 0x81,
    0x0, 0x0, 0x0, 0x0, 0x0, 0x0, 0x1, 0x36,
    0x77, 0x76, 0x41, 0x0, 0x0, 0x0, 0x0,

    /* U+0039 "9" */
    0x0, 0x0, 0x0, 0x0, 0x25, 0x67, 0x65, 0x20,
    0x0, 0x0, 0x0, 0x0, 0x0, 0x0, 0x29, 0xef,
    0xff, 0xff, 0xff, 0xe8, 0x20, 0x0, 0x0, 0x0,
    0x1, 0x9f, 0xff, 0xff, 0xff, 0xff, 0xff, 0xff,
    0x91, 0x0, 0x0, 0x1, 0xdf, 0xff, 0xff, 0xff,
    0xff, 0xff, 0xff, 0xff, 0xd1, 0x0, 0x1, 0xef,
    0xff, 0xff, 0xff, 0xff, 0xff, 0xff, 0xff, 0xff,
    0xd0, 0x0, 0xaf, 0xff, 0xff, 0xfb, 0x64, 0x34,
    0x6c, 0xff, 0xff, 0xff, 0xa0, 0x2f, 0xff, 0xff,
    0xe3, 0x0, 0x0, 0x0, 0x3, 0xef, 0xff, 0xff,
    0x18, 0xff, 0xff, 0xe2, 0x0, 0x0, 0x0, 0x0,
    0x3, 0xff, 0xff, 0xf7, 0xbf, 0xff, 0xf8, 0x0,
    0x0, 0x0, 0x0, 0x0, 0xa, 0xff, 0xff, 0xad,
    0xff, 0xff, 0x40, 0x0, 0x0, 0x0, 0x0, 0x0,
    0x6f, 0xff, 0xfc, 0xdf, 0xff, 0xf5, 0x0, 0x0,
    0x0, 0x0, 0x0, 0x5, 0xff, 0xff, 0xdb, 0xff,
    0xff, 0x90, 0x0, 0x0, 0x0, 0x0, 0x0, 0x8f,
    0xff, 0xfd, 0x9f, 0xff, 0xfe, 0x10, 0x0, 0x0,
    0x0, 0x0, 0x2e, 0xff, 0xff, 0xd3, 0xff, 0xff,
    0xfc, 0x10, 0x0, 0x0, 0x0, 0x1d, 0xff, 0xff,
    0xfd, 0xd, 0xff, 0xff, 0xff, 0x83, 0x10, 0x24,
    0x9f, 0xff, 0xff, 0xff, 0xd0, 0x3f, 0xff, 0xff,
    0xff, 0xff, 0xff, 0xff, 0xff, 0xff, 0xff, 0xfd,
    0x0, 0x6f, 0xff, 0xff, 0xff, 0xff, 0xff, 0xff,
    0xfe, 0xff, 0xff, 0xd0, 0x0, 0x4d, 0xff, 0xff,
    0xff, 0xff, 0xff, 0xfd, 0x5f, 0xff, 0xfd, 0x0,
    0x0, 0x6, 0xcf, 0xff, 0xff, 0xff, 0xe7, 0x4,
    0xff, 0xff, 0xd0, 0x0, 0x0, 0x0, 0x14, 0x67,
    0x86, 0x30, 0x0, 0x4f, 0xff, 0xfd, 0x0, 0x0,
    0x0, 0x0, 0x0, 0x0, 0x0, 0x0, 0x4, 0xff,
    0xff, 0xc5, 0x77, 0x77, 0x30, 0x0, 0x0, 0x0,
    0x0, 0x0, 0x7f, 0xff, 0xfa, 0xaf, 0xff, 0xfa,
    0x0, 0x0, 0x0, 0x0, 0x0, 0x1d, 0xff, 0xff,
    0x87, 0xff, 0xff, 0xf8, 0x0, 0x0, 0x0, 0x0,
    0x1d, 0xff, 0xff, 0xf3, 0x1f, 0xff, 0xff, 0xfd,
    0x72, 0x10, 0x13, 0x9f, 0xff, 0xff, 0xfc, 0x0,
    0x8f, 0xff, 0xff, 0xff, 0xff, 0xff, 0xff, 0xff,
    0xff, 0xff, 0x20, 0x0, 0xaf, 0xff, 0xff, 0xff,
    0xff, 0xff, 0xff, 0xff, 0xfe, 0x30, 0x0, 0x0,
    0x7f, 0xff, 0xff, 0xff, 0xff, 0xff, 0xff, 0xfb,
    0x20, 0x0, 0x0, 0x0, 0x17, 0xcf, 0xff, 0xff,
    0xff, 0xff, 0xa4, 0x0, 0x0, 0x0, 0x0, 0x0,
    0x0, 0x12, 0x46, 0x77, 0x53, 0x0, 0x0, 0x0,
    0x0,

    /* U+003A ":" */
    0x0, 0x0, 0x0, 0x0, 0x3d, 0xfd, 0x40, 0xe,
    0xff, 0xfe, 0x3, 0xff, 0xff, 0xf3, 0x1f, 0xff,
    0xff, 0x20, 0x8f, 0xff, 0x90, 0x0, 0x36, 0x40,
    0x0, 0x0, 0x0, 0x0, 0x0, 0x0, 0x0, 0x0,
    0x0, 0x0, 0x0, 0x0, 0x0, 0x0, 0x0, 0x0,
    0x0, 0x0, 0x0, 0x36, 0x30, 0x0, 0x8f, 0xff,
    0x90, 0x1f, 0xff, 0xff, 0x23, 0xff, 0xff, 0xf3,
    0xe, 0xff, 0xff, 0x0, 0x4d, 0xfe, 0x40, 0x0,
    0x0, 0x0, 0x0,

    /* U+003B ";" */
    0x0, 0x0, 0x0, 0x0, 0x3, 0x63, 0x0, 0x8,
    0xff, 0xf9, 0x1, 0xff, 0xff, 0xf2, 0x3f, 0xff,
    0xff, 0x30, 0xef, 0xff, 0xf0, 0x4, 0xdf, 0xe4,
    0x0, 0x0, 0x0, 0x0, 0x0, 0x0, 0x0, 0x0,
    0x0, 0x0, 0x0, 0x0, 0x0, 0x0, 0x0, 0x0,
    0x0, 0x0, 0x0, 0x0, 0x0, 0x0, 0x17, 0xa7,
    0x0, 0xd, 0xff, 0xfb, 0x3, 0xff, 0xff, 0xf1,
    0x3f, 0xff, 0xff, 0x20, 0x9f, 0xff, 0xe0, 0x0,
    0x9f, 0xf9, 0x0, 0xc, 0xff, 0x40, 0x0, 0xff,
    0xe0, 0x0, 0x2f, 0xf9, 0x0,

    /* U+003C "<" */
    0x0, 0x0, 0x0, 0x0, 0x6, 0x10, 0x0, 0x0,
    0x0, 0x0, 0x7, 0xfd, 0x10, 0x0, 0x0, 0x0,
    0x7, 0xff, 0xfd, 0x10, 0x0, 0x0, 0x7, 0xff,
    0xff, 0xfa, 0x0, 0x0, 0x7, 0xff, 0xff, 0xfc,
    0x10, 0x0, 0x7, 0xff, 0xff, 0xfc, 0x10, 0x0,
    0x7, 0xff, 0xff, 0xfc, 0x0, 0x0, 0x7, 0xff,
    0xff, 0xfb, 0x0, 0x0, 0x7, 0xff, 0xff, 0xfb,
    0x0, 0x0, 0x3, 0xff, 0xff, 0xfd, 0x0, 0x0,
    0x0, 0xa, 0xff, 0xff, 0xf8, 0x0, 0x0, 0x0,
    0xa, 0xff, 0xff, 0xf9, 0x0, 0x0, 0x0, 0xa,
    0xff, 0xff, 0xf9, 0x0, 0x0, 0x0, 0xa, 0xff,
    0xff, 0xfa, 0x0, 0x0, 0x0, 0xa, 0xff, 0xff,
    0xfa, 0x0, 0x0, 0x0, 0xa, 0xff, 0xff, 0xf9,
    0x0, 0x0, 0x0, 0xa, 0xff, 0xfe, 0x20, 0x0,
    0x0, 0x0, 0xa, 0xfe, 0x20, 0x0, 0x0, 0x0,
    0x0, 0x9, 0x20, 0x0,

    /* U+003D "=" */
    0x16, 0x66, 0x66, 0x66, 0x66, 0x66, 0x66, 0x60,
    0x3f, 0xff, 0xff, 0xff, 0xff, 0xff, 0xff, 0xf0,
    0x3f, 0xff, 0xff, 0xff, 0xff, 0xff, 0xff, 0xf0,
    0x3f, 0xff, 0xff, 0xff, 0xff, 0xff, 0xff, 0xf0,
    0x3f, 0xff, 0xff, 0xff, 0xff, 0xff, 0xff, 0xf0,
    0x0, 0x0, 0x0, 0x0, 0x0, 0x0, 0x0, 0x0,
    0x0, 0x0, 0x0, 0x0, 0x0, 0x0, 0x0, 0x0,
    0x15, 0x55, 0x55, 0x55, 0x55, 0x55, 0x55, 0x50,
    0x3f, 0xff, 0xff, 0xff, 0xff, 0xff, 0xff, 0xf0,
    0x3f, 0xff, 0xff, 0xff, 0xff, 0xff, 0xff, 0xf0,
    0x3f, 0xff, 0xff, 0xff, 0xff, 0xff, 0xff, 0xf0,
    0x3f, 0xff, 0xff, 0xff, 0xff, 0xff, 0xff, 0xf0,

    /* U+003E ">" */
    0x0, 0x7, 0x0, 0x0, 0x0, 0x0, 0x0, 0x9,
    0xfc, 0x0, 0x0, 0x0, 0x0, 0x9, 0xff, 0xfc,
    0x0, 0x0, 0x0, 0x5, 0xff, 0xff, 0xfc, 0x0,
    0x0, 0x0, 0x9, 0xff, 0xff, 0xfc, 0x0, 0x0,
    0x0, 0x8, 0xff, 0xff, 0xfc, 0x0, 0x0, 0x0,
    0x8, 0xff, 0xff, 0xfb, 0x0, 0x0, 0x0, 0x7,
    0xff, 0xff, 0xfb, 0x0, 0x0, 0x0, 0x7, 0xff,
    0xff, 0xfb, 0x0, 0x0, 0x0, 0x9, 0xff, 0xff,
    0xf8, 0x0, 0x0, 0x4, 0xff, 0xff, 0xfd, 0x10,
    0x0, 0x4, 0xff, 0xff, 0xfd, 0x10, 0x0, 0x5,
    0xff, 0xff, 0xfd, 0x10, 0x0, 0x5, 0xff, 0xff,
    0xfd, 0x10, 0x0, 0x6, 0xff, 0xff, 0xfd, 0x10,
    0x0, 0x4, 0xff, 0xff, 0xfd, 0x10, 0x0, 0x0,
    0xb, 0xff, 0xfd, 0x10, 0x0, 0x0, 0x0, 0xb,
    0xfd, 0x10, 0x0, 0x0, 0x0, 0x0, 0x9, 0x10,
    0x0, 0x0, 0x0, 0x0,

    /* U+003F "?" */
    0x0, 0x0, 0x2, 0x7b, 0xdf, 0xfd, 0xca, 0x72,
    0x0, 0x0, 0x0, 0x0, 0x2b, 0xff, 0xff, 0xff,
    0xff, 0xff, 0xfb, 0x30, 0x0, 0x0, 0x5f, 0xff,
    0xff, 0xff, 0xff, 0xff, 0xff, 0xff, 0x60, 0x0,
    0x5f, 0xff, 0xff, 0xff, 0xff, 0xff, 0xff, 0xff,
    0xff, 0x50, 0x1e, 0xff, 0xff, 0xff, 0xda, 0x8a,
    0xcf, 0xff, 0xff, 0xff, 0x16, 0xff, 0xff, 0xfd,
    0x40, 0x0, 0x0, 0x2d, 0xff, 0xff, 0xf6, 0xbf,
    0xff, 0xfe, 0x10, 0x0, 0x0, 0x0, 0x1e, 0xff,
    0xff, 0xbe, 0xff, 0xff, 0x70, 0x0, 0x0, 0x0,
    0x0, 0xaf, 0xff, 0xfc, 0x67, 0x77, 0x72, 0x0,
    0x0, 0x0, 0x0, 0x8, 0xff, 0xff, 0xd0, 0x0,
    0x0, 0x0, 0x0, 0x0, 0x0, 0x0, 0xdf, 0xff,
    0xfb, 0x0, 0x0, 0x0, 0x0, 0x0, 0x0, 0x0,
    0xaf, 0xff, 0xff, 0x80, 0x0, 0x0, 0x0, 0x0,
    0x0, 0x18, 0xff, 0xff, 0xff, 0xf1, 0x0, 0x0,
    0x0, 0x0, 0x0, 0x7f, 0xff, 0xff, 0xff, 0xf6,
    0x0, 0x0, 0x0, 0x0, 0x1, 0xcf, 0xff, 0xff,
    0xff, 0xf5, 0x0, 0x0, 0x0, 0x0, 0x0, 0xcf,
    0xff, 0xff, 0xff, 0x81, 0x0, 0x0, 0x0, 0x0,
    0x0, 0x6f, 0xff, 0xff, 0xf9, 0x10, 0x0, 0x0,
    0x0, 0x0, 0x0, 0xc, 0xff, 0xff, 0xf2, 0x0,
    0x0, 0x0, 0x0, 0x0, 0x0, 0x0, 0xff, 0xff,
    0xf6, 0x0, 0x0, 0x0, 0x0, 0x0, 0x0, 0x0,
    0x1f, 0xff, 0xff, 0x20, 0x0, 0x0, 0x0, 0x0,
    0x0, 0x0, 0x2, 0xff, 0xff, 0xe0, 0x0, 0x0,
    0x0, 0x0, 0x0, 0x0, 0x0, 0x0, 0x0, 0x0,
    0x0, 0x0, 0x0, 0x0, 0x0, 0x0, 0x0, 0x0,
    0x2, 0x31, 0x0, 0x0, 0x0, 0x0, 0x0, 0x0,
    0x0, 0x0, 0xa, 0xff, 0xf6, 0x0, 0x0, 0x0,
    0x0, 0x0, 0x0, 0x0, 0x7, 0xff, 0xff, 0xf2,
    0x0, 0x0, 0x0, 0x0, 0x0, 0x0, 0x0, 0xbf,
    0xff, 0xff, 0x60, 0x0, 0x0, 0x0, 0x0, 0x0,
    0x0, 0xa, 0xff, 0xff, 0xf5, 0x0, 0x0, 0x0,
    0x0, 0x0, 0x0, 0x0, 0x4f, 0xff, 0xfe, 0x10,
    0x0, 0x0, 0x0, 0x0, 0x0, 0x0, 0x0, 0x5d,
    0xeb, 0x20, 0x0, 0x0, 0x0, 0x0, 0x0, 0x0,
    0x0, 0x0, 0x0, 0x0, 0x0, 0x0, 0x0, 0x0,
    0x0,

    /* U+0040 "@" */
    0x0, 0x0, 0x0, 0x0, 0x0, 0x1, 0x6a, 0xcd,
    0xff, 0xed, 0xb8, 0x41, 0x0, 0x0, 0x0, 0x0,
    0x0, 0x0, 0x0, 0x0, 0x0, 0x5, 0xcf, 0xff,
    0xff, 0xff, 0xff, 0xff, 0xff, 0xa3, 0x0, 0x0,
    0x0, 0x0, 0x0, 0x0, 0x0, 0x4, 0xdf, 0xff,
    0xff, 0xff, 0xff, 0xff, 0xff, 0xff, 0xff, 0xb1,
    0x0, 0x0, 0x0, 0x0, 0x0, 0x0, 0x8f, 0xff,
    0xff, 0xff, 0xff, 0xff, 0xff, 0xff, 0xff, 0xff,
    0xff, 0x60, 0x0, 0x0, 0x0, 0x0, 0xb, 0xff,
    0xff, 0xff, 0xc8, 0x31, 0x0, 0x1, 0x47, 0xbf,
    0xff, 0xff, 0xf6, 0x0, 0x0, 0x0, 0x0, 0xaf,
    0xff, 0xff, 0xc4, 0x0, 0x0, 0x0, 0x0, 0x0,
    0x2, 0xaf, 0xff, 0xff, 0x50, 0x0, 0x0, 0x8,
    0xff, 0xff, 0xf7, 0x0, 0x17, 0xbd, 0xfe, 0xb5,
    0x0, 0x0, 0x4, 0xff, 0xff, 0xf1, 0x0, 0x0,
    0x2f, 0xff, 0xff, 0x50, 0x8, 0xff, 0xff, 0xff,
    0xff, 0xb1, 0x7d, 0xb8, 0x6f, 0xff, 0xfa, 0x0,
    0x0, 0xbf, 0xff, 0xf7, 0x1, 0xdf, 0xff, 0xff,
    0xff, 0xff, 0xfc, 0xbf, 0xff, 0x38, 0xff, 0xff,
    0x30, 0x2, 0xff, 0xff, 0xc0, 0x1d, 0xff, 0xff,
    0xff, 0xff, 0xff, 0xff, 0xff, 0xff, 0x31, 0xef,
    0xff, 0x80, 0x7, 0xff, 0xff, 0x30, 0xaf, 0xff,
    0xff, 0xb7, 0x44, 0x7b, 0xff, 0xff, 0xff, 0x30,
    0x9f, 0xff, 0xd0, 0xc, 0xff, 0xfd, 0x3, 0xff,
    0xff, 0xf6, 0x0, 0x0, 0x0, 0x6f, 0xff, 0xff,
    0x30, 0x5f, 0xff, 0xf2, 0xf, 0xff, 0xf8, 0x9,
    0xff, 0xff, 0x60, 0x0, 0x0, 0x0, 0x8, 0xff,
    0xff, 0x30, 0x1f, 0xff, 0xf4, 0x1f, 0xff, 0xf4,
    0xe, 0xff, 0xfd, 0x0, 0x0, 0x0, 0x0, 0x0,
    0xff, 0xff, 0x30, 0xf, 0xff, 0xf6, 0x3f, 0xff,
    0xf3, 0xf, 0xff, 0xf9, 0x0, 0x0, 0x0, 0x0,
    0x0, 0xdf, 0xff, 0x30, 0xe, 0xff, 0xf7, 0x4f,
    0xff, 0xf1, 0x1f, 0xff, 0xf7, 0x0, 0x0, 0x0,
    0x0, 0x0, 0xcf, 0xff, 0x30, 0xd, 0xff, 0xf8,
    0x4f, 0xff, 0xf2, 0xf, 0xff, 0xf9, 0x0, 0x0,
    0x0, 0x0, 0x0, 0xef, 0xff, 0x30, 0xe, 0xff,
    0xf6, 0x2f, 0xff, 0xf3, 0xe, 0xff, 0xfd, 0x0,
    0x0, 0x0, 0x0, 0x2, 0xff, 0xff, 0x30, 0xf,
    0xff, 0xf4, 0xf, 0xff, 0xf5, 0xa, 0xff, 0xff,
    0x60, 0x0, 0x0, 0x0, 0xb, 0xff, 0xff, 0x30,
    0x2f, 0xff, 0xf3, 0xe, 0xff, 0xfa, 0x4, 0xff,
    0xff, 0xf5, 0x0, 0x0, 0x0, 0x8f, 0xff, 0xff,
    0x30, 0x6f, 0xff, 0xf1, 0xa, 0xff, 0xfe, 0x0,
    0xbf, 0xff, 0xff, 0xb7, 0x45, 0x8d, 0xff, 0xff,
    0xff, 0x30, 0xcf, 0xff, 0xc0, 0x4, 0xff, 0xff,
    0x60, 0x1e, 0xff, 0xff, 0xff, 0xff, 0xff, 0xff,
    0xef, 0xff, 0x78, 0xff, 0xff, 0x50, 0x0, 0xef,
    0xff, 0xe1, 0x2, 0xdf, 0xff, 0xff, 0xff, 0xff,
    0xfd, 0x5f, 0xff, 0xff, 0xff, 0xfc, 0x0, 0x0,
    0x6f, 0xff, 0xfc, 0x0, 0x9, 0xff, 0xff, 0xff,
    0xff, 0xc1, 0x1f, 0xff, 0xff, 0xff, 0xe2, 0x0,
    0x0, 0xc, 0xff, 0xff, 0xc1, 0x0, 0x17, 0xbe,
    0xfe, 0xb5, 0x0, 0x4, 0xff, 0xff, 0xfb, 0x10,
    0x0, 0x0, 0x2, 0xff, 0xff, 0xff, 0x70, 0x0,
    0x0, 0x0, 0x0, 0x0, 0x20, 0x15, 0x76, 0x20,
    0x0, 0x0, 0x0, 0x0, 0x3f, 0xff, 0xff, 0xff,
    0xa6, 0x21, 0x0, 0x24, 0x8e, 0xd0, 0x0, 0x0,
    0x0, 0x0, 0x0, 0x0, 0x0, 0x3, 0xef, 0xff,
    0xff, 0xff, 0xff, 0xff, 0xff, 0xff, 0xf6, 0x0,
    0x0, 0x0, 0x0, 0x0, 0x0, 0x0, 0x0, 0x9,
    0xff, 0xff, 0xff, 0xff, 0xff, 0xff, 0xff, 0xfd,
    0x0, 0x0, 0x0, 0x0, 0x0, 0x0, 0x0, 0x0,
    0x0, 0x29, 0xff, 0xff, 0xff, 0xff, 0xff, 0xff,
    0xe6, 0x0, 0x0, 0x0, 0x0, 0x0, 0x0, 0x0,
    0x0, 0x0, 0x0, 0x4, 0x8c, 0xdf, 0xff, 0xdb,
    0x94, 0x0, 0x0, 0x0, 0x0, 0x0, 0x0, 0x0,
    0x0, 0x0, 0x0, 0x0, 0x0, 0x0, 0x0, 0x0,
    0x0, 0x0, 0x0, 0x0, 0x0, 0x0, 0x0, 0x0,

    /* U+0041 "A" */
    0x0, 0x0, 0x0, 0x0, 0x0, 0x0, 0xdf, 0xff,
    0xff, 0x20, 0x0, 0x0, 0x0, 0x0, 0x0, 0x0,
    0x0, 0x0, 0x0, 0x0, 0x0, 0x4f, 0xff, 0xff,
    0xf9, 0x0, 0x0, 0x0, 0x0, 0x0, 0x0, 0x0,
    0x0, 0x0, 0x0, 0x0, 0xb, 0xff, 0xff, 0xff,
    0xf1, 0x0, 0x0, 0x0, 0x0, 0x0, 0x0, 0x0,
    0x0, 0x0, 0x0, 0x2, 0xff, 0xff, 0xff, 0xff,
    0x70, 0x0, 0x0, 0x0, 0x0, 0x0, 0x0, 0x0,
    0x0, 0x0, 0x0, 0x9f, 0xff, 0xff, 0xff, 0xfe,
    0x0, 0x0, 0x0, 0x0, 0x0, 0x0, 0x0, 0x0,
    0x0, 0x0, 0x1f, 0xff, 0xff, 0xff, 0xff, 0xf5,
    0x0, 0x0, 0x0, 0x0, 0x0, 0x0, 0x0, 0x0,
    0x0, 0x7, 0xff, 0xff, 0xea, 0xff, 0xff, 0xc0,
    0x0, 0x0, 0x0, 0x0, 0x0, 0x0, 0x0, 0x0,
    0x0, 0xef, 0xff, 0xf8, 0x3f, 0xff, 0xff, 0x30,
    0x0, 0x0, 0x0, 0x0, 0x0, 0x0, 0x0, 0x0,
    0x5f, 0xff, 0xff, 0x10, 0xcf, 0xff, 0xfa, 0x0,
    0x0, 0x0, 0x0, 0x0, 0x0, 0x0, 0x0, 0xc,
    0xff, 0xff, 0xa0, 0x5, 0xff, 0xff, 0xf2, 0x0,
    0x0, 0x0, 0x0, 0x0, 0x0, 0x0, 0x3, 0xff,
    0xff, 0xf3, 0x0, 0xe, 0xff, 0xff, 0x80, 0x0,
    0x0, 0x0, 0x0, 0x0, 0x0, 0x0, 0xaf, 0xff,
    0xfd, 0x0, 0x0, 0x8f, 0xff, 0xff, 0x0, 0x0,
    0x0, 0x0, 0x0, 0x0, 0x0, 0x2f, 0xff, 0xff,
    0x60, 0x0, 0x1, 0xff, 0xff, 0xf6, 0x0, 0x0,
    0x0, 0x0, 0x0, 0x0, 0x8, 0xff, 0xff, 0xf0,
    0x0, 0x0, 0xa, 0xff, 0xff, 0xd0, 0x0, 0x0,
    0x0, 0x0, 0x0, 0x0, 0xff, 0xff, 0xf8, 0x0,
    0x0, 0x0, 0x3f, 0xff, 0xff, 0x40, 0x0, 0x0,
    0x0, 0x0, 0x0, 0x6f, 0xff, 0xff, 0x20, 0x0,
    0x0, 0x0, 0xdf, 0xff, 0xfb, 0x0, 0x0, 0x0,
    0x0, 0x0, 0xd, 0xff, 0xff, 0xb0, 0x0, 0x0,
    0x0, 0x6, 0xff, 0xff, 0xf2, 0x0, 0x0, 0x0,
    0x0, 0x4, 0xff, 0xff, 0xf4, 0x0, 0x0, 0x0,
    0x0, 0xe, 0xff, 0xff, 0x90, 0x0, 0x0, 0x0,
    0x0, 0xbf, 0xff, 0xff, 0xff, 0xff, 0xff, 0xff,
    0xff, 0xff, 0xff, 0xff, 0x10, 0x0, 0x0, 0x0,
    0x2f, 0xff, 0xff, 0xff, 0xff, 0xff, 0xff, 0xff,
    0xff, 0xff, 0xff, 0xf7, 0x0, 0x0, 0x0, 0x9,
    0xff, 0xff, 0xff, 0xff, 0xff, 0xff, 0xff, 0xff,
    0xff, 0xff, 0xff, 0xe0, 0x0, 0x0, 0x1, 0xff,
    0xff, 0xff, 0xff, 0xff, 0xff, 0xff, 0xff, 0xff,
    0xff, 0xff, 0xff, 0x50, 0x0, 0x0, 0x7f, 0xff,
    0xff, 0xdd, 0xdd, 0xdd, 0xdd, 0xdd, 0xdd, 0xdd,
    0xff, 0xff, 0xfc, 0x0, 0x0, 0xe, 0xff, 0xff,
    0xb0, 0x0, 0x0, 0x0, 0x0, 0x0, 0x0, 0x6,
    0xff, 0xff, 0xf3, 0x0, 0x5, 0xff, 0xff, 0xf4,
    0x0, 0x0, 0x0, 0x0, 0x0, 0x0, 0x0, 0xe,
    0xff, 0xff, 0xa0, 0x0, 0xcf, 0xff, 0xfd, 0x0,
    0x0, 0x0, 0x0, 0x0, 0x0, 0x0, 0x0, 0x8f,
    0xff, 0xff, 0x20, 0x3f, 0xff, 0xff, 0x50, 0x0,
    0x0, 0x0, 0x0, 0x0, 0x0, 0x0, 0x1, 0xff,
    0xff, 0xf8, 0xa, 0xff, 0xff, 0xe0, 0x0, 0x0,
    0x0, 0x0, 0x0, 0x0, 0x0, 0x0, 0xa, 0xff,
    0xff, 0xf0,

    /* U+0042 "B" */
    0x3f, 0xff, 0xff, 0xff, 0xff, 0xff, 0xff, 0xec,
    0xa7, 0x10, 0x0, 0x0, 0x3f, 0xff, 0xff, 0xff,
    0xff, 0xff, 0xff, 0xff, 0xff, 0xf9, 0x10, 0x0,
    0x3f, 0xff, 0xff, 0xff, 0xff, 0xff, 0xff, 0xff,
    0xff, 0xff, 0xd1, 0x0, 0x3f, 0xff, 0xff, 0xff,
    0xff, 0xff, 0xff, 0xff, 0xff, 0xff, 0xfc, 0x0,
    0x3f, 0xff, 0xff, 0xbb, 0xbb, 0xbb, 0xbb, 0xef,
    0xff, 0xff, 0xff, 0x50, 0x3f, 0xff, 0xfd, 0x0,
    0x0, 0x0, 0x0, 0x1, 0x9f, 0xff, 0xff, 0xb0,
    0x3f, 0xff, 0xfd, 0x0, 0x0, 0x0, 0x0, 0x0,
    0xa, 0xff, 0xff, 0xf0, 0x3f, 0xff, 0xfd, 0x0,
    0x0, 0x0, 0x0, 0x0, 0x2, 0xff, 0xff, 0xf0,
    0x3f, 0xff, 0xfd, 0x0, 0x0, 0x0, 0x0, 0x0,
    0x0, 0xff, 0xff, 0xf1, 0x3f, 0xff, 0xfd, 0x0,
    0x0, 0x0, 0x0, 0x0, 0x4, 0xff, 0xff, 0xf0,
    0x3f, 0xff, 0xfd, 0x0, 0x0, 0x0, 0x0, 0x0,
    0x3e, 0xff, 0xff, 0x90, 0x3f, 0xff, 0xfe, 0x99,
    0x99, 0x99, 0x99, 0xad, 0xff, 0xff, 0xff, 0x20,
    0x3f, 0xff, 0xff, 0xff, 0xff, 0xff, 0xff, 0xff,
    0xff, 0xff, 0xf4, 0x0, 0x3f, 0xff, 0xff, 0xff,
    0xff, 0xff, 0xff, 0xff, 0xff, 0xfe, 0x10, 0x0,
    0x3f, 0xff, 0xff, 0xff, 0xff, 0xff, 0xff, 0xff,
    0xff, 0xff, 0xc3, 0x0, 0x3f, 0xff, 0xff, 0xff,
    0xff, 0xff, 0xff, 0xff, 0xff, 0xff, 0xff, 0x20,
    0x3f, 0xff, 0xfd, 0x0, 0x0, 0x0, 0x0, 0x15,
    0xbf, 0xff, 0xff, 0xd0, 0x3f, 0xff, 0xfd, 0x0,
    0x0, 0x0, 0x0, 0x0, 0x6, 0xff, 0xff, 0xf5,
    0x3f, 0xff, 0xfd, 0x0, 0x0, 0x0, 0x0, 0x0,
    0x0, 0x8f, 0xff, 0xfb, 0x3f, 0xff, 0xfd, 0x0,
    0x0, 0x0, 0x0, 0x0, 0x0, 0x3f, 0xff, 0xfd,
    0x3f, 0xff, 0xfd, 0x0, 0x0, 0x0, 0x0, 0x0,
    0x0, 0x4f, 0xff, 0xfd, 0x3f, 0xff, 0xfd, 0x0,
    0x0, 0x0, 0x0, 0x0, 0x0, 0xcf, 0xff, 0xfc,
    0x3f, 0xff, 0xfd, 0x0, 0x0, 0x0, 0x0, 0x1,
    0x5d, 0xff, 0xff, 0xf8, 0x3f, 0xff, 0xff, 0xdd,
    0xdd, 0xdd, 0xdd, 0xef, 0xff, 0xff, 0xff, 0xf2,
    0x3f, 0xff, 0xff, 0xff, 0xff, 0xff, 0xff, 0xff,
    0xff, 0xff, 0xff, 0x90, 0x3f, 0xff, 0xff, 0xff,
    0xff, 0xff, 0xff, 0xff, 0xff, 0xff, 0xfb, 0x0,
    0x3f, 0xff, 0xff, 0xff, 0xff, 0xff, 0xff, 0xff,
    0xff, 0xff, 0x70, 0x0, 0x3f, 0xff, 0xff, 0xff,
    0xff, 0xff, 0xff, 0xed, 0xb9, 0x50, 0x0, 0x0,

    /* U+0043 "C" */
    0x0, 0x0, 0x0, 0x0, 0x0, 0x3, 0x46, 0x76,
    0x42, 0x0, 0x0, 0x0, 0x0, 0x0, 0x0, 0x0,
    0x5, 0xaf, 0xff, 0xff, 0xff, 0xfd, 0x92, 0x0,
    0x0, 0x0, 0x0, 0x0, 0x4d, 0xff, 0xff, 0xff,
    0xff, 0xff, 0xff, 0xf9, 0x10, 0x0, 0x0, 0x0,
    0x9f, 0xff, 0xff, 0xff, 0xff, 0xff, 0xff, 0xff,
    0xfe, 0x30, 0x0, 0x0, 0xaf, 0xff, 0xff, 0xff,
    0xff, 0xff, 0xff, 0xff, 0xff, 0xff, 0x40, 0x0,
    0xaf, 0xff, 0xff, 0xff, 0xea, 0x97, 0x8a, 0xef,
    0xff, 0xff, 0xc0, 0x0, 0x5f, 0xff, 0xff, 0xfd,
    0x40, 0x0, 0x0, 0x0, 0x4c, 0xff, 0xc0, 0x0,
    0xe, 0xff, 0xff, 0xf8, 0x0, 0x0, 0x0, 0x0,
    0x0, 0x8, 0xb0, 0x0, 0x6, 0xff, 0xff, 0xf8,
    0x0, 0x0, 0x0, 0x0, 0x0, 0x0, 0x0, 0x0,
    0x0, 0xdf, 0xff, 0xfc, 0x0, 0x0, 0x0, 0x0,
    0x0, 0x0, 0x0, 0x0, 0x0, 0x3f, 0xff, 0xff,
    0x30, 0x0, 0x0, 0x0, 0x0, 0x0, 0x0, 0x0,
    0x0, 0x6, 0xff, 0xff, 0xc0, 0x0, 0x0, 0x0,
    0x0, 0x0, 0x0, 0x0, 0x0, 0x0, 0xaf, 0xff,
    0xf8, 0x0, 0x0, 0x0, 0x0, 0x0, 0x0, 0x0,
    0x0, 0x0, 0xb, 0xff, 0xff, 0x50, 0x0, 0x0,
    0x0, 0x0, 0x0, 0x0, 0x0, 0x0, 0x0, 0xdf,
    0xff, 0xf3, 0x0, 0x0, 0x0, 0x0, 0x0, 0x0,
    0x0, 0x0, 0x0, 0xd, 0xff, 0xff, 0x30, 0x0,
    0x0, 0x0, 0x0, 0x0, 0x0, 0x0, 0x0, 0x0,
    0xcf, 0xff, 0xf4, 0x0, 0x0, 0x0, 0x0, 0x0,
    0x0, 0x0, 0x0, 0x0, 0xb, 0xff, 0xff, 0x70,
    0x0, 0x0, 0x0, 0x0, 0x0, 0x0, 0x0, 0x0,
    0x0, 0x8f, 0xff, 0xfb, 0x0, 0x0, 0x0, 0x0,
    0x0, 0x0, 0x0, 0x0, 0x0, 0x4, 0xff, 0xff,
    0xf2, 0x0, 0x0, 0x0, 0x0, 0x0, 0x0, 0x0,
    0x0, 0x0, 0xf, 0xff, 0xff, 0x90, 0x0, 0x0,
    0x0, 0x0, 0x0, 0x0, 0x0, 0x0, 0x0, 0x9f,
    0xff, 0xff, 0x50, 0x0, 0x0, 0x0, 0x0, 0x0,
    0x0, 0x0, 0x0, 0x2, 0xff, 0xff, 0xff, 0x50,
    0x0, 0x0, 0x0, 0x0, 0x0, 0x6e, 0x30, 0x0,
    0x8, 0xff, 0xff, 0xff, 0xa2, 0x0, 0x0, 0x0,
    0x3, 0xbf, 0xfe, 0x30, 0x0, 0xc, 0xff, 0xff,
    0xff, 0xfd, 0x97, 0x67, 0x9e, 0xff, 0xff, 0xfe,
    0x20, 0x0, 0x1d, 0xff, 0xff, 0xff, 0xff, 0xff,
    0xff, 0xff, 0xff, 0xff, 0xfa, 0x0, 0x0, 0x1c,
    0xff, 0xff, 0xff, 0xff, 0xff, 0xff, 0xff, 0xff,
    0xf9, 0x0, 0x0, 0x0, 0x6, 0xef, 0xff, 0xff,
    0xff, 0xff, 0xff, 0xff, 0xd5, 0x0, 0x0, 0x0,
    0x0, 0x0, 0x6b, 0xff, 0xff, 0xff, 0xff, 0xfb,
    0x50, 0x0, 0x0, 0x0, 0x0, 0x0, 0x0, 0x0,
    0x35, 0x67, 0x65, 0x30, 0x0, 0x0, 0x0,

    /* U+0044 "D" */
    0x6f, 0xff, 0xff, 0xff, 0xff, 0xff, 0xec, 0xa6,
    0x10, 0x0, 0x0, 0x0, 0x0, 0x6f, 0xff, 0xff,
    0xff, 0xff, 0xff, 0xff, 0xff, 0xfb, 0x20, 0x0,
    0x0, 0x0, 0x6f, 0xff, 0xff, 0xff, 0xff, 0xff,
    0xff, 0xff, 0xff, 0xf8, 0x0, 0x0, 0x0, 0x6f,
    0xff, 0xff, 0xff, 0xff, 0xff, 0xff, 0xff, 0xff,
    0xff, 0xb0, 0x0, 0x0, 0x6f, 0xff, 0xff, 0xee,
    0xee, 0xef, 0xff, 0xff, 0xff, 0xff, 0xfb, 0x0,
    0x0, 0x6f, 0xff, 0xfa, 0x0, 0x0, 0x0, 0x3,
    0x8e, 0xff, 0xff, 0xff, 0x60, 0x0, 0x6f, 0xff,
    0xfa, 0x0, 0x0, 0x0, 0x0, 0x0, 0x9f, 0xff,
    0xff, 0xf1, 0x0, 0x6f, 0xff, 0xfa, 0x0, 0x0,
    0x0, 0x0, 0x0, 0x7, 0xff, 0xff, 0xf8, 0x0,
    0x6f, 0xff, 0xfa, 0x0, 0x0, 0x0, 0x0, 0x0,
    0x0, 0xbf, 0xff, 0xfe, 0x0, 0x6f, 0xff, 0xfa,
    0x0, 0x0, 0x0, 0x0, 0x0, 0x0, 0x2f, 0xff,
    0xff, 0x40, 0x6f, 0xff, 0xfa, 0x0, 0x0, 0x0,
    0x0, 0x0, 0x0, 0xc, 0xff, 0xff, 0x80, 0x6f,
    0xff, 0xfa, 0x0, 0x0, 0x0, 0x0, 0x0, 0x0,
    0x8, 0xff, 0xff, 0xb0, 0x6f, 0xff, 0xfa, 0x0,
    0x0, 0x0, 0x0, 0x0, 0x0, 0x6, 0xff, 0xff,
    0xd0, 0x6f, 0xff, 0xfa, 0x0, 0x0, 0x0, 0x0,
    0x0, 0x0, 0x3, 0xff, 0xff, 0xe0, 0x6f, 0xff,
    0xfa, 0x0, 0x0, 0x0, 0x0, 0x0, 0x0, 0x3,
    0xff, 0xff, 0xe0, 0x6f, 0xff, 0xfa, 0x0, 0x0,
    0x0, 0x0, 0x0, 0x0, 0x4, 0xff, 0xff, 0xd0,
    0x6f, 0xff, 0xfa, 0x0, 0x0, 0x0, 0x0, 0x0,
    0x0, 0x7, 0xff, 0xff, 0xb0, 0x6f, 0xff, 0xfa,
    0x0, 0x0, 0x0, 0x0, 0x0, 0x0, 0xb, 0xff,
    0xff, 0x80, 0x6f, 0xff, 0xfa, 0x0, 0x0, 0x0,
    0x0, 0x0, 0x0, 0x2f, 0xff, 0xff, 0x40, 0x6f,
    0xff, 0xfa, 0x0, 0x0, 0x0, 0x0, 0x0, 0x0,
    0xbf, 0xff, 0xfe, 0x0, 0x6f, 0xff, 0xfa, 0x0,
    0x0, 0x0, 0x0, 0x0, 0x8, 0xff, 0xff, 0xf8,
    0x0, 0x6f, 0xff, 0xfa, 0x0, 0x0, 0x0, 0x0,
    0x1, 0x9f, 0xff, 0xff, 0xf2, 0x0, 0x6f, 0xff,
    0xfa, 0x0, 0x0, 0x0, 0x24, 0x9e, 0xff, 0xff,
    0xff, 0x60, 0x0, 0x6f, 0xff, 0xff, 0xff, 0xff,
    0xff, 0xff, 0xff, 0xff, 0xff, 0xfb, 0x0, 0x0,
    0x6f, 0xff, 0xff, 0xff, 0xff, 0xff, 0xff, 0xff,
    0xff, 0xff, 0xb0, 0x0, 0x0, 0x6f, 0xff, 0xff,
    0xff, 0xff, 0xff, 0xff, 0xff, 0xff, 0xf8, 0x0,
    0x0, 0x0, 0x6f, 0xff, 0xff, 0xff, 0xff, 0xff,
    0xff, 0xff, 0xfb, 0x20, 0x0, 0x0, 0x0, 0x6f,
    0xff, 0xff, 0xff, 0xff, 0xff, 0xec, 0xa6, 0x10,
    0x0, 0x0, 0x0, 0x0,

    /* U+0045 "E" */
    0x2f, 0xff, 0xff, 0xff, 0xff, 0xff, 0xff, 0xff,
    0xff, 0xff, 0xf4, 0x2f, 0xff, 0xff, 0xff, 0xff,
    0xff, 0xff, 0xff, 0xff, 0xff, 0xf4, 0x2f, 0xff,
    0xff, 0xff, 0xff, 0xff, 0xff, 0xff, 0xff, 0xff,
    0xf4, 0x2f, 0xff, 0xff, 0xff, 0xff, 0xff, 0xff,
    0xff, 0xff, 0xff, 0xf4, 0x2f, 0xff, 0xff, 0xff,
    0xff, 0xff, 0xff, 0xff, 0xff, 0xff, 0xf4, 0x2f,
    0xff, 0xff, 0x0, 0x0, 0x0, 0x0, 0x0, 0x0,
    0x0, 0x0, 0x2f, 0xff, 0xfe, 0x0, 0x0, 0x0,
    0x0, 0x0, 0x0, 0x0, 0x0, 0x2f, 0xff, 0xfe,
    0x0, 0x0, 0x0, 0x0, 0x0, 0x0, 0x0, 0x0,
    0x2f, 0xff, 0xfe, 0x0, 0x0, 0x0, 0x0, 0x0,
    0x0, 0x0, 0x0, 0x2f, 0xff, 0xfe, 0x0, 0x0,
    0x0, 0x0, 0x0, 0x0, 0x0, 0x0, 0x2f, 0xff,
    0xfe, 0x0, 0x0, 0x0, 0x0, 0x0, 0x0, 0x0,
    0x0, 0x2f, 0xff, 0xfe, 0x0, 0x0, 0x0, 0x0,
    0x0, 0x0, 0x0, 0x0, 0x2f, 0xff, 0xff, 0xff,
    0xff, 0xff, 0xff, 0xff, 0xff, 0xff, 0xb0, 0x2f,
    0xff, 0xff, 0xff, 0xff, 0xff, 0xff, 0xff, 0xff,
    0xff, 0xb0, 0x2f, 0xff, 0xff, 0xff, 0xff, 0xff,
    0xff, 0xff, 0xff, 0xff, 0xb0, 0x2f, 0xff, 0xff,
    0xff, 0xff, 0xff, 0xff, 0xff, 0xff, 0xff, 0xb0,
    0x2f, 0xff, 0xff, 0xdd, 0xdd, 0xdd, 0xdd, 0xdd,
    0xdd, 0xdd, 0x90, 0x2f, 0xff, 0xfe, 0x0, 0x0,
    0x0, 0x0, 0x0, 0x0, 0x0, 0x0, 0x2f, 0xff,
    0xfe, 0x0, 0x0, 0x0, 0x0, 0x0, 0x0, 0x0,
    0x0, 0x2f, 0xff, 0xfe, 0x0, 0x0, 0x0, 0x0,
    0x0, 0x0, 0x0, 0x0, 0x2f, 0xff, 0xfe, 0x0,
    0x0, 0x0, 0x0, 0x0, 0x0, 0x0, 0x0, 0x2f,
    0xff, 0xfe, 0x0, 0x0, 0x0, 0x0, 0x0, 0x0,
    0x0, 0x0, 0x2f, 0xff, 0xff, 0x11, 0x11, 0x11,
    0x11, 0x11, 0x11, 0x11, 0x10, 0x2f, 0xff, 0xff,
    0xff, 0xff, 0xff, 0xff, 0xff, 0xff, 0xff, 0xf4,
    0x2f, 0xff, 0xff, 0xff, 0xff, 0xff, 0xff, 0xff,
    0xff, 0xff, 0xf4, 0x2f, 0xff, 0xff, 0xff, 0xff,
    0xff, 0xff, 0xff, 0xff, 0xff, 0xf4, 0x2f, 0xff,
    0xff, 0xff, 0xff, 0xff, 0xff, 0xff, 0xff, 0xff,
    0xf4, 0x2f, 0xff, 0xff, 0xff, 0xff, 0xff, 0xff,
    0xff, 0xff, 0xff, 0xf4,

    /* U+0046 "F" */
    0x1f, 0xff, 0xff, 0xff, 0xff, 0xff, 0xff, 0xff,
    0xff, 0xff, 0x81, 0xff, 0xff, 0xff, 0xff, 0xff,
    0xff, 0xff, 0xff, 0xff, 0xf8, 0x1f, 0xff, 0xff,
    0xff, 0xff, 0xff, 0xff, 0xff, 0xff, 0xff, 0x81,
    0xff, 0xff, 0xff, 0xff, 0xff, 0xff, 0xff, 0xff,
    0xff, 0xf8, 0x1f, 0xff, 0xff, 0xff, 0xff, 0xff,
    0xff, 0xff, 0xff, 0xff, 0x81, 0xff, 0xff, 0xf0,
    0x0, 0x0, 0x0, 0x0, 0x0, 0x0, 0x0, 0x1f,
    0xff, 0xff, 0x0, 0x0, 0x0, 0x0, 0x0, 0x0,
    0x0, 0x1, 0xff, 0xff, 0xf0, 0x0, 0x0, 0x0,
    0x0, 0x0, 0x0, 0x0, 0x1f, 0xff, 0xff, 0x0,
    0x0, 0x0, 0x0, 0x0, 0x0, 0x0, 0x1, 0xff,
    0xff, 0xf0, 0x0, 0x0, 0x0, 0x0, 0x0, 0x0,
    0x0, 0x1f, 0xff, 0xff, 0x0, 0x0, 0x0, 0x0,
    0x0, 0x0, 0x0, 0x1, 0xff, 0xff, 0xf0, 0x0,
    0x0, 0x0, 0x0, 0x0, 0x0, 0x0, 0x1f, 0xff,
    0xff, 0x0, 0x0, 0x0, 0x0, 0x0, 0x0, 0x0,
    0x1, 0xff, 0xff, 0xff, 0xff, 0xff, 0xff, 0xff,
    0xff, 0xff, 0xb0, 0x1f, 0xff, 0xff, 0xff, 0xff,
    0xff, 0xff, 0xff, 0xff, 0xfb, 0x1, 0xff, 0xff,
    0xff, 0xff, 0xff, 0xff, 0xff, 0xff, 0xff, 0xb0,
    0x1f, 0xff, 0xff, 0xff, 0xff, 0xff, 0xff, 0xff,
    0xff, 0xfb, 0x1, 0xff, 0xff, 0xfd, 0xcc, 0xcc,
    0xcc, 0xcc, 0xcc, 0xcc, 0x90, 0x1f, 0xff, 0xff,
    0x0, 0x0, 0x0, 0x0, 0x0, 0x0, 0x0, 0x1,
    0xff, 0xff, 0xf0, 0x0, 0x0, 0x0, 0x0, 0x0,
    0x0, 0x0, 0x1f, 0xff, 0xff, 0x0, 0x0, 0x0,
    0x0, 0x0, 0x0, 0x0, 0x1, 0xff, 0xff, 0xf0,
    0x0, 0x0, 0x0, 0x0, 0x0, 0x0, 0x0, 0x1f,
    0xff, 0xff, 0x0, 0x0, 0x0, 0x0, 0x0, 0x0,
    0x0, 0x1, 0xff, 0xff, 0xf0, 0x0, 0x0, 0x0,
    0x0, 0x0, 0x0, 0x0, 0x1f, 0xff, 0xff, 0x0,
    0x0, 0x0, 0x0, 0x0, 0x0, 0x0, 0x1, 0xff,
    0xff, 0xf0, 0x0, 0x0, 0x0, 0x0, 0x0, 0x0,
    0x0, 0x1f, 0xff, 0xff, 0x0, 0x0, 0x0, 0x0,
    0x0, 0x0, 0x0, 0x1, 0xff, 0xff, 0xf0, 0x0,
    0x0, 0x0, 0x0, 0x0, 0x0, 0x0,

    /* U+0047 "G" */
    0x0, 0x0, 0x0, 0x0, 0x0, 0x1, 0x35, 0x67,
    0x64, 0x10, 0x0, 0x0, 0x0, 0x0, 0x0, 0x0,
    0x0, 0x1, 0x6b, 0xff, 0xff, 0xff, 0xff, 0xc7,
    0x0, 0x0, 0x0, 0x0, 0x0, 0x0, 0x6, 0xef,
    0xff, 0xff, 0xff, 0xff, 0xff, 0xfe, 0x70, 0x0,
    0x0, 0x0, 0x0, 0x1c, 0xff, 0xff, 0xff, 0xff,
    0xff, 0xff, 0xff, 0xff, 0xc1, 0x0, 0x0, 0x0,
    0x2d, 0xff, 0xff, 0xff, 0xff, 0xff, 0xff, 0xff,
    0xff, 0xff, 0xe2, 0x0, 0x0, 0xd, 0xff, 0xff,
    0xff, 0xfa, 0x75, 0x46, 0x9d, 0xff, 0xff, 0xfa,
    0x0, 0x0, 0x9, 0xff, 0xff, 0xff, 0x80, 0x0,
    0x0, 0x0, 0x4, 0xcf, 0xfa, 0x0, 0x0, 0x3,
    0xff, 0xff, 0xfe, 0x30, 0x0, 0x0, 0x0, 0x0,
    0x0, 0x8b, 0x0, 0x0, 0x0, 0xbf, 0xff, 0xff,
    0x30, 0x0, 0x0, 0x0, 0x0, 0x0, 0x0, 0x0,
    0x0, 0x0, 0x2f, 0xff, 0xff, 0x70, 0x0, 0x0,
    0x0, 0x0, 0x0, 0x0, 0x0, 0x0, 0x0, 0x7,
    0xff, 0xff, 0xe0, 0x0, 0x0, 0x0, 0x0, 0x0,
    0x0, 0x0, 0x0, 0x0, 0x0, 0xbf, 0xff, 0xf7,
    0x0, 0x0, 0x0, 0x0, 0x0, 0x0, 0x0, 0x0,
    0x0, 0x0, 0xe, 0xff, 0xff, 0x30, 0x0, 0x0,
    0x0, 0x0, 0x0, 0x0, 0x0, 0x0, 0x0, 0x0,
    0xff, 0xff, 0xf0, 0x0, 0x0, 0x0, 0x8, 0xff,
    0xff, 0xff, 0xff, 0xff, 0xf1, 0x1f, 0xff, 0xfe,
    0x0, 0x0, 0x0, 0x0, 0x8f, 0xff, 0xff, 0xff,
    0xff, 0xff, 0x12, 0xff, 0xff, 0xd0, 0x0, 0x0,
    0x0, 0x8, 0xff, 0xff, 0xff, 0xff, 0xff, 0xf1,
    0x1f, 0xff, 0xfe, 0x0, 0x0, 0x0, 0x0, 0x8f,
    0xff, 0xff, 0xff, 0xff, 0xff, 0x10, 0xff, 0xff,
    0xf1, 0x0, 0x0, 0x0, 0x5, 0xaa, 0xaa, 0xaa,
    0xdf, 0xff, 0xf1, 0xe, 0xff, 0xff, 0x40, 0x0,
    0x0, 0x0, 0x0, 0x0, 0x0, 0x9, 0xff, 0xff,
    0x10, 0xaf, 0xff, 0xfa, 0x0, 0x0, 0x0, 0x0,
    0x0, 0x0, 0x0, 0x9f, 0xff, 0xf1, 0x6, 0xff,
    0xff, 0xf2, 0x0, 0x0, 0x0, 0x0, 0x0, 0x0,
    0x9, 0xff, 0xff, 0x10, 0x1f, 0xff, 0xff, 0xc0,
    0x0, 0x0, 0x0, 0x0, 0x0, 0x0, 0x9f, 0xff,
    0xf1, 0x0, 0x9f, 0xff, 0xff, 0xc0, 0x0, 0x0,
    0x0, 0x0, 0x0, 0xb, 0xff, 0xff, 0x10, 0x1,
    0xef, 0xff, 0xff, 0xe6, 0x0, 0x0, 0x0, 0x0,
    0x4d, 0xff, 0xff, 0xf1, 0x0, 0x4, 0xff, 0xff,
    0xff, 0xff, 0xa7, 0x65, 0x69, 0xdf, 0xff, 0xff,
    0xff, 0x10, 0x0, 0x7, 0xff, 0xff, 0xff, 0xff,
    0xff, 0xff, 0xff, 0xff, 0xff, 0xfe, 0x30, 0x0,
    0x0, 0x5, 0xff, 0xff, 0xff, 0xff, 0xff, 0xff,
    0xff, 0xff, 0xfe, 0x20, 0x0, 0x0, 0x0, 0x2,
    0xbf, 0xff, 0xff, 0xff, 0xff, 0xff, 0xff, 0xf8,
    0x0, 0x0, 0x0, 0x0, 0x0, 0x0, 0x39, 0xdf,
    0xff, 0xff, 0xff, 0xfd, 0x82, 0x0, 0x0, 0x0,
    0x0, 0x0, 0x0, 0x0, 0x0, 0x24, 0x56, 0x75,
    0x42, 0x0, 0x0, 0x0, 0x0,

    /* U+0048 "H" */
    0xf, 0xff, 0xff, 0x10, 0x0, 0x0, 0x0, 0x0,
    0x0, 0x7, 0xff, 0xff, 0x90, 0xff, 0xff, 0xf1,
    0x0, 0x0, 0x0, 0x0, 0x0, 0x0, 0x7f, 0xff,
    0xf9, 0xf, 0xff, 0xff, 0x10, 0x0, 0x0, 0x0,
    0x0, 0x0, 0x7, 0xff, 0xff, 0x90, 0xff, 0xff,
    0xf1, 0x0, 0x0, 0x0, 0x0, 0x0, 0x0, 0x7f,
    0xff, 0xf9, 0xf, 0xff, 0xff, 0x10, 0x0, 0x0,
    0x0, 0x0, 0x0, 0x7, 0xff, 0xff, 0x90, 0xff,
    0xff, 0xf1, 0x0, 0x0, 0x0, 0x0, 0x0, 0x0,
    0x7f, 0xff, 0xf9, 0xf, 0xff, 0xff, 0x10, 0x0,
    0x0, 0x0, 0x0, 0x0, 0x7, 0xff, 0xff, 0x90,
    0xff, 0xff, 0xf1, 0x0, 0x0, 0x0, 0x0, 0x0,
    0x0, 0x7f, 0xff, 0xf9, 0xf, 0xff, 0xff, 0x10,
    0x0, 0x0, 0x0, 0x0, 0x0, 0x7, 0xff, 0xff,
    0x90, 0xff, 0xff, 0xf1, 0x0, 0x0, 0x0, 0x0,
    0x0, 0x0, 0x7f, 0xff, 0xf9, 0xf, 0xff, 0xff,
    0x10, 0x0, 0x0, 0x0, 0x0, 0x0, 0x7, 0xff,
    0xff, 0x90, 0xff, 0xff, 0xf1, 0x0, 0x0, 0x0,
    0x0, 0x0, 0x0, 0x7f, 0xff, 0xf9, 0xf, 0xff,
    0xff, 0xff, 0xff, 0xff, 0xff, 0xff, 0xff, 0xff,
    0xff, 0xff, 0x90, 0xff, 0xff, 0xff, 0xff, 0xff,
    0xff, 0xff, 0xff, 0xff, 0xff, 0xff, 0xf9, 0xf,
    0xff, 0xff, 0xff, 0xff, 0xff, 0xff, 0xff, 0xff,
    0xff, 0xff, 0xff, 0x90, 0xff, 0xff, 0xff, 0xff,
    0xff, 0xff, 0xff, 0xff, 0xff, 0xff, 0xff, 0xf9,
    0xf, 0xff, 0xff, 0xdc, 0xcc, 0xcc, 0xcc, 0xcc,
    0xcc, 0xce, 0xff, 0xff, 0x90, 0xff, 0xff, 0xf1,
    0x0, 0x0, 0x0, 0x0, 0x0, 0x0, 0x7f, 0xff,
    0xf9, 0xf, 0xff, 0xff, 0x10, 0x0, 0x0, 0x0,
    0x0, 0x0, 0x7, 0xff, 0xff, 0x90, 0xff, 0xff,
    0xf1, 0x0, 0x0, 0x0, 0x0, 0x0, 0x0, 0x7f,
    0xff, 0xf9, 0xf, 0xff, 0xff, 0x10, 0x0, 0x0,
    0x0, 0x0, 0x0, 0x7, 0xff, 0xff, 0x90, 0xff,
    0xff, 0xf1, 0x0, 0x0, 0x0, 0x0, 0x0, 0x0,
    0x7f, 0xff, 0xf9, 0xf, 0xff, 0xff, 0x10, 0x0,
    0x0, 0x0, 0x0, 0x0, 0x7, 0xff, 0xff, 0x90,
    0xff, 0xff, 0xf1, 0x0, 0x0, 0x0, 0x0, 0x0,
    0x0, 0x7f, 0xff, 0xf9, 0xf, 0xff, 0xff, 0x10,
    0x0, 0x0, 0x0, 0x0, 0x0, 0x7, 0xff, 0xff,
    0x90, 0xff, 0xff, 0xf1, 0x0, 0x0, 0x0, 0x0,
    0x0, 0x0, 0x7f, 0xff, 0xf9, 0xf, 0xff, 0xff,
    0x10, 0x0, 0x0, 0x0, 0x0, 0x0, 0x7, 0xff,
    0xff, 0x90, 0xff, 0xff, 0xf1, 0x0, 0x0, 0x0,
    0x0, 0x0, 0x0, 0x7f, 0xff, 0xf9,

    /* U+0049 "I" */
    0xf, 0xff, 0xff, 0x0, 0xff, 0xff, 0xf0, 0xf,
    0xff, 0xff, 0x0, 0xff, 0xff, 0xf0, 0xf, 0xff,
    0xff, 0x0, 0xff, 0xff, 0xf0, 0xf, 0xff, 0xff,
    0x0, 0xff, 0xff, 0xf0, 0xf, 0xff, 0xff, 0x0,
    0xff, 0xff, 0xf0, 0xf, 0xff, 0xff, 0x0, 0xff,
    0xff, 0xf0, 0xf, 0xff, 0xff, 0x0, 0xff, 0xff,
    0xf0, 0xf, 0xff, 0xff, 0x0, 0xff, 0xff, 0xf0,
    0xf, 0xff, 0xff, 0x0, 0xff, 0xff, 0xf0, 0xf,
    0xff, 0xff, 0x0, 0xff, 0xff, 0xf0, 0xf, 0xff,
    0xff, 0x0, 0xff, 0xff, 0xf0, 0xf, 0xff, 0xff,
    0x0, 0xff, 0xff, 0xf0, 0xf, 0xff, 0xff, 0x0,
    0xff, 0xff, 0xf0, 0xf, 0xff, 0xff, 0x0, 0xff,
    0xff, 0xf0,

    /* U+004A "J" */
    0x0, 0x0, 0x0, 0x0, 0x0, 0x9, 0xff, 0xff,
    0xff, 0xff, 0xff, 0xff, 0xc0, 0x0, 0x0, 0x0,
    0x0, 0x0, 0x9f, 0xff, 0xff, 0xff, 0xff, 0xff,
    0xfc, 0x0, 0x0, 0x0, 0x0, 0x0, 0x9, 0xff,
    0xff, 0xff, 0xff, 0xff, 0xff, 0xc0, 0x0, 0x0,
    0x0, 0x0, 0x0, 0x9f, 0xff, 0xff, 0xff, 0xff,
    0xff, 0xfc, 0x0, 0x0, 0x0, 0x0, 0x0, 0x7,
    0xdd, 0xdd, 0xdd, 0xde, 0xff, 0xff, 0xc0, 0x0,
    0x0, 0x0, 0x0, 0x0, 0x0, 0x0, 0x0, 0x0,
    0x5f, 0xff, 0xfc, 0x0, 0x0, 0x0, 0x0, 0x0,
    0x0, 0x0, 0x0, 0x0, 0x5, 0xff, 0xff, 0xc0,
    0x0, 0x0, 0x0, 0x0, 0x0, 0x0, 0x0, 0x0,
    0x0, 0x5f, 0xff, 0xfc, 0x0, 0x0, 0x0, 0x0,
    0x0, 0x0, 0x0, 0x0, 0x0, 0x5, 0xff, 0xff,
    0xc0, 0x0, 0x0, 0x0, 0x0, 0x0, 0x0, 0x0,
    0x0, 0x0, 0x5f, 0xff, 0xfc, 0x0, 0x0, 0x0,
    0x0, 0x0, 0x0, 0x0, 0x0, 0x0, 0x5, 0xff,
    0xff, 0xc0, 0x0, 0x0, 0x0, 0x0, 0x0, 0x0,
    0x0, 0x0, 0x0, 0x5f, 0xff, 0xfc, 0x0, 0x0,
    0x0, 0x0, 0x0, 0x0, 0x0, 0x0, 0x0, 0x5,
    0xff, 0xff, 0xc0, 0x0, 0x0, 0x0, 0x0, 0x0,
    0x0, 0x0, 0x0, 0x0, 0x5f, 0xff, 0xfc, 0x0,
    0x0, 0x0, 0x0, 0x0, 0x0, 0x0, 0x0, 0x0,
    0x5, 0xff, 0xff, 0xc0, 0x0, 0x0, 0x0, 0x0,
    0x0, 0x0, 0x0, 0x0, 0x0, 0x5f, 0xff, 0xfc,
    0x1a, 0xaa, 0xa9, 0x0, 0x0, 0x0, 0x0, 0x0,
    0x0, 0x6, 0xff, 0xff, 0xc1, 0xff, 0xff, 0xf0,
    0x0, 0x0, 0x0, 0x0, 0x0, 0x0, 0x8f, 0xff,
    0xfa, 0xf, 0xff, 0xff, 0x20, 0x0, 0x0, 0x0,
    0x0, 0x0, 0xb, 0xff, 0xff, 0x90, 0xdf, 0xff,
    0xf5, 0x0, 0x0, 0x0, 0x0, 0x0, 0x1, 0xff,
    0xff, 0xf5, 0x9, 0xff, 0xff, 0xd0, 0x0, 0x0,
    0x0, 0x0, 0x0, 0x8f, 0xff, 0xff, 0x10, 0x4f,
    0xff, 0xff, 0x70, 0x0, 0x0, 0x0, 0x0, 0x3f,
    0xff, 0xff, 0xb0, 0x0, 0xdf, 0xff, 0xff, 0xa1,
    0x0, 0x0, 0x0, 0x7f, 0xff, 0xff, 0xf4, 0x0,
    0x4, 0xff, 0xff, 0xff, 0xfb, 0x97, 0x79, 0xdf,
    0xff, 0xff, 0xfb, 0x0, 0x0, 0x8, 0xff, 0xff,
    0xff, 0xff, 0xff, 0xff, 0xff, 0xff, 0xfe, 0x10,
    0x0, 0x0, 0x9, 0xff, 0xff, 0xff, 0xff, 0xff,
    0xff, 0xff, 0xfd, 0x20, 0x0, 0x0, 0x0, 0x6,
    0xff, 0xff, 0xff, 0xff, 0xff, 0xff, 0xfa, 0x10,
    0x0, 0x0, 0x0, 0x0, 0x1, 0x7d, 0xff, 0xff,
    0xff, 0xff, 0xa3, 0x0, 0x0, 0x0, 0x0, 0x0,
    0x0, 0x0, 0x1, 0x56, 0x77, 0x53, 0x0, 0x0,
    0x0, 0x0, 0x0,

    /* U+004B "K" */
    0x1f, 0xff, 0xff, 0x0, 0x0, 0x0, 0x0, 0x1,
    0xef, 0xff, 0xff, 0x60, 0x1f, 0xff, 0xff, 0x0,
    0x0, 0x0, 0x0, 0xd, 0xff, 0xff, 0xf7, 0x0,
    0x1f, 0xff, 0xff, 0x0, 0x0, 0x0, 0x0, 0xbf,
    0xff, 0xff, 0x90, 0x0, 0x1f, 0xff, 0xff, 0x0,
    0x0, 0x0, 0xa, 0xff, 0xff, 0xfa, 0x0, 0x0,
    0x1f, 0xff, 0xff, 0x0, 0x0, 0x0, 0x8f, 0xff,
    0xff, 0xc0, 0x0, 0x0, 0x1f, 0xff, 0xff, 0x0,
    0x0, 0x6, 0xff, 0xff, 0xfd, 0x10, 0x0, 0x0,
    0x1f, 0xff, 0xff, 0x0, 0x0, 0x4f, 0xff, 0xff,
    0xe1, 0x0, 0x0, 0x0, 0x1f, 0xff, 0xff, 0x0,
    0x3, 0xff, 0xff, 0xfe, 0x20, 0x0, 0x0, 0x0,
    0x1f, 0xff, 0xff, 0x0, 0x2e, 0xff, 0xff, 0xf3,
    0x0, 0x0, 0x0, 0x0, 0x1f, 0xff, 0xff, 0x1,
    0xdf, 0xff, 0xff, 0x50, 0x0, 0x0, 0x0, 0x0,
    0x1f, 0xff, 0xff, 0x1c, 0xff, 0xff, 0xf6, 0x0,
    0x0, 0x0, 0x0, 0x0, 0x1f, 0xff, 0xff, 0xbf,
    0xff, 0xff, 0x80, 0x0, 0x0, 0x0, 0x0, 0x0,
    0x1f, 0xff, 0xff, 0xff, 0xff, 0xf9, 0x0, 0x0,
    0x0, 0x0, 0x0, 0x0, 0x1f, 0xff, 0xff, 0xff,
    0xff, 0xe0, 0x0, 0x0, 0x0, 0x0, 0x0, 0x0,
    0x1f, 0xff, 0xff, 0xff, 0xff, 0xf9, 0x0, 0x0,
    0x0, 0x0, 0x0, 0x0, 0x1f, 0xff, 0xff, 0xef,
    0xff, 0xff, 0x80, 0x0, 0x0, 0x0, 0x0, 0x0,
    0x1f, 0xff, 0xff, 0x3e, 0xff, 0xff, 0xf7, 0x0,
    0x0, 0x0, 0x0, 0x0, 0x1f, 0xff, 0xff, 0x3,
    0xff, 0xff, 0xff, 0x60, 0x0, 0x0, 0x0, 0x0,
    0x1f, 0xff, 0xff, 0x0, 0x4f, 0xff, 0xff, 0xf5,
    0x0, 0x0, 0x0, 0x0, 0x1f, 0xff, 0xff, 0x0,
    0x5, 0xff, 0xff, 0xff, 0x40, 0x0, 0x0, 0x0,
    0x1f, 0xff, 0xff, 0x0, 0x0, 0x6f, 0xff, 0xff,
    0xf3, 0x0, 0x0, 0x0, 0x1f, 0xff, 0xff, 0x0,
    0x0, 0x7, 0xff, 0xff, 0xfe, 0x20, 0x0, 0x0,
    0x1f, 0xff, 0xff, 0x0, 0x0, 0x0, 0x9f, 0xff,
    0xff, 0xe2, 0x0, 0x0, 0x1f, 0xff, 0xff, 0x0,
    0x0, 0x0, 0xa, 0xff, 0xff, 0xfd, 0x10, 0x0,
    0x1f, 0xff, 0xff, 0x0, 0x0, 0x0, 0x0, 0xbf,
    0xff, 0xff, 0xd1, 0x0, 0x1f, 0xff, 0xff, 0x0,
    0x0, 0x0, 0x0, 0xc, 0xff, 0xff, 0xfc, 0x0,
    0x1f, 0xff, 0xff, 0x0, 0x0, 0x0, 0x0, 0x1,
    0xdf, 0xff, 0xff, 0xb0, 0x1f, 0xff, 0xff, 0x0,
    0x0, 0x0, 0x0, 0x0, 0x1d, 0xff, 0xff, 0xf9,

    /* U+004C "L" */
    0x1f, 0xff, 0xff, 0x0, 0x0, 0x0, 0x0, 0x0,
    0x0, 0x0, 0x1, 0xff, 0xff, 0xf0, 0x0, 0x0,
    0x0, 0x0, 0x0, 0x0, 0x0, 0x1f, 0xff, 0xff,
    0x0, 0x0, 0x0, 0x0, 0x0, 0x0, 0x0, 0x1,
    0xff, 0xff, 0xf0, 0x0, 0x0, 0x0, 0x0, 0x0,
    0x0, 0x0, 0x1f, 0xff, 0xff, 0x0, 0x0, 0x0,
    0x0, 0x0, 0x0, 0x0, 0x1, 0xff, 0xff, 0xf0,
    0x0, 0x0, 0x0, 0x0, 0x0, 0x0, 0x0, 0x1f,
    0xff, 0xff, 0x0, 0x0, 0x0, 0x0, 0x0, 0x0,
    0x0, 0x1, 0xff, 0xff, 0xf0, 0x0, 0x0, 0x0,
    0x0, 0x0, 0x0, 0x0, 0x1f, 0xff, 0xff, 0x0,
    0x0, 0x0, 0x0, 0x0, 0x0, 0x0, 0x1, 0xff,
    0xff, 0xf0, 0x0, 0x0, 0x0, 0x0, 0x0, 0x0,
    0x0, 0x1f, 0xff, 0xff, 0x0, 0x0, 0x0, 0x0,
    0x0, 0x0, 0x0, 0x1, 0xff, 0xff, 0xf0, 0x0,
    0x0, 0x0, 0x0, 0x0, 0x0, 0x0, 0x1f, 0xff,
    0xff, 0x0, 0x0, 0x0, 0x0, 0x0, 0x0, 0x0,
    0x1, 0xff, 0xff, 0xf0, 0x0, 0x0, 0x0, 0x0,
    0x0, 0x0, 0x0, 0x1f, 0xff, 0xff, 0x0, 0x0,
    0x0, 0x0, 0x0, 0x0, 0x0, 0x1, 0xff, 0xff,
    0xf0, 0x0, 0x0, 0x0, 0x0, 0x0, 0x0, 0x0,
    0x1f, 0xff, 0xff, 0x0, 0x0, 0x0, 0x0, 0x0,
    0x0, 0x0, 0x1, 0xff, 0xff, 0xf0, 0x0, 0x0,
    0x0, 0x0, 0x0, 0x0, 0x0, 0x1f, 0xff, 0xff,
    0x0, 0x0, 0x0, 0x0, 0x0, 0x0, 0x0, 0x1,
    0xff, 0xff, 0xf0, 0x0, 0x0, 0x0, 0x0, 0x0,
    0x0, 0x0, 0x1f, 0xff, 0xff, 0x0, 0x0, 0x0,
    0x0, 0x0, 0x0, 0x0, 0x1, 0xff, 0xff, 0xf0,
    0x0, 0x0, 0x0, 0x0, 0x0, 0x0, 0x0, 0x1f,
    0xff, 0xff, 0x0, 0x0, 0x0, 0x0, 0x0, 0x0,
    0x0, 0x1, 0xff, 0xff, 0xfd, 0xcc, 0xcc, 0xcc,
    0xcc, 0xcc, 0xcc, 0xc1, 0x1f, 0xff, 0xff, 0xff,
    0xff, 0xff, 0xff, 0xff, 0xff, 0xff, 0x11, 0xff,
    0xff, 0xff, 0xff, 0xff, 0xff, 0xff, 0xff, 0xff,
    0xf1, 0x1f, 0xff, 0xff, 0xff, 0xff, 0xff, 0xff,
    0xff, 0xff, 0xff, 0x11, 0xff, 0xff, 0xff, 0xff,
    0xff, 0xff, 0xff, 0xff, 0xff, 0xf1,

    /* U+004D "M" */
    0xf, 0xff, 0xff, 0xf3, 0x0, 0x0, 0x0, 0x0,
    0x0, 0x0, 0x0, 0x6, 0xff, 0xff, 0xfd, 0xf,
    0xff, 0xff, 0xfe, 0x0, 0x0, 0x0, 0x0, 0x0,
    0x0, 0x0, 0x2f, 0xff, 0xff, 0xfd, 0xf, 0xff,
    0xff, 0xff, 0xa0, 0x0, 0x0, 0x0, 0x0, 0x0,
    0x0, 0xcf, 0xff, 0xff, 0xfd, 0xf, 0xff, 0xff,
    0xff, 0xf5, 0x0, 0x0, 0x0, 0x0, 0x0, 0x8,
    0xff, 0xff, 0xff, 0xfd, 0xf, 0xff, 0xff, 0xff,
    0xff, 0x20, 0x0, 0x0, 0x0, 0x0, 0x3f, 0xff,
    0xff, 0xff, 0xfd, 0xf, 0xff, 0xff, 0xff, 0xff,
    0xc0, 0x0, 0x0, 0x0, 0x1, 0xef, 0xff, 0xff,
    0xff, 0xfd, 0xf, 0xff, 0xff, 0xff, 0xff, 0xf7,
    0x0, 0x0, 0x0, 0xa, 0xff, 0xff, 0xff, 0xff,
    0xfd, 0xf, 0xff, 0xff, 0xff, 0xff, 0xff, 0x30,
    0x0, 0x0, 0x5f, 0xff, 0xff, 0xff, 0xff, 0xfd,
    0xf, 0xff, 0xff, 0x6f, 0xff, 0xff, 0xd0, 0x0,
    0x2, 0xff, 0xff, 0xff, 0x7f, 0xff, 0xfd, 0xf,
    0xff, 0xff, 0x19, 0xff, 0xff, 0xf9, 0x0, 0xc,
    0xff, 0xff, 0xf5, 0x4f, 0xff, 0xfd, 0xf, 0xff,
    0xff, 0x10, 0xdf, 0xff, 0xff, 0x50, 0x7f, 0xff,
    0xff, 0xa0, 0x4f, 0xff, 0xfd, 0xf, 0xff, 0xff,
    0x10, 0x2f, 0xff, 0xff, 0xe5, 0xff, 0xff, 0xfd,
    0x0, 0x4f, 0xff, 0xfd, 0xf, 0xff, 0xff, 0x10,
    0x7, 0xff, 0xff, 0xff, 0xff, 0xff, 0xf3, 0x0,
    0x4f, 0xff, 0xfd, 0xf, 0xff, 0xff, 0x10, 0x0,
    0xbf, 0xff, 0xff, 0xff, 0xff, 0x70, 0x0, 0x4f,
    0xff, 0xfd, 0xf, 0xff, 0xff, 0x10, 0x0, 0x1e,
    0xff, 0xff, 0xff, 0xfb, 0x0, 0x0, 0x4f, 0xff,
    0xfd, 0xf, 0xff, 0xff, 0x10, 0x0, 0x4, 0xff,
    0xff, 0xff, 0xe1, 0x0, 0x0, 0x4f, 0xff, 0xfd,
    0xf, 0xff, 0xff, 0x10, 0x0, 0x0, 0x9f, 0xff,
    0xff, 0x40, 0x0, 0x0, 0x4f, 0xff, 0xfd, 0xf,
    0xff, 0xff, 0x10, 0x0, 0x0, 0xd, 0xff, 0xf8,
    0x0, 0x0, 0x0, 0x4f, 0xff, 0xfd, 0xf, 0xff,
    0xff, 0x10, 0x0, 0x0, 0x2, 0xff, 0xc0, 0x0,
    0x0, 0x0, 0x4f, 0xff, 0xfd, 0xf, 0xff, 0xff,
    0x10, 0x0, 0x0, 0x0, 0x6c, 0x10, 0x0, 0x0,
    0x0, 0x4f, 0xff, 0xfd, 0xf, 0xff, 0xff, 0x10,
    0x0, 0x0, 0x0, 0x0, 0x0, 0x0, 0x0, 0x0,
    0x4f, 0xff, 0xfd, 0xf, 0xff, 0xff, 0x10, 0x0,
    0x0, 0x0, 0x0, 0x0, 0x0, 0x0, 0x0, 0x4f,
    0xff, 0xfd, 0xf, 0xff, 0xff, 0x10, 0x0, 0x0,
    0x0, 0x0, 0x0, 0x0, 0x0, 0x0, 0x4f, 0xff,
    0xfd, 0xf, 0xff, 0xff, 0x10, 0x0, 0x0, 0x0,
    0x0, 0x0, 0x0, 0x0, 0x0, 0x4f, 0xff, 0xfd,
    0xf, 0xff, 0xff, 0x10, 0x0, 0x0, 0x0, 0x0,
    0x0, 0x0, 0x0, 0x0, 0x4f, 0xff, 0xfd, 0xf,
    0xff, 0xff, 0x10, 0x0, 0x0, 0x0, 0x0, 0x0,
    0x0, 0x0, 0x0, 0x4f, 0xff, 0xfd, 0xf, 0xff,
    0xff, 0x10, 0x0, 0x0, 0x0, 0x0, 0x0, 0x0,
    0x0, 0x0, 0x4f, 0xff, 0xfd, 0xf, 0xff, 0xff,
    0x10, 0x0, 0x0, 0x0, 0x0, 0x0, 0x0, 0x0,
    0x0, 0x4f, 0xff, 0xfd,

    /* U+004E "N" */
    0xbf, 0xff, 0xd0, 0x0, 0x0, 0x0, 0x0, 0x0,
    0x2, 0xff, 0xff, 0xfb, 0xff, 0xff, 0x90, 0x0,
    0x0, 0x0, 0x0, 0x0, 0x2f, 0xff, 0xff, 0xbf,
    0xff, 0xff, 0x60, 0x0, 0x0, 0x0, 0x0, 0x2,
    0xff, 0xff, 0xfb, 0xff, 0xff, 0xff, 0x30, 0x0,
    0x0, 0x0, 0x0, 0x2f, 0xff, 0xff, 0xbf, 0xff,
    0xff, 0xfd, 0x10, 0x0, 0x0, 0x0, 0x2, 0xff,
    0xff, 0xfb, 0xff, 0xff, 0xff, 0xfb, 0x0, 0x0,
    0x0, 0x0, 0x2f, 0xff, 0xff, 0xbf, 0xff, 0xff,
    0xff, 0xf7, 0x0, 0x0, 0x0, 0x2, 0xff, 0xff,
    0xfb, 0xff, 0xff, 0xff, 0xff, 0xf4, 0x0, 0x0,
    0x0, 0x2f, 0xff, 0xff, 0xbf, 0xff, 0xff, 0xff,
    0xff, 0xe1, 0x0, 0x0, 0x2, 0xff, 0xff, 0xfb,
    0xff, 0xff, 0xbf, 0xff, 0xff, 0xc0, 0x0, 0x0,
    0x2f, 0xff, 0xff, 0xbf, 0xff, 0xf7, 0x8f, 0xff,
    0xff, 0x80, 0x0, 0x2, 0xff, 0xff, 0xfb, 0xff,
    0xff, 0x70, 0xbf, 0xff, 0xff, 0x50, 0x0, 0x2f,
    0xff, 0xff, 0xbf, 0xff, 0xf7, 0x1, 0xef, 0xff,
    0xff, 0x20, 0x2, 0xff, 0xff, 0xfb, 0xff, 0xff,
    0x70, 0x3, 0xff, 0xff, 0xfd, 0x0, 0x2f, 0xff,
    0xff, 0xbf, 0xff, 0xf7, 0x0, 0x7, 0xff, 0xff,
    0xfa, 0x2, 0xff, 0xff, 0xfb, 0xff, 0xff, 0x70,
    0x0, 0xb, 0xff, 0xff, 0xf6, 0x2f, 0xff, 0xff,
    0xbf, 0xff, 0xf7, 0x0, 0x0, 0x1d, 0xff, 0xff,
    0xf5, 0xff, 0xff, 0xfb, 0xff, 0xff, 0x70, 0x0,
    0x0, 0x3f, 0xff, 0xff, 0xff, 0xff, 0xff, 0xbf,
    0xff, 0xf7, 0x0, 0x0, 0x0, 0x6f, 0xff, 0xff,
    0xff, 0xff, 0xfb, 0xff, 0xff, 0x70, 0x0, 0x0,
    0x0, 0xaf, 0xff, 0xff, 0xff, 0xff, 0xbf, 0xff,
    0xf7, 0x0, 0x0, 0x0, 0x0, 0xdf, 0xff, 0xff,
    0xff, 0xfb, 0xff, 0xff, 0x70, 0x0, 0x0, 0x0,
    0x2, 0xff, 0xff, 0xff, 0xff, 0xbf, 0xff, 0xf7,
    0x0, 0x0, 0x0, 0x0, 0x6, 0xff, 0xff, 0xff,
    0xfb, 0xff, 0xff, 0x70, 0x0, 0x0, 0x0, 0x0,
    0x9, 0xff, 0xff, 0xff, 0xbf, 0xff, 0xf7, 0x0,
    0x0, 0x0, 0x0, 0x0, 0xd, 0xff, 0xff, 0xfb,
    0xff, 0xff, 0x70, 0x0, 0x0, 0x0, 0x0, 0x0,
    0x2f, 0xff, 0xff, 0xbf, 0xff, 0xf7, 0x0, 0x0,
    0x0, 0x0, 0x0, 0x0, 0x5f, 0xff, 0xfb, 0xff,
    0xff, 0x70, 0x0, 0x0, 0x0, 0x0, 0x0, 0x0,
    0x9f, 0xff,

    /* U+004F "O" */
    0x0, 0x0, 0x0, 0x0, 0x0, 0x2, 0x45, 0x76,
    0x53, 0x0, 0x0, 0x0, 0x0, 0x0, 0x0, 0x0,
    0x0, 0x0, 0x2, 0x8d, 0xff, 0xff, 0xff, 0xff,
    0xb5, 0x0, 0x0, 0x0, 0x0, 0x0, 0x0, 0x0,
    0x19, 0xff, 0xff, 0xff, 0xff, 0xff, 0xff, 0xfd,
    0x40, 0x0, 0x0, 0x0, 0x0, 0x0, 0x3e, 0xff,
    0xff, 0xff, 0xff, 0xff, 0xff, 0xff, 0xff, 0x90,
    0x0, 0x0, 0x0, 0x0, 0x4f, 0xff, 0xff, 0xff,
    0xff, 0xff, 0xff, 0xff, 0xff, 0xff, 0xa0, 0x0,
    0x0, 0x0, 0x2f, 0xff, 0xff, 0xff, 0xd8, 0x54,
    0x56, 0xaf, 0xff, 0xff, 0xff, 0x90, 0x0, 0x0,
    0xc, 0xff, 0xff, 0xfd, 0x30, 0x0, 0x0, 0x0,
    0x8, 0xff, 0xff, 0xff, 0x40, 0x0, 0x6, 0xff,
    0xff, 0xfb, 0x0, 0x0, 0x0, 0x0, 0x0, 0x4,
    0xff, 0xff, 0xfe, 0x0, 0x0, 0xdf, 0xff, 0xfc,
    0x0, 0x0, 0x0, 0x0, 0x0, 0x0, 0x5, 0xff,
    0xff, 0xf5, 0x0, 0x4f, 0xff, 0xff, 0x30, 0x0,
    0x0, 0x0, 0x0, 0x0, 0x0, 0xb, 0xff, 0xff,
    0xc0, 0x9, 0xff, 0xff, 0xa0, 0x0, 0x0, 0x0,
    0x0, 0x0, 0x0, 0x0, 0x3f, 0xff, 0xff, 0x10,
    0xdf, 0xff, 0xf4, 0x0, 0x0, 0x0, 0x0, 0x0,
    0x0, 0x0, 0x0, 0xdf, 0xff, 0xf5, 0x1f, 0xff,
    0xff, 0x0, 0x0, 0x0, 0x0, 0x0, 0x0, 0x0,
    0x0, 0x9, 0xff, 0xff, 0x82, 0xff, 0xff, 0xd0,
    0x0, 0x0, 0x0, 0x0, 0x0, 0x0, 0x0, 0x0,
    0x7f, 0xff, 0xfa, 0x3f, 0xff, 0xfc, 0x0, 0x0,
    0x0, 0x0, 0x0, 0x0, 0x0, 0x0, 0x5, 0xff,
    0xff, 0xb4, 0xff, 0xff, 0xc0, 0x0, 0x0, 0x0,
    0x0, 0x0, 0x0, 0x0, 0x0, 0x6f, 0xff, 0xfb,
    0x3f, 0xff, 0xff, 0x0, 0x0, 0x0, 0x0, 0x0,
    0x0, 0x0, 0x0, 0x8, 0xff, 0xff, 0xa1, 0xff,
    0xff, 0xf2, 0x0, 0x0, 0x0, 0x0, 0x0, 0x0,
    0x0, 0x0, 0xaf, 0xff, 0xf8, 0xe, 0xff, 0xff,
    0x40, 0x0, 0x0, 0x0, 0x0, 0x0, 0x0, 0x0,
    0xd, 0xff, 0xff, 0x50, 0xbf, 0xff, 0xfa, 0x0,
    0x0, 0x0, 0x0, 0x0, 0x0, 0x0, 0x3, 0xff,
    0xff, 0xf1, 0x6, 0xff, 0xff, 0xf2, 0x0, 0x0,
    0x0, 0x0, 0x0, 0x0, 0x0, 0xaf, 0xff, 0xfd,
    0x0, 0xf, 0xff, 0xff, 0xc0, 0x0, 0x0, 0x0,
    0x0, 0x0, 0x0, 0x4f, 0xff, 0xff, 0x60, 0x0,
    0x9f, 0xff, 0xff, 0xa0, 0x0, 0x0, 0x0, 0x0,
    0x0, 0x3f, 0xff, 0xff, 0xe0, 0x0, 0x1, 0xef,
    0xff, 0xff, 0xc3, 0x0, 0x0, 0x0, 0x0, 0x8f,
    0xff, 0xff, 0xf5, 0x0, 0x0, 0x4, 0xff, 0xff,
    0xff, 0xfd, 0x86, 0x45, 0x7a, 0xff, 0xff, 0xff,
    0xfa, 0x0, 0x0, 0x0, 0x6, 0xff, 0xff, 0xff,
    0xff, 0xff, 0xff, 0xff, 0xff, 0xff, 0xfb, 0x0,
    0x0, 0x0, 0x0, 0x5, 0xff, 0xff, 0xff, 0xff,
    0xff, 0xff, 0xff, 0xff, 0xfb, 0x0, 0x0, 0x0,
    0x0, 0x0, 0x2, 0xbf, 0xff, 0xff, 0xff, 0xff,
    0xff, 0xff, 0xe5, 0x0, 0x0, 0x0, 0x0, 0x0,
    0x0, 0x0, 0x49, 0xef, 0xff, 0xff, 0xff, 0xfb,
    0x60, 0x0, 0x0, 0x0, 0x0, 0x0, 0x0, 0x0,
    0x0, 0x0, 0x24, 0x67, 0x65, 0x31, 0x0, 0x0,
    0x0, 0x0, 0x0,

    /* U+0050 "P" */
    0x1f, 0xff, 0xff, 0xff, 0xff, 0xff, 0xff, 0xed,
    0xa5, 0x0, 0x0, 0x0, 0x0, 0x0, 0x1f, 0xff,
    0xff, 0xff, 0xff, 0xff, 0xff, 0xff, 0xff, 0xe6,
    0x0, 0x0, 0x0, 0x0, 0x1f, 0xff, 0xff, 0xff,
    0xff, 0xff, 0xff, 0xff, 0xff, 0xff, 0x90, 0x0,
    0x0, 0x0, 0x1f, 0xff, 0xff, 0xff, 0xff, 0xff,
    0xff, 0xff, 0xff, 0xff, 0xf9, 0x0, 0x0, 0x0,
    0x1f, 0xff, 0xff, 0xfe, 0xee, 0xee, 0xef, 0xff,
    0xff, 0xff, 0xff, 0x40, 0x0, 0x0, 0x1f, 0xff,
    0xff, 0x0, 0x0, 0x0, 0x0, 0x14, 0xcf, 0xff,
    0xff, 0xc0, 0x0, 0x0, 0x1f, 0xff, 0xff, 0x0,
    0x0, 0x0, 0x0, 0x0, 0x9, 0xff, 0xff, 0xf3,
    0x0, 0x0, 0x1f, 0xff, 0xff, 0x0, 0x0, 0x0,
    0x0, 0x0, 0x0, 0xef, 0xff, 0xf7, 0x0, 0x0,
    0x1f, 0xff, 0xff, 0x0, 0x0, 0x0, 0x0, 0x0,
    0x0, 0x8f, 0xff, 0xfa, 0x0, 0x0, 0x1f, 0xff,
    0xff, 0x0, 0x0, 0x0, 0x0, 0x0, 0x0, 0x5f,
    0xff, 0xfc, 0x0, 0x0, 0x1f, 0xff, 0xff, 0x0,
    0x0, 0x0, 0x0, 0x0, 0x0, 0x6f, 0xff, 0xfb,
    0x0, 0x0, 0x1f, 0xff, 0xff, 0x0, 0x0, 0x0,
    0x0, 0x0, 0x0, 0x8f, 0xff, 0xfa, 0x0, 0x0,
    0x1f, 0xff, 0xff, 0x0, 0x0, 0x0, 0x0, 0x0,
    0x1, 0xef, 0xff, 0xf7, 0x0, 0x0, 0x1f, 0xff,
    0xff, 0x0, 0x0, 0x0, 0x0, 0x0, 0xa, 0xff,
    0xff, 0xf2, 0x0, 0x0, 0x1f, 0xff, 0xff, 0x0,
    0x0, 0x0, 0x0, 0x25, 0xdf, 0xff, 0xff, 0xb0,
    0x0, 0x0, 0x1f, 0xff, 0xff, 0xff, 0xff, 0xff,
    0xff, 0xff, 0xff, 0xff, 0xff, 0x30, 0x0, 0x0,
    0x1f, 0xff, 0xff, 0xff, 0xff, 0xff, 0xff, 0xff,
    0xff, 0xff, 0xf6, 0x0, 0x0, 0x0, 0x1f, 0xff,
    0xff, 0xff, 0xff, 0xff, 0xff, 0xff, 0xff, 0xff,
    0x60, 0x0, 0x0, 0x0, 0x1f, 0xff, 0xff, 0xff,
    0xff, 0xff, 0xff, 0xff, 0xff, 0xb3, 0x0, 0x0,
    0x0, 0x0, 0x1f, 0xff, 0xff, 0xcc, 0xcc, 0xcc,
    0xcc, 0xb9, 0x72, 0x0, 0x0, 0x0, 0x0, 0x0,
    0x1f, 0xff, 0xff, 0x0, 0x0, 0x0, 0x0, 0x0,
    0x0, 0x0, 0x0, 0x0, 0x0, 0x0, 0x1f, 0xff,
    0xff, 0x0, 0x0, 0x0, 0x0, 0x0, 0x0, 0x0,
    0x0, 0x0, 0x0, 0x0, 0x1f, 0xff, 0xff, 0x0,
    0x0, 0x0, 0x0, 0x0, 0x0, 0x0, 0x0, 0x0,
    0x0, 0x0, 0x1f, 0xff, 0xff, 0x0, 0x0, 0x0,
    0x0, 0x0, 0x0, 0x0, 0x0, 0x0, 0x0, 0x0,
    0x1f, 0xff, 0xff, 0x0, 0x0, 0x0, 0x0, 0x0,
    0x0, 0x0, 0x0, 0x0, 0x0, 0x0, 0x1f, 0xff,
    0xff, 0x0, 0x0, 0x0, 0x0, 0x0, 0x0, 0x0,
    0x0, 0x0, 0x0, 0x0, 0x1f, 0xff, 0xff, 0x0,
    0x0, 0x0, 0x0, 0x0, 0x0, 0x0, 0x0, 0x0,
    0x0, 0x0, 0x1f, 0xff, 0xff, 0x0, 0x0, 0x0,
    0x0, 0x0, 0x0, 0x0, 0x0, 0x0, 0x0, 0x0,

    /* U+0051 "Q" */
    0x0, 0x0, 0x0, 0x0, 0x0, 0x2, 0x46, 0x76,
    0x53, 0x0, 0x0, 0x0, 0x0, 0x0, 0x0, 0x0,
    0x0, 0x0, 0x0, 0x49, 0xef, 0xff, 0xff, 0xff,
    0xfb, 0x60, 0x0, 0x0, 0x0, 0x0, 0x0, 0x0,
    0x0, 0x2b, 0xff, 0xff, 0xff, 0xff, 0xff, 0xff,
    0xfe, 0x50, 0x0, 0x0, 0x0, 0x0, 0x0, 0x5,
    0xff, 0xff, 0xff, 0xff, 0xff, 0xff, 0xff, 0xff,
    0xfa, 0x0, 0x0, 0x0, 0x0, 0x0, 0x6f, 0xff,
    0xff, 0xff, 0xff, 0xff, 0xff, 0xff, 0xff, 0xff,
    0xb0, 0x0, 0x0, 0x0, 0x4, 0xff, 0xff, 0xff,
    0xfc, 0x75, 0x34, 0x6a, 0xef, 0xff, 0xff, 0xf9,
    0x0, 0x0, 0x0, 0x1e, 0xff, 0xff, 0xfc, 0x20,
    0x0, 0x0, 0x0, 0x8, 0xff, 0xff, 0xff, 0x40,
    0x0, 0x0, 0x9f, 0xff, 0xff, 0x90, 0x0, 0x0,
    0x0, 0x0, 0x0, 0x4f, 0xff, 0xff, 0xd0, 0x0,
    0x1, 0xff, 0xff, 0xfb, 0x0, 0x0, 0x0, 0x0,
    0x0, 0x0, 0x5, 0xff, 0xff, 0xf5, 0x0, 0x7,
    0xff, 0xff, 0xf1, 0x0, 0x0, 0x0, 0x0, 0x0,
    0x0, 0x0, 0xbf, 0xff, 0xfb, 0x0, 0xb, 0xff,
    0xff, 0x90, 0x0, 0x0, 0x0, 0x0, 0x0, 0x0,
    0x0, 0x4f, 0xff, 0xff, 0x0, 0xf, 0xff, 0xff,
    0x30, 0x0, 0x0, 0x0, 0x0, 0x0, 0x0, 0x0,
    0xe, 0xff, 0xff, 0x40, 0x2f, 0xff, 0xff, 0x0,
    0x0, 0x0, 0x0, 0x0, 0x0, 0x0, 0x0, 0xc,
    0xff, 0xff, 0x70, 0x4f, 0xff, 0xfc, 0x0, 0x0,
    0x0, 0x0, 0x0, 0x0, 0x0, 0x0, 0x9, 0xff,
    0xff, 0x80, 0x5f, 0xff, 0xfb, 0x0, 0x0, 0x0,
    0x0, 0x0, 0x0, 0x0, 0x0, 0x7, 0xff, 0xff,
    0xa0, 0x5f, 0xff, 0xfb, 0x0, 0x0, 0x0, 0x0,
    0x0, 0x0, 0x0, 0x0, 0x7, 0xff, 0xff, 0xa0,
    0x4f, 0xff, 0xfc, 0x0, 0x0, 0x0, 0x0, 0x0,
    0x0, 0x0, 0x0, 0x8, 0xff, 0xff, 0x90, 0x2f,
    0xff, 0xff, 0x0, 0x0, 0x0, 0x0, 0x0, 0x0,
    0x0, 0x0, 0xb, 0xff, 0xff, 0x70, 0xf, 0xff,
    0xff, 0x40, 0x0, 0x0, 0x0, 0x0, 0x0, 0x0,
    0x0, 0xf, 0xff, 0xff, 0x40, 0xb, 0xff, 0xff,
    0xa0, 0x0, 0x0, 0x0, 0x0, 0x0, 0x0, 0x0,
    0x5f, 0xff, 0xff, 0x10, 0x7, 0xff, 0xff, 0xf3,
    0x0, 0x0, 0x0, 0x0, 0x0, 0x0, 0x0, 0xdf,
    0xff, 0xfb, 0x0, 0x1, 0xff, 0xff, 0xfd, 0x0,
    0x0, 0x0, 0x0, 0x0, 0x0, 0x9, 0xff, 0xff,
    0xf5, 0x0, 0x0, 0x9f, 0xff, 0xff, 0xc0, 0x0,
    0x0, 0x0, 0x0, 0x0, 0x8f, 0xff, 0xff, 0xd0,
    0x0, 0x0, 0x1e, 0xff, 0xff, 0xfe, 0x50, 0x0,
    0x0, 0x0, 0x2b, 0xff, 0xff, 0xff, 0x50, 0x0,
    0x0, 0x5, 0xff, 0xff, 0xff, 0xfe, 0x96, 0x56,
    0x8c, 0xff, 0xff, 0xff, 0xff, 0xb0, 0x0, 0x0,
    0x0, 0x7f, 0xff, 0xff, 0xff, 0xff, 0xff, 0xff,
    0xff, 0xff, 0xff, 0xff, 0xfb, 0x0, 0x0, 0x0,
    0x6, 0xff, 0xff, 0xff, 0xff, 0xff, 0xff, 0xff,
    0xff, 0xff, 0xff, 0xff, 0xb0, 0x0, 0x0, 0x0,
    0x2b, 0xff, 0xff, 0xff, 0xff, 0xff, 0xff, 0xfd,
    0xaf, 0xff, 0xff, 0xd1, 0x0, 0x0, 0x0, 0x0,
    0x49, 0xef, 0xff, 0xff, 0xff, 0xfb, 0x40, 0x8,
    0xff, 0xfd, 0x10, 0x0, 0x0, 0x0, 0x0, 0x0,
    0x3, 0x46, 0x77, 0x64, 0x10, 0x0, 0x0, 0x8f,
    0xd1, 0x0, 0x0, 0x0, 0x0, 0x0, 0x0, 0x0,
    0x0, 0x0, 0x0, 0x0, 0x0, 0x0, 0x7, 0x10,
    0x0,

    /* U+0052 "R" */
    0xf, 0xff, 0xff, 0xff, 0xff, 0xff, 0xff, 0xfd,
    0xb6, 0x10, 0x0, 0x0, 0x0, 0xf, 0xff, 0xff,
    0xff, 0xff, 0xff, 0xff, 0xff, 0xff, 0xf8, 0x0,
    0x0, 0x0, 0xf, 0xff, 0xff, 0xff, 0xff, 0xff,
    0xff, 0xff, 0xff, 0xff, 0xc1, 0x0, 0x0, 0xf,
    0xff, 0xff, 0xff, 0xff, 0xff, 0xff, 0xff, 0xff,
    0xff, 0xfc, 0x0, 0x0, 0xf, 0xff, 0xff, 0xdd,
    0xdd, 0xdd, 0xdd, 0xff, 0xff, 0xff, 0xff, 0x70,
    0x0, 0xf, 0xff, 0xff, 0x10, 0x0, 0x0, 0x0,
    0x2, 0x9f, 0xff, 0xff, 0xe0, 0x0, 0xf, 0xff,
    0xff, 0x10, 0x0, 0x0, 0x0, 0x0, 0x6, 0xff,
    0xff, 0xf5, 0x0, 0xf, 0xff, 0xff, 0x10, 0x0,
    0x0, 0x0, 0x0, 0x0, 0xdf, 0xff, 0xf9, 0x0,
    0xf, 0xff, 0xff, 0x10, 0x0, 0x0, 0x0, 0x0,
    0x0, 0x8f, 0xff, 0xfb, 0x0, 0xf, 0xff, 0xff,
    0x10, 0x0, 0x0, 0x0, 0x0, 0x0, 0x6f, 0xff,
    0xfb, 0x0, 0xf, 0xff, 0xff, 0x10, 0x0, 0x0,
    0x0, 0x0, 0x0, 0x9f, 0xff, 0xf9, 0x0, 0xf,
    0xff, 0xff, 0x10, 0x0, 0x0, 0x0, 0x0, 0x0,
    0xdf, 0xff, 0xf7, 0x0, 0xf, 0xff, 0xff, 0x10,
    0x0, 0x0, 0x0, 0x0, 0x8, 0xff, 0xff, 0xf4,
    0x0, 0xf, 0xff, 0xff, 0x10, 0x0, 0x0, 0x0,
    0x14, 0xbf, 0xff, 0xff, 0xd0, 0x0, 0xf, 0xff,
    0xff, 0xff, 0xff, 0xff, 0xff, 0xff, 0xff, 0xff,
    0xff, 0x50, 0x0, 0xf, 0xff, 0xff, 0xff, 0xff,
    0xff, 0xff, 0xff, 0xff, 0xff, 0xfa, 0x0, 0x0,
    0xf, 0xff, 0xff, 0xff, 0xff, 0xff, 0xff, 0xff,
    0xff, 0xff, 0x80, 0x0, 0x0, 0xf, 0xff, 0xff,
    0xff, 0xff, 0xff, 0xff, 0xff, 0xff, 0xa2, 0x0,
    0x0, 0x0, 0xf, 0xff, 0xff, 0xbb, 0xbb, 0xbf,
    0xff, 0xff, 0xf3, 0x0, 0x0, 0x0, 0x0, 0xf,
    0xff, 0xff, 0x10, 0x0, 0x4, 0xff, 0xff, 0xfe,
    0x10, 0x0, 0x0, 0x0, 0xf, 0xff, 0xff, 0x10,
    0x0, 0x0, 0x6f, 0xff, 0xff, 0xd1, 0x0, 0x0,
    0x0, 0xf, 0xff, 0xff, 0x10, 0x0, 0x0, 0x8,
    0xff, 0xff, 0xfb, 0x0, 0x0, 0x0, 0xf, 0xff,
    0xff, 0x10, 0x0, 0x0, 0x0, 0xbf, 0xff, 0xff,
    0xa0, 0x0, 0x0, 0xf, 0xff, 0xff, 0x10, 0x0,
    0x0, 0x0, 0xc, 0xff, 0xff, 0xf8, 0x0, 0x0,
    0xf, 0xff, 0xff, 0x10, 0x0, 0x0, 0x0, 0x1,
    0xef, 0xff, 0xff, 0x60, 0x0, 0xf, 0xff, 0xff,
    0x10, 0x0, 0x0, 0x0, 0x0, 0x3f, 0xff, 0xff,
    0xf4, 0x0, 0xf, 0xff, 0xff, 0x10, 0x0, 0x0,
    0x0, 0x0, 0x4, 0xff, 0xff, 0xff, 0x20, 0xf,
    0xff, 0xff, 0x10, 0x0, 0x0, 0x0, 0x0, 0x0,
    0x6f, 0xff, 0xff, 0xe0,

    /* U+0053 "S" */
    0x0, 0x0, 0x0, 0x0, 0x2, 0x46, 0x76, 0x42,
    0x0, 0x0, 0x0, 0x0, 0x0, 0x0, 0x0, 0x6c,
    0xff, 0xff, 0xff, 0xff, 0xe9, 0x30, 0x0, 0x0,
    0x0, 0x0, 0x4e, 0xff, 0xff, 0xff, 0xff, 0xff,
    0xff, 0xf9, 0x0, 0x0, 0x0, 0x6, 0xff, 0xff,
    0xff, 0xff, 0xff, 0xff, 0xff, 0xff, 0xe2, 0x0,
    0x0, 0x4f, 0xff, 0xff, 0xff, 0xff, 0xff, 0xff,
    0xff, 0xff, 0xfd, 0x10, 0x0, 0xcf, 0xff, 0xff,
    0xd6, 0x31, 0x2, 0x4a, 0xff, 0xff, 0xff, 0x90,
    0x2, 0xff, 0xff, 0xf9, 0x0, 0x0, 0x0, 0x0,
    0x2b, 0xff, 0xfa, 0x20, 0x5, 0xff, 0xff, 0xe0,
    0x0, 0x0, 0x0, 0x0, 0x0, 0xba, 0x20, 0x0,
    0x6, 0xff, 0xff, 0xb0, 0x0, 0x0, 0x0, 0x0,
    0x0, 0x0, 0x0, 0x0, 0x5, 0xff, 0xff, 0xe0,
    0x0, 0x0, 0x0, 0x0, 0x0, 0x0, 0x0, 0x0,
    0x2, 0xff, 0xff, 0xf9, 0x0, 0x0, 0x0, 0x0,
    0x0, 0x0, 0x0, 0x0, 0x0, 0xdf, 0xff, 0xff,
    0xe8, 0x41, 0x0, 0x0, 0x0, 0x0, 0x0, 0x0,
    0x0, 0x5f, 0xff, 0xff, 0xff, 0xff, 0xfc, 0x96,
    0x30, 0x0, 0x0, 0x0, 0x0, 0x8, 0xff, 0xff,
    0xff, 0xff, 0xff, 0xff, 0xfe, 0x81, 0x0, 0x0,
    0x0, 0x0, 0x5e, 0xff, 0xff, 0xff, 0xff, 0xff,
    0xff, 0xff, 0x90, 0x0, 0x0, 0x0, 0x0, 0x4b,
    0xff, 0xff, 0xff, 0xff, 0xff, 0xff, 0xfc, 0x0,
    0x0, 0x0, 0x0, 0x0, 0x3, 0x69, 0xce, 0xff,
    0xff, 0xff, 0xff, 0x90, 0x0, 0x0, 0x0, 0x0,
    0x0, 0x0, 0x0, 0x16, 0xcf, 0xff, 0xff, 0xf1,
    0x0, 0x0, 0x0, 0x0, 0x0, 0x0, 0x0, 0x0,
    0x8, 0xff, 0xff, 0xf6, 0x0, 0x0, 0x0, 0x0,
    0x0, 0x0, 0x0, 0x0, 0x0, 0xcf, 0xff, 0xf9,
    0x0, 0x0, 0x40, 0x0, 0x0, 0x0, 0x0, 0x0,
    0x0, 0x7f, 0xff, 0xfa, 0x0, 0x6d, 0xf4, 0x0,
    0x0, 0x0, 0x0, 0x0, 0x0, 0x8f, 0xff, 0xfa,
    0x4d, 0xff, 0xfd, 0x20, 0x0, 0x0, 0x0, 0x0,
    0x0, 0xdf, 0xff, 0xf8, 0x4f, 0xff, 0xff, 0xf5,
    0x0, 0x0, 0x0, 0x0, 0x1c, 0xff, 0xff, 0xf3,
    0xb, 0xff, 0xff, 0xff, 0xe8, 0x53, 0x24, 0x5a,
    0xff, 0xff, 0xff, 0xd0, 0x1, 0xef, 0xff, 0xff,
    0xff, 0xff, 0xff, 0xff, 0xff, 0xff, 0xff, 0x30,
    0x0, 0x3e, 0xff, 0xff, 0xff, 0xff, 0xff, 0xff,
    0xff, 0xff, 0xf6, 0x0, 0x0, 0x1, 0xbf, 0xff,
    0xff, 0xff, 0xff, 0xff, 0xff, 0xfd, 0x30, 0x0,
    0x0, 0x0, 0x3, 0x8d, 0xff, 0xff, 0xff, 0xff,
    0xfb, 0x50, 0x0, 0x0, 0x0, 0x0, 0x0, 0x0,
    0x24, 0x56, 0x76, 0x53, 0x0, 0x0, 0x0, 0x0,

    /* U+0054 "T" */
    0xaf, 0xff, 0xff, 0xff, 0xff, 0xff, 0xff, 0xff,
    0xff, 0xff, 0xff, 0xca, 0xff, 0xff, 0xff, 0xff,
    0xff, 0xff, 0xff, 0xff, 0xff, 0xff, 0xfc, 0xaf,
    0xff, 0xff, 0xff, 0xff, 0xff, 0xff, 0xff, 0xff,
    0xff, 0xff, 0xca, 0xff, 0xff, 0xff, 0xff, 0xff,
    0xff, 0xff, 0xff, 0xff, 0xff, 0xfc, 0x8b, 0xbb,
    0xbb, 0xbb, 0xbf, 0xff, 0xff, 0xcb, 0xbb, 0xbb,
    0xbb, 0x90, 0x0, 0x0, 0x0, 0x0, 0xff, 0xff,
    0xf1, 0x0, 0x0, 0x0, 0x0, 0x0, 0x0, 0x0,
    0x0, 0xf, 0xff, 0xff, 0x10, 0x0, 0x0, 0x0,
    0x0, 0x0, 0x0, 0x0, 0x0, 0xff, 0xff, 0xf1,
    0x0, 0x0, 0x0, 0x0, 0x0, 0x0, 0x0, 0x0,
    0xf, 0xff, 0xff, 0x10, 0x0, 0x0, 0x0, 0x0,
    0x0, 0x0, 0x0, 0x0, 0xff, 0xff, 0xf1, 0x0,
    0x0, 0x0, 0x0, 0x0, 0x0, 0x0, 0x0, 0xf,
    0xff, 0xff, 0x10, 0x0, 0x0, 0x0, 0x0, 0x0,
    0x0, 0x0, 0x0, 0xff, 0xff, 0xf1, 0x0, 0x0,
    0x0, 0x0, 0x0, 0x0, 0x0, 0x0, 0xf, 0xff,
    0xff, 0x10, 0x0, 0x0, 0x0, 0x0, 0x0, 0x0,
    0x0, 0x0, 0xff, 0xff, 0xf1, 0x0, 0x0, 0x0,
    0x0, 0x0, 0x0, 0x0, 0x0, 0xf, 0xff, 0xff,
    0x10, 0x0, 0x0, 0x0, 0x0, 0x0, 0x0, 0x0,
    0x0, 0xff, 0xff, 0xf1, 0x0, 0x0, 0x0, 0x0,
    0x0, 0x0, 0x0, 0x0, 0xf, 0xff, 0xff, 0x10,
    0x0, 0x0, 0x0, 0x0, 0x0, 0x0, 0x0, 0x0,
    0xff, 0xff, 0xf1, 0x0, 0x0, 0x0, 0x0, 0x0,
    0x0, 0x0, 0x0, 0xf, 0xff, 0xff, 0x10, 0x0,
    0x0, 0x0, 0x0, 0x0, 0x0, 0x0, 0x0, 0xff,
    0xff, 0xf1, 0x0, 0x0, 0x0, 0x0, 0x0, 0x0,
    0x0, 0x0, 0xf, 0xff, 0xff, 0x10, 0x0, 0x0,
    0x0, 0x0, 0x0, 0x0, 0x0, 0x0, 0xff, 0xff,
    0xf1, 0x0, 0x0, 0x0, 0x0, 0x0, 0x0, 0x0,
    0x0, 0xf, 0xff, 0xff, 0x10, 0x0, 0x0, 0x0,
    0x0, 0x0, 0x0, 0x0, 0x0, 0xff, 0xff, 0xf1,
    0x0, 0x0, 0x0, 0x0, 0x0, 0x0, 0x0, 0x0,
    0xf, 0xff, 0xff, 0x10, 0x0, 0x0, 0x0, 0x0,
    0x0, 0x0, 0x0, 0x0, 0xff, 0xff, 0xf1, 0x0,
    0x0, 0x0, 0x0, 0x0, 0x0, 0x0, 0x0, 0xf,
    0xff, 0xff, 0x10, 0x0, 0x0, 0x0, 0x0, 0x0,
    0x0, 0x0, 0x0, 0xff, 0xff, 0xf1, 0x0, 0x0,
    0x0, 0x0,

    /* U+0055 "U" */
    0x1f, 0xff, 0xff, 0x0, 0x0, 0x0, 0x0, 0x0,
    0x0, 0x3, 0xff, 0xff, 0xd1, 0xff, 0xff, 0xf0,
    0x0, 0x0, 0x0, 0x0, 0x0, 0x0, 0x3f, 0xff,
    0xfd, 0x1f, 0xff, 0xff, 0x0, 0x0, 0x0, 0x0,
    0x0, 0x0, 0x3, 0xff, 0xff, 0xd1, 0xff, 0xff,
    0xf0, 0x0, 0x0, 0x0, 0x0, 0x0, 0x0, 0x3f,
    0xff, 0xfd, 0x1f, 0xff, 0xff, 0x0, 0x0, 0x0,
    0x0, 0x0, 0x0, 0x3, 0xff, 0xff, 0xd1, 0xff,
    0xff, 0xf0, 0x0, 0x0, 0x0, 0x0, 0x0, 0x0,
    0x3f, 0xff, 0xfd, 0x1f, 0xff, 0xff, 0x0, 0x0,
    0x0, 0x0, 0x0, 0x0, 0x3, 0xff, 0xff, 0xd1,
    0xff, 0xff, 0xf0, 0x0, 0x0, 0x0, 0x0, 0x0,
    0x0, 0x3f, 0xff, 0xfd, 0x1f, 0xff, 0xff, 0x0,
    0x0, 0x0, 0x0, 0x0, 0x0, 0x3, 0xff, 0xff,
    0xd1, 0xff, 0xff, 0xf0, 0x0, 0x0, 0x0, 0x0,
    0x0, 0x0, 0x3f, 0xff, 0xfd, 0x1f, 0xff, 0xff,
    0x0, 0x0, 0x0, 0x0, 0x0, 0x0, 0x3, 0xff,
    0xff, 0xd1, 0xff, 0xff, 0xf0, 0x0, 0x0, 0x0,
    0x0, 0x0, 0x0, 0x3f, 0xff, 0xfd, 0x1f, 0xff,
    0xff, 0x0, 0x0, 0x0, 0x0, 0x0, 0x0, 0x3,
    0xff, 0xff, 0xd1, 0xff, 0xff, 0xf0, 0x0, 0x0,
    0x0, 0x0, 0x0, 0x0, 0x3f, 0xff, 0xfd, 0x1f,
    0xff, 0xff, 0x0, 0x0, 0x0, 0x0, 0x0, 0x0,
    0x3, 0xff, 0xff, 0xd1, 0xff, 0xff, 0xf0, 0x0,
    0x0, 0x0, 0x0, 0x0, 0x0, 0x3f, 0xff, 0xfd,
    0xf, 0xff, 0xff, 0x0, 0x0, 0x0, 0x0, 0x0,
    0x0, 0x5, 0xff, 0xff, 0xd0, 0xff, 0xff, 0xf1,
    0x0, 0x0, 0x0, 0x0, 0x0, 0x0, 0x7f, 0xff,
    0xfb, 0xe, 0xff, 0xff, 0x40, 0x0, 0x0, 0x0,
    0x0, 0x0, 0x9, 0xff, 0xff, 0xa0, 0xbf, 0xff,
    0xf9, 0x0, 0x0, 0x0, 0x0, 0x0, 0x0, 0xdf,
    0xff, 0xf7, 0x6, 0xff, 0xff, 0xf3, 0x0, 0x0,
    0x0, 0x0, 0x0, 0x5f, 0xff, 0xff, 0x30, 0x1f,
    0xff, 0xff, 0xc0, 0x0, 0x0, 0x0, 0x0, 0xd,
    0xff, 0xff, 0xe0, 0x0, 0x9f, 0xff, 0xff, 0xd3,
    0x0, 0x0, 0x0, 0x3d, 0xff, 0xff, 0xf7, 0x0,
    0x1, 0xff, 0xff, 0xff, 0xfa, 0x85, 0x46, 0xaf,
    0xff, 0xff, 0xfe, 0x0, 0x0, 0x4, 0xff, 0xff,
    0xff, 0xff, 0xff, 0xff, 0xff, 0xff, 0xff, 0x30,
    0x0, 0x0, 0x5, 0xff, 0xff, 0xff, 0xff, 0xff,
    0xff, 0xff, 0xff, 0x50, 0x0, 0x0, 0x0, 0x2,
    0xdf, 0xff, 0xff, 0xff, 0xff, 0xff, 0xfd, 0x30,
    0x0, 0x0, 0x0, 0x0, 0x0, 0x5c, 0xff, 0xff,
    0xff, 0xff, 0xc5, 0x0, 0x0, 0x0, 0x0, 0x0,
    0x0, 0x0, 0x0, 0x46, 0x77, 0x64, 0x0, 0x0,
    0x0, 0x0, 0x0,

    /* U+0056 "V" */
    0xcf, 0xff, 0xff, 0x0, 0x0, 0x0, 0x0, 0x0,
    0x0, 0x0, 0x0, 0xdf, 0xff, 0xfd, 0x5, 0xff,
    0xff, 0xf6, 0x0, 0x0, 0x0, 0x0, 0x0, 0x0,
    0x0, 0x4f, 0xff, 0xff, 0x70, 0xe, 0xff, 0xff,
    0xc0, 0x0, 0x0, 0x0, 0x0, 0x0, 0x0, 0xa,
    0xff, 0xff, 0xf1, 0x0, 0x8f, 0xff, 0xff, 0x20,
    0x0, 0x0, 0x0, 0x0, 0x0, 0x0, 0xff, 0xff,
    0xfa, 0x0, 0x2, 0xff, 0xff, 0xf8, 0x0, 0x0,
    0x0, 0x0, 0x0, 0x0, 0x6f, 0xff, 0xff, 0x40,
    0x0, 0xb, 0xff, 0xff, 0xe0, 0x0, 0x0, 0x0,
    0x0, 0x0, 0xc, 0xff, 0xff, 0xd0, 0x0, 0x0,
    0x5f, 0xff, 0xff, 0x40, 0x0, 0x0, 0x0, 0x0,
    0x2, 0xff, 0xff, 0xf7, 0x0, 0x0, 0x0, 0xef,
    0xff, 0xfa, 0x0, 0x0, 0x0, 0x0, 0x0, 0x8f,
    0xff, 0xff, 0x10, 0x0, 0x0, 0x8, 0xff, 0xff,
    0xf1, 0x0, 0x0, 0x0, 0x0, 0xe, 0xff, 0xff,
    0xa0, 0x0, 0x0, 0x0, 0x2f, 0xff, 0xff, 0x60,
    0x0, 0x0, 0x0, 0x4, 0xff, 0xff, 0xf3, 0x0,
    0x0, 0x0, 0x0, 0xbf, 0xff, 0xfc, 0x0, 0x0,
    0x0, 0x0, 0xaf, 0xff, 0xfd, 0x0, 0x0, 0x0,
    0x0, 0x4, 0xff, 0xff, 0xf2, 0x0, 0x0, 0x0,
    0x1f, 0xff, 0xff, 0x60, 0x0, 0x0, 0x0, 0x0,
    0xe, 0xff, 0xff, 0x80, 0x0, 0x0, 0x7, 0xff,
    0xff, 0xf0, 0x0, 0x0, 0x0, 0x0, 0x0, 0x7f,
    0xff, 0xfe, 0x0, 0x0, 0x0, 0xdf, 0xff, 0xf9,
    0x0, 0x0, 0x0, 0x0, 0x0, 0x1, 0xff, 0xff,
    0xf4, 0x0, 0x0, 0x3f, 0xff, 0xff, 0x30, 0x0,
    0x0, 0x0, 0x0, 0x0, 0xa, 0xff, 0xff, 0xb0,
    0x0, 0x9, 0xff, 0xff, 0xc0, 0x0, 0x0, 0x0,
    0x0, 0x0, 0x0, 0x4f, 0xff, 0xff, 0x10, 0x0,
    0xef, 0xff, 0xf6, 0x0, 0x0, 0x0, 0x0, 0x0,
    0x0, 0x0, 0xdf, 0xff, 0xf7, 0x0, 0x5f, 0xff,
    0xff, 0x0, 0x0, 0x0, 0x0, 0x0, 0x0, 0x0,
    0x7, 0xff, 0xff, 0xd0, 0xb, 0xff, 0xff, 0x90,
    0x0, 0x0, 0x0, 0x0, 0x0, 0x0, 0x0, 0x1f,
    0xff, 0xff, 0x31, 0xff, 0xff, 0xf2, 0x0, 0x0,
    0x0, 0x0, 0x0, 0x0, 0x0, 0x0, 0xaf, 0xff,
    0xf9, 0x7f, 0xff, 0xfc, 0x0, 0x0, 0x0, 0x0,
    0x0, 0x0, 0x0, 0x0, 0x3, 0xff, 0xff, 0xee,
    0xff, 0xff, 0x50, 0x0, 0x0, 0x0, 0x0, 0x0,
    0x0, 0x0, 0x0, 0xd, 0xff, 0xff, 0xff, 0xff,
    0xe0, 0x0, 0x0, 0x0, 0x0, 0x0, 0x0, 0x0,
    0x0, 0x0, 0x6f, 0xff, 0xff, 0xff, 0xf8, 0x0,
    0x0, 0x0, 0x0, 0x0, 0x0, 0x0, 0x0, 0x0,
    0x1, 0xff, 0xff, 0xff, 0xff, 0x20, 0x0, 0x0,
    0x0, 0x0, 0x0, 0x0, 0x0, 0x0, 0x0, 0x9,
    0xff, 0xff, 0xff, 0xb0, 0x0, 0x0, 0x0, 0x0,
    0x0, 0x0, 0x0, 0x0, 0x0, 0x0, 0x3f, 0xff,
    0xff, 0xf5, 0x0, 0x0, 0x0, 0x0, 0x0, 0x0,
    0x0, 0x0, 0x0, 0x0, 0x0, 0xcf, 0xff, 0xfe,
    0x0, 0x0, 0x0, 0x0, 0x0, 0x0,

    /* U+0057 "W" */
    0xaf, 0xff, 0xff, 0x20, 0x0, 0x0, 0x0, 0x0,
    0x0, 0x2f, 0xff, 0x80, 0x0, 0x0, 0x0, 0x0,
    0x0, 0xb, 0xff, 0xff, 0xf1, 0x4f, 0xff, 0xff,
    0x70, 0x0, 0x0, 0x0, 0x0, 0x0, 0x7f, 0xff,
    0xe0, 0x0, 0x0, 0x0, 0x0, 0x0, 0xf, 0xff,
    0xff, 0xb0, 0xe, 0xff, 0xff, 0xc0, 0x0, 0x0,
    0x0, 0x0, 0x0, 0xcf, 0xff, 0xf3, 0x0, 0x0,
    0x0, 0x0, 0x0, 0x5f, 0xff, 0xff, 0x50, 0x8,
    0xff, 0xff, 0xf1, 0x0, 0x0, 0x0, 0x0, 0x1,
    0xff, 0xff, 0xf9, 0x0, 0x0, 0x0, 0x0, 0x0,
    0xaf, 0xff, 0xff, 0x0, 0x3, 0xff, 0xff, 0xf6,
    0x0, 0x0, 0x0, 0x0, 0x7, 0xff, 0xff, 0xfe,
    0x0, 0x0, 0x0, 0x0, 0x0, 0xef, 0xff, 0xfa,
    0x0, 0x0, 0xdf, 0xff, 0xfb, 0x0, 0x0, 0x0,
    0x0, 0xc, 0xff, 0xff, 0xff, 0x30, 0x0, 0x0,
    0x0, 0x3, 0xff, 0xff, 0xf4, 0x0, 0x0, 0x7f,
    0xff, 0xff, 0x0, 0x0, 0x0, 0x0, 0x1f, 0xff,
    0xff, 0xff, 0x90, 0x0, 0x0, 0x0, 0x8, 0xff,
    0xff, 0xe0, 0x0, 0x0, 0x2f, 0xff, 0xff, 0x50,
    0x0, 0x0, 0x0, 0x6f, 0xff, 0xff, 0xff, 0xe0,
    0x0, 0x0, 0x0, 0xd, 0xff, 0xff, 0x90, 0x0,
    0x0, 0xc, 0xff, 0xff, 0xa0, 0x0, 0x0, 0x0,
    0xcf, 0xff, 0xff, 0xff, 0xf4, 0x0, 0x0, 0x0,
    0x2f, 0xff, 0xff, 0x30, 0x0, 0x0, 0x6, 0xff,
    0xff, 0xf0, 0x0, 0x0, 0x1, 0xff, 0xff, 0xff,
    0xff, 0xf9, 0x0, 0x0, 0x0, 0x7f, 0xff, 0xfe,
    0x0, 0x0, 0x0, 0x1, 0xff, 0xff, 0xf4, 0x0,
    0x0, 0x6, 0xff, 0xff, 0xdf, 0xff, 0xfe, 0x0,
    0x0, 0x0, 0xcf, 0xff, 0xf8, 0x0, 0x0, 0x0,
    0x0, 0xbf, 0xff, 0xfa, 0x0, 0x0, 0xb, 0xff,
    0xff, 0x6e, 0xff, 0xff, 0x40, 0x0, 0x1, 0xff,
    0xff, 0xf2, 0x0, 0x0, 0x0, 0x0, 0x5f, 0xff,
    0xfe, 0x0, 0x0, 0x1f, 0xff, 0xff, 0x18, 0xff,
    0xff, 0x90, 0x0, 0x6, 0xff, 0xff, 0xd0, 0x0,
    0x0, 0x0, 0x0, 0xf, 0xff, 0xff, 0x40, 0x0,
    0x6f, 0xff, 0xfb, 0x3, 0xff, 0xff, 0xe0, 0x0,
    0xb, 0xff, 0xff, 0x70, 0x0, 0x0, 0x0, 0x0,
    0x9, 0xff, 0xff, 0x90, 0x0, 0xbf, 0xff, 0xf6,
    0x0, 0xef, 0xff, 0xf4, 0x0, 0xf, 0xff, 0xff,
    0x20, 0x0, 0x0, 0x0, 0x0, 0x4, 0xff, 0xff,
    0xe0, 0x1, 0xff, 0xff, 0xf1, 0x0, 0x9f, 0xff,
    0xfa, 0x0, 0x5f, 0xff, 0xfc, 0x0, 0x0, 0x0,
    0x0, 0x0, 0x0, 0xef, 0xff, 0xf3, 0x6, 0xff,
    0xff, 0xc0, 0x0, 0x3f, 0xff, 0xff, 0x0, 0xaf,
    0xff, 0xf6, 0x0, 0x0, 0x0, 0x0, 0x0, 0x0,
    0x8f, 0xff, 0xf8, 0xb, 0xff, 0xff, 0x70, 0x0,
    0xe, 0xff, 0xff, 0x40, 0xef, 0xff, 0xf1, 0x0,
    0x0, 0x0, 0x0, 0x0, 0x0, 0x2f, 0xff, 0xfd,
    0xf, 0xff, 0xff, 0x20, 0x0, 0x9, 0xff, 0xff,
    0xa4, 0xff, 0xff, 0xb0, 0x0, 0x0, 0x0, 0x0,
    0x0, 0x0, 0xd, 0xff, 0xff, 0x8f, 0xff, 0xfd,
    0x0, 0x0, 0x3, 0xff, 0xff, 0xf9, 0xff, 0xff,
    0x50, 0x0, 0x0, 0x0, 0x0, 0x0, 0x0, 0x7,
    0xff, 0xff, 0xff, 0xff, 0xf7, 0x0, 0x0, 0x0,
    0xdf, 0xff, 0xff, 0xff, 0xff, 0x0, 0x0, 0x0,
    0x0, 0x0, 0x0, 0x0, 0x1, 0xff, 0xff, 0xff,
    0xff, 0xf1, 0x0, 0x0, 0x0, 0x7f, 0xff, 0xff,
    0xff, 0xfa, 0x0, 0x0, 0x0, 0x0, 0x0, 0x0,
    0x0, 0x0, 0xcf, 0xff, 0xff, 0xff, 0xa0, 0x0,
    0x0, 0x0, 0x1f, 0xff, 0xff, 0xff, 0xf5, 0x0,
    0x0, 0x0, 0x0, 0x0, 0x0, 0x0, 0x0, 0x6f,
    0xff, 0xff, 0xff, 0x40, 0x0, 0x0, 0x0, 0xb,
    0xff, 0xff, 0xff, 0xf0, 0x0, 0x0, 0x0, 0x0,
    0x0, 0x0, 0x0, 0x0, 0x1f, 0xff, 0xff, 0xfe,
    0x0, 0x0, 0x0, 0x0, 0x5, 0xff, 0xff, 0xff,
    0x90, 0x0, 0x0, 0x0, 0x0, 0x0, 0x0, 0x0,
    0x0, 0xa, 0xff, 0xff, 0xf8, 0x0, 0x0, 0x0,
    0x0, 0x0, 0xef, 0xff, 0xff, 0x40, 0x0, 0x0,
    0x0, 0x0, 0x0, 0x0, 0x0, 0x0, 0x5, 0xff,
    0xff, 0xf2, 0x0, 0x0, 0x0, 0x0, 0x0, 0x8f,
    0xff, 0xfe, 0x0, 0x0, 0x0, 0x0, 0x0, 0x0,
    0x0, 0x0, 0x0, 0x0, 0xef, 0xff, 0xc0, 0x0,
    0x0, 0x0, 0x0, 0x0, 0x2f, 0xff, 0xf9, 0x0,
    0x0, 0x0, 0x0, 0x0,

    /* U+0058 "X" */
    0xa, 0xff, 0xff, 0xf2, 0x0, 0x0, 0x0, 0x0,
    0x0, 0x0, 0xdf, 0xff, 0xfc, 0x0, 0x1e, 0xff,
    0xff, 0xc0, 0x0, 0x0, 0x0, 0x0, 0x0, 0x8f,
    0xff, 0xff, 0x20, 0x0, 0x5f, 0xff, 0xff, 0x60,
    0x0, 0x0, 0x0, 0x0, 0x3f, 0xff, 0xff, 0x60,
    0x0, 0x0, 0xaf, 0xff, 0xff, 0x20, 0x0, 0x0,
    0x0, 0xd, 0xff, 0xff, 0xc0, 0x0, 0x0, 0x1,
    0xef, 0xff, 0xfc, 0x0, 0x0, 0x0, 0x8, 0xff,
    0xff, 0xf2, 0x0, 0x0, 0x0, 0x5, 0xff, 0xff,
    0xf6, 0x0, 0x0, 0x3, 0xff, 0xff, 0xf6, 0x0,
    0x0, 0x0, 0x0, 0xa, 0xff, 0xff, 0xf2, 0x0,
    0x0, 0xdf, 0xff, 0xfc, 0x0, 0x0, 0x0, 0x0,
    0x0, 0x1e, 0xff, 0xff, 0xb0, 0x0, 0x8f, 0xff,
    0xff, 0x20, 0x0, 0x0, 0x0, 0x0, 0x0, 0x4f,
    0xff, 0xff, 0x60, 0x3f, 0xff, 0xff, 0x60, 0x0,
    0x0, 0x0, 0x0, 0x0, 0x0, 0xaf, 0xff, 0xff,
    0x2d, 0xff, 0xff, 0xc0, 0x0, 0x0, 0x0, 0x0,
    0x0, 0x0, 0x0, 0xef, 0xff, 0xff, 0xff, 0xff,
    0xf2, 0x0, 0x0, 0x0, 0x0, 0x0, 0x0, 0x0,
    0x4, 0xff, 0xff, 0xff, 0xff, 0xf6, 0x0, 0x0,
    0x0, 0x0, 0x0, 0x0, 0x0, 0x0, 0x9, 0xff,
    0xff, 0xff, 0xfc, 0x0, 0x0, 0x0, 0x0, 0x0,
    0x0, 0x0, 0x0, 0x0, 0xe, 0xff, 0xff, 0xff,
    0x20, 0x0, 0x0, 0x0, 0x0, 0x0, 0x0, 0x0,
    0x0, 0x2, 0xff, 0xff, 0xff, 0xf4, 0x0, 0x0,
    0x0, 0x0, 0x0, 0x0, 0x0, 0x0, 0x0, 0xcf,
    0xff, 0xff, 0xff, 0xe0, 0x0, 0x0, 0x0, 0x0,
    0x0, 0x0, 0x0, 0x0, 0x6f, 0xff, 0xff, 0xff,
    0xff, 0xa0, 0x0, 0x0, 0x0, 0x0, 0x0, 0x0,
    0x0, 0x2f, 0xff, 0xff, 0xdf, 0xff, 0xff, 0x40,
    0x0, 0x0, 0x0, 0x0, 0x0, 0x0, 0xc, 0xff,
    0xff, 0xe1, 0xbf, 0xff, 0xfe, 0x10, 0x0, 0x0,
    0x0, 0x0, 0x0, 0x7, 0xff, 0xff, 0xf4, 0x2,
    0xff, 0xff, 0xfa, 0x0, 0x0, 0x0, 0x0, 0x0,
    0x2, 0xff, 0xff, 0xfa, 0x0, 0x6, 0xff, 0xff,
    0xf5, 0x0, 0x0, 0x0, 0x0, 0x0, 0xcf, 0xff,
    0xfe, 0x10, 0x0, 0xb, 0xff, 0xff, 0xe1, 0x0,
    0x0, 0x0, 0x0, 0x7f, 0xff, 0xff, 0x40, 0x0,
    0x0, 0x2f, 0xff, 0xff, 0xb0, 0x0, 0x0, 0x0,
    0x2f, 0xff, 0xff, 0x90, 0x0, 0x0, 0x0, 0x6f,
    0xff, 0xff, 0x60, 0x0, 0x0, 0xc, 0xff, 0xff,
    0xe1, 0x0, 0x0, 0x0, 0x0, 0xbf, 0xff, 0xff,
    0x20, 0x0, 0x7, 0xff, 0xff, 0xf4, 0x0, 0x0,
    0x0, 0x0, 0x2, 0xff, 0xff, 0xfc, 0x0, 0x2,
    0xff, 0xff, 0xf9, 0x0, 0x0, 0x0, 0x0, 0x0,
    0x6, 0xff, 0xff, 0xf7, 0x0, 0xcf, 0xff, 0xfe,
    0x10, 0x0, 0x0, 0x0, 0x0, 0x0, 0xb, 0xff,
    0xff, 0xf2,

    /* U+0059 "Y" */
    0x7f, 0xff, 0xff, 0xc0, 0x0, 0x0, 0x0, 0x0,
    0x0, 0x0, 0xaf, 0xff, 0xff, 0x80, 0xdf, 0xff,
    0xff, 0x50, 0x0, 0x0, 0x0, 0x0, 0x0, 0x4f,
    0xff, 0xff, 0xd0, 0x3, 0xff, 0xff, 0xfe, 0x0,
    0x0, 0x0, 0x0, 0x0, 0xd, 0xff, 0xff, 0xf3,
    0x0, 0x8, 0xff, 0xff, 0xf9, 0x0, 0x0, 0x0,
    0x0, 0x8, 0xff, 0xff, 0xf8, 0x0, 0x0, 0xd,
    0xff, 0xff, 0xf2, 0x0, 0x0, 0x0, 0x2, 0xff,
    0xff, 0xfd, 0x0, 0x0, 0x0, 0x4f, 0xff, 0xff,
    0xc0, 0x0, 0x0, 0x0, 0xcf, 0xff, 0xff, 0x30,
    0x0, 0x0, 0x0, 0x9f, 0xff, 0xff, 0x50, 0x0,
    0x0, 0x6f, 0xff, 0xff, 0x90, 0x0, 0x0, 0x0,
    0x0, 0xef, 0xff, 0xfe, 0x10, 0x0, 0x1e, 0xff,
    0xff, 0xd0, 0x0, 0x0, 0x0, 0x0, 0x4, 0xff,
    0xff, 0xf9, 0x0, 0xa, 0xff, 0xff, 0xf4, 0x0,
    0x0, 0x0, 0x0, 0x0, 0xa, 0xff, 0xff, 0xf3,
    0x4, 0xff, 0xff, 0xf9, 0x0, 0x0, 0x0, 0x0,
    0x0, 0x0, 0x1e, 0xff, 0xff, 0xc0, 0xdf, 0xff,
    0xfd, 0x0, 0x0, 0x0, 0x0, 0x0, 0x0, 0x0,
    0x5f, 0xff, 0xff, 0xcf, 0xff, 0xff, 0x40, 0x0,
    0x0, 0x0, 0x0, 0x0, 0x0, 0x0, 0xbf, 0xff,
    0xff, 0xff, 0xff, 0x90, 0x0, 0x0, 0x0, 0x0,
    0x0, 0x0, 0x0, 0x1, 0xff, 0xff, 0xff, 0xff,
    0xe0, 0x0, 0x0, 0x0, 0x0, 0x0, 0x0, 0x0,
    0x0, 0x6, 0xff, 0xff, 0xff, 0xf4, 0x0, 0x0,
    0x0, 0x0, 0x0, 0x0, 0x0, 0x0, 0x0, 0xc,
    0xff, 0xff, 0xf9, 0x0, 0x0, 0x0, 0x0, 0x0,
    0x0, 0x0, 0x0, 0x0, 0x0, 0x3f, 0xff, 0xff,
    0x0, 0x0, 0x0, 0x0, 0x0, 0x0, 0x0, 0x0,
    0x0, 0x0, 0x2, 0xff, 0xff, 0xf0, 0x0, 0x0,
    0x0, 0x0, 0x0, 0x0, 0x0, 0x0, 0x0, 0x0,
    0x2f, 0xff, 0xff, 0x0, 0x0, 0x0, 0x0, 0x0,
    0x0, 0x0, 0x0, 0x0, 0x0, 0x2, 0xff, 0xff,
    0xf0, 0x0, 0x0, 0x0, 0x0, 0x0, 0x0, 0x0,
    0x0, 0x0, 0x0, 0x2f, 0xff, 0xff, 0x0, 0x0,
    0x0, 0x0, 0x0, 0x0, 0x0, 0x0, 0x0, 0x0,
    0x2, 0xff, 0xff, 0xf0, 0x0, 0x0, 0x0, 0x0,
    0x0, 0x0, 0x0, 0x0, 0x0, 0x0, 0x2f, 0xff,
    0xff, 0x0, 0x0, 0x0, 0x0, 0x0, 0x0, 0x0,
    0x0, 0x0, 0x0, 0x2, 0xff, 0xff, 0xf0, 0x0,
    0x0, 0x0, 0x0, 0x0, 0x0, 0x0, 0x0, 0x0,
    0x0, 0x2f, 0xff, 0xff, 0x0, 0x0, 0x0, 0x0,
    0x0, 0x0, 0x0, 0x0, 0x0, 0x0, 0x2, 0xff,
    0xff, 0xf0, 0x0, 0x0, 0x0, 0x0, 0x0, 0x0,
    0x0, 0x0, 0x0, 0x0, 0x2f, 0xff, 0xff, 0x0,
    0x0, 0x0, 0x0, 0x0, 0x0, 0x0, 0x0, 0x0,
    0x0, 0x2, 0xff, 0xff, 0xf0, 0x0, 0x0, 0x0,
    0x0, 0x0,

    /* U+005A "Z" */
    0x5f, 0xff, 0xff, 0xff, 0xff, 0xff, 0xff, 0xff,
    0xff, 0xff, 0xfa, 0x5f, 0xff, 0xff, 0xff, 0xff,
    0xff, 0xff, 0xff, 0xff, 0xff, 0xfa, 0x5f, 0xff,
    0xff, 0xff, 0xff, 0xff, 0xff, 0xff, 0xff, 0xff,
    0xf8, 0x5f, 0xff, 0xff, 0xff, 0xff, 0xff, 0xff,
    0xff, 0xff, 0xff, 0xd0, 0x4e, 0xee, 0xee, 0xee,
    0xee, 0xee, 0xee, 0xff, 0xff, 0xff, 0x30, 0x0,
    0x0, 0x0, 0x0, 0x0, 0x0, 0x4, 0xff, 0xff,
    0xf8, 0x0, 0x0, 0x0, 0x0, 0x0, 0x0, 0x0,
    0x1e, 0xff, 0xff, 0xd0, 0x0, 0x0, 0x0, 0x0,
    0x0, 0x0, 0x0, 0xaf, 0xff, 0xff, 0x30, 0x0,
    0x0, 0x0, 0x0, 0x0, 0x0, 0x5, 0xff, 0xff,
    0xf7, 0x0, 0x0, 0x0, 0x0, 0x0, 0x0, 0x0,
    0x1e, 0xff, 0xff, 0xc0, 0x0, 0x0, 0x0, 0x0,
    0x0, 0x0, 0x0, 0xbf, 0xff, 0xff, 0x20, 0x0,
    0x0, 0x0, 0x0, 0x0, 0x0, 0x6, 0xff, 0xff,
    0xf6, 0x0, 0x0, 0x0, 0x0, 0x0, 0x0, 0x0,
    0x2f, 0xff, 0xff, 0xb0, 0x0, 0x0, 0x0, 0x0,
    0x0, 0x0, 0x0, 0xcf, 0xff, 0xfe, 0x10, 0x0,
    0x0, 0x0, 0x0, 0x0, 0x0, 0x7, 0xff, 0xff,
    0xf5, 0x0, 0x0, 0x0, 0x0, 0x0, 0x0, 0x0,
    0x2f, 0xff, 0xff, 0xa0, 0x0, 0x0, 0x0, 0x0,
    0x0, 0x0, 0x0, 0xcf, 0xff, 0xfe, 0x10, 0x0,
    0x0, 0x0, 0x0, 0x0, 0x0, 0x8, 0xff, 0xff,
    0xf4, 0x0, 0x0, 0x0, 0x0, 0x0, 0x0, 0x0,
    0x3f, 0xff, 0xff, 0x90, 0x0, 0x0, 0x0, 0x0,
    0x0, 0x0, 0x0, 0xdf, 0xff, 0xfe, 0x0, 0x0,
    0x0, 0x0, 0x0, 0x0, 0x0, 0x9, 0xff, 0xff,
    0xf4, 0x0, 0x0, 0x0, 0x0, 0x0, 0x0, 0x0,
    0x4f, 0xff, 0xff, 0x80, 0x0, 0x0, 0x0, 0x0,
    0x0, 0x0, 0x1, 0xef, 0xff, 0xfd, 0x0, 0x0,
    0x0, 0x0, 0x0, 0x0, 0x0, 0xa, 0xff, 0xff,
    0xff, 0xee, 0xee, 0xee, 0xee, 0xee, 0xee, 0xe9,
    0x5f, 0xff, 0xff, 0xff, 0xff, 0xff, 0xff, 0xff,
    0xff, 0xff, 0xfa, 0xaf, 0xff, 0xff, 0xff, 0xff,
    0xff, 0xff, 0xff, 0xff, 0xff, 0xfa, 0xaf, 0xff,
    0xff, 0xff, 0xff, 0xff, 0xff, 0xff, 0xff, 0xff,
    0xfa, 0xaf, 0xff, 0xff, 0xff, 0xff, 0xff, 0xff,
    0xff, 0xff, 0xff, 0xfa,

    /* U+005B "[" */
    0x1f, 0xff, 0xff, 0xff, 0xff, 0x41, 0xff, 0xff,
    0xff, 0xff, 0xf4, 0x1f, 0xff, 0xff, 0xff, 0xff,
    0x41, 0xff, 0xff, 0xff, 0xff, 0xf4, 0x1f, 0xff,
    0xfc, 0x33, 0x33, 0x11, 0xff, 0xff, 0xb0, 0x0,
    0x0, 0x1f, 0xff, 0xfb, 0x0, 0x0, 0x1, 0xff,
    0xff, 0xb0, 0x0, 0x0, 0x1f, 0xff, 0xfb, 0x0,
    0x0, 0x1, 0xff, 0xff, 0xb0, 0x0, 0x0, 0x1f,
    0xff, 0xfb, 0x0, 0x0, 0x1, 0xff, 0xff, 0xb0,
    0x0, 0x0, 0x1f, 0xff, 0xfb, 0x0, 0x0, 0x1,
    0xff, 0xff, 0xb0, 0x0, 0x0, 0x1f, 0xff, 0xfb,
    0x0, 0x0, 0x1, 0xff, 0xff, 0xb0, 0x0, 0x0,
    0x1f, 0xff, 0xfb, 0x0, 0x0, 0x1, 0xff, 0xff,
    0xb0, 0x0, 0x0, 0x1f, 0xff, 0xfb, 0x0, 0x0,
    0x1, 0xff, 0xff, 0xb0, 0x0, 0x0, 0x1f, 0xff,
    0xfb, 0x0, 0x0, 0x1, 0xff, 0xff, 0xb0, 0x0,
    0x0, 0x1f, 0xff, 0xfb, 0x0, 0x0, 0x1, 0xff,
    0xff, 0xb0, 0x0, 0x0, 0x1f, 0xff, 0xfb, 0x0,
    0x0, 0x1, 0xff, 0xff, 0xb0, 0x0, 0x0, 0x1f,
    0xff, 0xfb, 0x0, 0x0, 0x1, 0xff, 0xff, 0xb0,
    0x0, 0x0, 0x1f, 0xff, 0xfb, 0x0, 0x0, 0x1,
    0xff, 0xff, 0xb0, 0x0, 0x0, 0x1f, 0xff, 0xfc,
    0x55, 0x55, 0x11, 0xff, 0xff, 0xff, 0xff, 0xf4,
    0x1f, 0xff, 0xff, 0xff, 0xff, 0x41, 0xff, 0xff,
    0xff, 0xff, 0xf4, 0x1f, 0xff, 0xff, 0xff, 0xff,
    0x40,

    /* U+005C "\\" */
    0x7, 0x77, 0x77, 0x0, 0x0, 0x0, 0x0, 0x0,
    0x0, 0x0, 0xcf, 0xff, 0xf2, 0x0, 0x0, 0x0,
    0x0, 0x0, 0x0, 0x6, 0xff, 0xff, 0x90, 0x0,
    0x0, 0x0, 0x0, 0x0, 0x0, 0xf, 0xff, 0xfe,
    0x0, 0x0, 0x0, 0x0, 0x0, 0x0, 0x0, 0xaf,
    0xff, 0xf5, 0x0, 0x0, 0x0, 0x0, 0x0, 0x0,
    0x3, 0xff, 0xff, 0xb0, 0x0, 0x0, 0x0, 0x0,
    0x0, 0x0, 0xd, 0xff, 0xff, 0x20, 0x0, 0x0,
    0x0, 0x0, 0x0, 0x0, 0x7f, 0xff, 0xf8, 0x0,
    0x0, 0x0, 0x0, 0x0, 0x0, 0x1, 0xff, 0xff,
    0xe0, 0x0, 0x0, 0x0, 0x0, 0x0, 0x0, 0xb,
    0xff, 0xff, 0x40, 0x0, 0x0, 0x0, 0x0, 0x0,
    0x0, 0x4f, 0xff, 0xfa, 0x0, 0x0, 0x0, 0x0,
    0x0, 0x0, 0x0, 0xef, 0xff, 0xf1, 0x0, 0x0,
    0x0, 0x0, 0x0, 0x0, 0x8, 0xff, 0xff, 0x70,
    0x0, 0x0, 0x0, 0x0, 0x0, 0x0, 0x2f, 0xff,
    0xfd, 0x0, 0x0, 0x0, 0x0, 0x0, 0x0, 0x0,
    0xbf, 0xff, 0xf3, 0x0, 0x0, 0x0, 0x0, 0x0,
    0x0, 0x5, 0xff, 0xff, 0x90, 0x0, 0x0, 0x0,
    0x0, 0x0, 0x0, 0xe, 0xff, 0xff, 0x0, 0x0,
    0x0, 0x0, 0x0, 0x0, 0x0, 0x9f, 0xff, 0xf6,
    0x0, 0x0, 0x0, 0x0, 0x0, 0x0, 0x3, 0xff,
    0xff, 0xc0, 0x0, 0x0, 0x0, 0x0, 0x0, 0x0,
    0xc, 0xff, 0xff, 0x20, 0x0, 0x0, 0x0, 0x0,
    0x0, 0x0, 0x6f, 0xff, 0xf8, 0x0, 0x0, 0x0,
    0x0, 0x0, 0x0, 0x1, 0xff, 0xff, 0xe0, 0x0,
    0x0, 0x0, 0x0, 0x0, 0x0, 0xa, 0xff, 0xff,
    0x50, 0x0, 0x0, 0x0, 0x0, 0x0, 0x0, 0x4f,
    0xff, 0xfb, 0x0, 0x0, 0x0, 0x0, 0x0, 0x0,
    0x0, 0xdf, 0xff, 0xf1, 0x0, 0x0, 0x0, 0x0,
    0x0, 0x0, 0x7, 0xff, 0xff, 0x70, 0x0, 0x0,
    0x0, 0x0, 0x0, 0x0, 0x1f, 0xff, 0xfd, 0x0,
    0x0, 0x0, 0x0, 0x0, 0x0, 0x0, 0xbf, 0xff,
    0xf4, 0x0, 0x0, 0x0, 0x0, 0x0, 0x0, 0x4,
    0xff, 0xff, 0xa0, 0x0, 0x0, 0x0, 0x0, 0x0,
    0x0, 0xe, 0xff, 0xff, 0x10, 0x0, 0x0, 0x0,
    0x0, 0x0, 0x0, 0x8f, 0xff, 0xf6, 0x0, 0x0,
    0x0, 0x0, 0x0, 0x0, 0x2, 0xff, 0xff, 0xc0,
    0x0, 0x0, 0x0, 0x0, 0x0, 0x0, 0xc, 0xff,
    0xff, 0x30, 0x0, 0x0, 0x0, 0x0, 0x0, 0x0,
    0x5f, 0xff, 0xf9,

    /* U+005D "]" */
    0xaf, 0xff, 0xff, 0xff, 0xfb, 0xaf, 0xff, 0xff,
    0xff, 0xfb, 0xaf, 0xff, 0xff, 0xff, 0xfb, 0xaf,
    0xff, 0xff, 0xff, 0xfb, 0x23, 0x33, 0x5f, 0xff,
    0xfb, 0x0, 0x0, 0x1f, 0xff, 0xfb, 0x0, 0x0,
    0x1f, 0xff, 0xfb, 0x0, 0x0, 0x1f, 0xff, 0xfb,
    0x0, 0x0, 0x1f, 0xff, 0xfb, 0x0, 0x0, 0x1f,
    0xff, 0xfb, 0x0, 0x0, 0x1f, 0xff, 0xfb, 0x0,
    0x0, 0x1f, 0xff, 0xfb, 0x0, 0x0, 0x1f, 0xff,
    0xfb, 0x0, 0x0, 0x1f, 0xff, 0xfb, 0x0, 0x0,
    0x1f, 0xff, 0xfb, 0x0, 0x0, 0x1f, 0xff, 0xfb,
    0x0, 0x0, 0x1f, 0xff, 0xfb, 0x0, 0x0, 0x1f,
    0xff, 0xfb, 0x0, 0x0, 0x1f, 0xff, 0xfb, 0x0,
    0x0, 0x1f, 0xff, 0xfb, 0x0, 0x0, 0x1f, 0xff,
    0xfb, 0x0, 0x0, 0x1f, 0xff, 0xfb, 0x0, 0x0,
    0x1f, 0xff, 0xfb, 0x0, 0x0, 0x1f, 0xff, 0xfb,
    0x0, 0x0, 0x1f, 0xff, 0xfb, 0x0, 0x0, 0x1f,
    0xff, 0xfb, 0x0, 0x0, 0x1f, 0xff, 0xfb, 0x0,
    0x0, 0x1f, 0xff, 0xfb, 0x0, 0x0, 0x1f, 0xff,
    0xfb, 0x0, 0x0, 0x1f, 0xff, 0xfb, 0x35, 0x55,
    0x6f, 0xff, 0xfb, 0xaf, 0xff, 0xff, 0xff, 0xfb,
    0xaf, 0xff, 0xff, 0xff, 0xfb, 0xaf, 0xff, 0xff,
    0xff, 0xfb, 0xaf, 0xff, 0xff, 0xff, 0xfb,

    /* U+005E "^" */
    0x0, 0x0, 0x0, 0x0, 0x6, 0x77, 0x30, 0x0,
    0x0, 0x0, 0x0, 0x0, 0x0, 0x0, 0x0, 0x5f,
    0xff, 0xe1, 0x0, 0x0, 0x0, 0x0, 0x0, 0x0,
    0x0, 0x0, 0xef, 0xff, 0xfa, 0x0, 0x0, 0x0,
    0x0, 0x0, 0x0, 0x0, 0x9, 0xff, 0xff, 0xff,
    0x50, 0x0, 0x0, 0x0, 0x0, 0x0, 0x0, 0x3f,
    0xff, 0xff, 0xff, 0xe1, 0x0, 0x0, 0x0, 0x0,
    0x0, 0x0, 0xdf, 0xff, 0xff, 0xff, 0xfb, 0x0,
    0x0, 0x0, 0x0, 0x0, 0x8, 0xff, 0xff, 0x8d,
    0xff, 0xff, 0x50, 0x0, 0x0, 0x0, 0x0, 0x2f,
    0xff, 0xfd, 0x3, 0xff, 0xff, 0xf1, 0x0, 0x0,
    0x0, 0x0, 0xcf, 0xff, 0xf3, 0x0, 0x8f, 0xff,
    0xfb, 0x0, 0x0, 0x0, 0x7, 0xff, 0xff, 0x80,
    0x0, 0xd, 0xff, 0xff, 0x60, 0x0, 0x0, 0x2f,
    0xff, 0xfd, 0x0, 0x0, 0x3, 0xff, 0xff, 0xf1,
    0x0, 0x0, 0xbf, 0xff, 0xf3, 0x0, 0x0, 0x0,
    0x9f, 0xff, 0xfb, 0x0, 0x5, 0xff, 0xff, 0x90,
    0x0, 0x0, 0x0, 0xe, 0xff, 0xff, 0x60, 0x1e,
    0xff, 0xfe, 0x0, 0x0, 0x0, 0x0, 0x4, 0xff,
    0xff, 0xf2, 0xaf, 0xff, 0xf4, 0x0, 0x0, 0x0,
    0x0, 0x0, 0xaf, 0xff, 0xfb,

    /* U+005F "_" */
    0x13, 0x33, 0x33, 0x33, 0x33, 0x33, 0x33, 0x33,
    0x33, 0x36, 0xff, 0xff, 0xff, 0xff, 0xff, 0xff,
    0xff, 0xff, 0xff, 0x6f, 0xff, 0xff, 0xff, 0xff,
    0xff, 0xff, 0xff, 0xff, 0xf6, 0xff, 0xff, 0xff,
    0xff, 0xff, 0xff, 0xff, 0xff, 0xff, 0x6f, 0xff,
    0xff, 0xff, 0xff, 0xff, 0xff, 0xff, 0xff, 0xf0,

    /* U+0060 "`" */
    0x19, 0x99, 0x99, 0x40, 0x0, 0x8, 0xff, 0xff,
    0xe0, 0x0, 0x0, 0xbf, 0xff, 0xf7, 0x0, 0x0,
    0x1e, 0xff, 0xff, 0x10, 0x0, 0x3, 0xff, 0xff,
    0x80, 0x0, 0x0, 0x6f, 0xff, 0xf1,

    /* U+0061 "a" */
    0x0, 0x0, 0x0, 0x1, 0x56, 0x76, 0x30, 0x0,
    0x0, 0x0, 0x0, 0x0, 0x0, 0x5, 0xcf, 0xff,
    0xff, 0xfe, 0x60, 0x3f, 0xff, 0xf5, 0x0, 0x1,
    0xcf, 0xff, 0xff, 0xff, 0xff, 0xfa, 0x4f, 0xff,
    0xf5, 0x0, 0x1e, 0xff, 0xff, 0xff, 0xff, 0xff,
    0xff, 0xdf, 0xff, 0xf5, 0x0, 0xcf, 0xff, 0xff,
    0xff, 0xee, 0xff, 0xff, 0xff, 0xff, 0xf5, 0x6,
    0xff, 0xff, 0xfe, 0x50, 0x0, 0x16, 0xff, 0xff,
    0xff, 0xf5, 0xd, 0xff, 0xff, 0xc0, 0x0, 0x0,
    0x0, 0x2d, 0xff, 0xff, 0xf5, 0x1f, 0xff, 0xff,
    0x20, 0x0, 0x0, 0x0, 0x4, 0xff, 0xff, 0xf5,
    0x5f, 0xff, 0xf9, 0x0, 0x0, 0x0, 0x0, 0x0,
    0xcf, 0xff, 0xf5, 0x6f, 0xff, 0xf6, 0x0, 0x0,
    0x0, 0x0, 0x0, 0x9f, 0xff, 0xf5, 0x7f, 0xff,
    0xf5, 0x0, 0x0, 0x0, 0x0, 0x0, 0x7f, 0xff,
    0xf5, 0x6f, 0xff, 0xf7, 0x0, 0x0, 0x0, 0x0,
    0x0, 0x9f, 0xff, 0xf5, 0x5f, 0xff, 0xfa, 0x0,
    0x0, 0x0, 0x0, 0x0, 0xdf, 0xff, 0xf5, 0x1f,
    0xff, 0xff, 0x30, 0x0, 0x0, 0x0, 0x5, 0xff,
    0xff, 0xf5, 0xd, 0xff, 0xff, 0xd1, 0x0, 0x0,
    0x0, 0x3e, 0xff, 0xff, 0xf5, 0x6, 0xff, 0xff,
    0xff, 0x72, 0x0, 0x38, 0xff, 0xff, 0xff, 0xf5,
    0x0, 0xdf, 0xff, 0xff, 0xff, 0xff, 0xff, 0xff,
    0xff, 0xff, 0xf5, 0x0, 0x2e, 0xff, 0xff, 0xff,
    0xff, 0xff, 0xff, 0xaf, 0xff, 0xf5, 0x0, 0x2,
    0xdf, 0xff, 0xff, 0xff, 0xff, 0xf8, 0x3f, 0xff,
    0xf5, 0x0, 0x0, 0x6, 0xdf, 0xff, 0xff, 0xfd,
    0x40, 0x2f, 0xff, 0xf5, 0x0, 0x0, 0x0, 0x2,
    0x56, 0x75, 0x20, 0x0, 0x0, 0x0, 0x0,

    /* U+0062 "b" */
    0x6f, 0xff, 0xf4, 0x0, 0x0, 0x0, 0x0, 0x0,
    0x0, 0x0, 0x0, 0x6f, 0xff, 0xf4, 0x0, 0x0,
    0x0, 0x0, 0x0, 0x0, 0x0, 0x0, 0x6f, 0xff,
    0xf4, 0x0, 0x0, 0x0, 0x0, 0x0, 0x0, 0x0,
    0x0, 0x6f, 0xff, 0xf4, 0x0, 0x0, 0x0, 0x0,
    0x0, 0x0, 0x0, 0x0, 0x6f, 0xff, 0xf4, 0x0,
    0x0, 0x0, 0x0, 0x0, 0x0, 0x0, 0x0, 0x6f,
    0xff, 0xf4, 0x0, 0x0, 0x0, 0x0, 0x0, 0x0,
    0x0, 0x0, 0x6f, 0xff, 0xf4, 0x0, 0x0, 0x0,
    0x0, 0x0, 0x0, 0x0, 0x0, 0x6f, 0xff, 0xf4,
    0x0, 0x0, 0x0, 0x0, 0x0, 0x0, 0x0, 0x0,
    0x6f, 0xff, 0xf4, 0x0, 0x2, 0x57, 0x65, 0x20,
    0x0, 0x0, 0x0, 0x6f, 0xff, 0xf4, 0x5, 0xdf,
    0xff, 0xff, 0xfd, 0x60, 0x0, 0x0, 0x6f, 0xff,
    0xf5, 0xaf, 0xff, 0xff, 0xff, 0xff, 0xfc, 0x20,
    0x0, 0x6f, 0xff, 0xfd, 0xff, 0xff, 0xff, 0xff,
    0xff, 0xff, 0xe1, 0x0, 0x6f, 0xff, 0xff, 0xff,
    0xff, 0xff, 0xff, 0xff, 0xff, 0xfc, 0x0, 0x6f,
    0xff, 0xff, 0xff, 0xb4, 0x10, 0x37, 0xff, 0xff,
    0xff, 0x50, 0x6f, 0xff, 0xff, 0xf6, 0x0, 0x0,
    0x0, 0x2d, 0xff, 0xff, 0xc0, 0x6f, 0xff, 0xff,
    0x90, 0x0, 0x0, 0x0, 0x3, 0xff, 0xff, 0xf0,
    0x6f, 0xff, 0xff, 0x0, 0x0, 0x0, 0x0, 0x0,
    0xbf, 0xff, 0xf4, 0x6f, 0xff, 0xfd, 0x0, 0x0,
    0x0, 0x0, 0x0, 0x8f, 0xff, 0xf5, 0x6f, 0xff,
    0xfa, 0x0, 0x0, 0x0, 0x0, 0x0, 0x6f, 0xff,
    0xf6, 0x6f, 0xff, 0xfd, 0x0, 0x0, 0x0, 0x0,
    0x0, 0x8f, 0xff, 0xf5, 0x6f, 0xff, 0xff, 0x0,
    0x0, 0x0, 0x0, 0x0, 0xbf, 0xff, 0xf3, 0x6f,
    0xff, 0xff, 0x80, 0x0, 0x0, 0x0, 0x4, 0xff,
    0xff, 0xf0, 0x6f, 0xff, 0xff, 0xf5, 0x0, 0x0,
    0x0, 0x2e, 0xff, 0xff, 0xb0, 0x6f, 0xff, 0xff,
    0xff, 0xb4, 0x10, 0x38, 0xff, 0xff, 0xff, 0x40,
    0x6f, 0xff, 0xff, 0xff, 0xff, 0xff, 0xff, 0xff,
    0xff, 0xfa, 0x0, 0x6f, 0xff, 0xfc, 0xff, 0xff,
    0xff, 0xff, 0xff, 0xff, 0xd0, 0x0, 0x6f, 0xff,
    0xf2, 0xbf, 0xff, 0xff, 0xff, 0xff, 0xfb, 0x10,
    0x0, 0x6f, 0xff, 0xf0, 0x6, 0xef, 0xff, 0xff,
    0xfc, 0x40, 0x0, 0x0, 0x0, 0x0, 0x0, 0x0,
    0x3, 0x67, 0x65, 0x10, 0x0, 0x0, 0x0,

    /* U+0063 "c" */
    0x0, 0x0, 0x0, 0x1, 0x46, 0x76, 0x51, 0x0,
    0x0, 0x0, 0x0, 0x0, 0x5c, 0xff, 0xff, 0xff,
    0xfc, 0x30, 0x0, 0x0, 0x1, 0xcf, 0xff, 0xff,
    0xff, 0xff, 0xff, 0x80, 0x0, 0x1, 0xef, 0xff,
    0xff, 0xff, 0xff, 0xff, 0xff, 0x50, 0x0, 0xdf,
    0xff, 0xff, 0xff, 0xff, 0xff, 0xff, 0x80, 0x0,
    0x6f, 0xff, 0xff, 0xf7, 0x41, 0x25, 0xdf, 0x80,
    0x0, 0xe, 0xff, 0xff, 0xc1, 0x0, 0x0, 0x0,
    0x40, 0x0, 0x2, 0xff, 0xff, 0xf2, 0x0, 0x0,
    0x0, 0x0, 0x0, 0x0, 0x6f, 0xff, 0xf9, 0x0,
    0x0, 0x0, 0x0, 0x0, 0x0, 0x7, 0xff, 0xff,
    0x50, 0x0, 0x0, 0x0, 0x0, 0x0, 0x0, 0x8f,
    0xff, 0xf3, 0x0, 0x0, 0x0, 0x0, 0x0, 0x0,
    0x7, 0xff, 0xff, 0x50, 0x0, 0x0, 0x0, 0x0,
    0x0, 0x0, 0x6f, 0xff, 0xf9, 0x0, 0x0, 0x0,
    0x0, 0x0, 0x0, 0x2, 0xff, 0xff, 0xf2, 0x0,
    0x0, 0x0, 0x0, 0x0, 0x0, 0xe, 0xff, 0xff,
    0xc1, 0x0, 0x0, 0x0, 0x62, 0x0, 0x0, 0x6f,
    0xff, 0xff, 0xf8, 0x42, 0x46, 0xcf, 0xe3, 0x0,
    0x0, 0xdf, 0xff, 0xff, 0xff, 0xff, 0xff, 0xff,
    0xe3, 0x0, 0x2, 0xef, 0xff, 0xff, 0xff, 0xff,
    0xff, 0xff, 0xc0, 0x0, 0x1, 0xcf, 0xff, 0xff,
    0xff, 0xff, 0xff, 0xb0, 0x0, 0x0, 0x0, 0x5c,
    0xff, 0xff, 0xff, 0xfc, 0x40, 0x0, 0x0, 0x0,
    0x0, 0x1, 0x46, 0x76, 0x51, 0x0, 0x0, 0x0,

    /* U+0064 "d" */
    0x0, 0x0, 0x0, 0x0, 0x0, 0x0, 0x0, 0x0,
    0x3f, 0xff, 0xf8, 0x0, 0x0, 0x0, 0x0, 0x0,
    0x0, 0x0, 0x0, 0x3f, 0xff, 0xf8, 0x0, 0x0,
    0x0, 0x0, 0x0, 0x0, 0x0, 0x0, 0x3f, 0xff,
    0xf8, 0x0, 0x0, 0x0, 0x0, 0x0, 0x0, 0x0,
    0x0, 0x3f, 0xff, 0xf8, 0x0, 0x0, 0x0, 0x0,
    0x0, 0x0, 0x0, 0x0, 0x3f, 0xff, 0xf8, 0x0,
    0x0, 0x0, 0x0, 0x0, 0x0, 0x0, 0x0, 0x3f,
    0xff, 0xf8, 0x0, 0x0, 0x0, 0x0, 0x0, 0x0,
    0x0, 0x0, 0x3f, 0xff, 0xf8, 0x0, 0x0, 0x0,
    0x0, 0x0, 0x0, 0x0, 0x0, 0x3f, 0xff, 0xf8,
    0x0, 0x0, 0x0, 0x1, 0x56, 0x75, 0x20, 0x0,
    0x3f, 0xff, 0xf8, 0x0, 0x0, 0x5, 0xdf, 0xff,
    0xff, 0xfd, 0x50, 0x3f, 0xff, 0xf8, 0x0, 0x1,
    0xcf, 0xff, 0xff, 0xff, 0xff, 0xfb, 0x4f, 0xff,
    0xf8, 0x0, 0x1d, 0xff, 0xff, 0xff, 0xff, 0xff,
    0xff, 0xdf, 0xff, 0xf8, 0x0, 0xbf, 0xff, 0xff,
    0xff, 0xff, 0xff, 0xff, 0xff, 0xff, 0xf8, 0x4,
    0xff, 0xff, 0xff, 0x83, 0x1, 0x4b, 0xff, 0xff,
    0xff, 0xf8, 0xb, 0xff, 0xff, 0xe2, 0x0, 0x0,
    0x0, 0x5f, 0xff, 0xff, 0xf8, 0xf, 0xff, 0xff,
    0x50, 0x0, 0x0, 0x0, 0x8, 0xff, 0xff, 0xf8,
    0x2f, 0xff, 0xfc, 0x0, 0x0, 0x0, 0x0, 0x0,
    0xff, 0xff, 0xf8, 0x4f, 0xff, 0xf9, 0x0, 0x0,
    0x0, 0x0, 0x0, 0xbf, 0xff, 0xf8, 0x5f, 0xff,
    0xf7, 0x0, 0x0, 0x0, 0x0, 0x0, 0x9f, 0xff,
    0xf8, 0x4f, 0xff, 0xf9, 0x0, 0x0, 0x0, 0x0,
    0x0, 0xbf, 0xff, 0xf8, 0x2f, 0xff, 0xfd, 0x0,
    0x0, 0x0, 0x0, 0x0, 0xef, 0xff, 0xf8, 0xe,
    0xff, 0xff, 0x50, 0x0, 0x0, 0x0, 0x7, 0xff,
    0xff, 0xf8, 0xa, 0xff, 0xff, 0xe3, 0x0, 0x0,
    0x0, 0x4f, 0xff, 0xff, 0xf8, 0x3, 0xff, 0xff,
    0xff, 0x83, 0x1, 0x4a, 0xff, 0xff, 0xff, 0xf8,
    0x0, 0x9f, 0xff, 0xff, 0xff, 0xff, 0xff, 0xff,
    0xff, 0xff, 0xf8, 0x0, 0xc, 0xff, 0xff, 0xff,
    0xff, 0xff, 0xff, 0xcf, 0xff, 0xf8, 0x0, 0x0,
    0xaf, 0xff, 0xff, 0xff, 0xff, 0xfc, 0x2f, 0xff,
    0xf8, 0x0, 0x0, 0x4, 0xbf, 0xff, 0xff, 0xff,
    0x70, 0xf, 0xff, 0xf8, 0x0, 0x0, 0x0, 0x1,
    0x46, 0x76, 0x40, 0x0, 0x0, 0x0, 0x0,

    /* U+0065 "e" */
    0x0, 0x0, 0x0, 0x0, 0x35, 0x77, 0x53, 0x0,
    0x0, 0x0, 0x0, 0x0, 0x0, 0x2, 0xaf, 0xff,
    0xff, 0xff, 0xfa, 0x20, 0x0, 0x0, 0x0, 0x0,
    0x8f, 0xff, 0xff, 0xff, 0xff, 0xff, 0xf7, 0x0,
    0x0, 0x0, 0xa, 0xff, 0xff, 0xff, 0xff, 0xff,
    0xff, 0xff, 0x80, 0x0, 0x0, 0x8f, 0xff, 0xff,
    0xff, 0xdd, 0xef, 0xff, 0xff, 0xf3, 0x0, 0x1,
    0xff, 0xff, 0xfb, 0x40, 0x0, 0x2, 0xaf, 0xff,
    0xfc, 0x0, 0x9, 0xff, 0xff, 0x90, 0x0, 0x0,
    0x0, 0x9, 0xff, 0xff, 0x20, 0xe, 0xff, 0xfe,
    0x0, 0x0, 0x0, 0x0, 0x2, 0xff, 0xff, 0x60,
    0x1f, 0xff, 0xff, 0xff, 0xff, 0xff, 0xff, 0xff,
    0xff, 0xff, 0x80, 0x3f, 0xff, 0xff, 0xff, 0xff,
    0xff, 0xff, 0xff, 0xff, 0xff, 0xa0, 0x4f, 0xff,
    0xff, 0xff, 0xff, 0xff, 0xff, 0xff, 0xff, 0xff,
    0xa0, 0x3f, 0xff, 0xff, 0xff, 0xff, 0xff, 0xff,
    0xff, 0xff, 0xff, 0x90, 0x1f, 0xff, 0xfc, 0x0,
    0x0, 0x0, 0x0, 0x0, 0x0, 0x0, 0x0, 0xd,
    0xff, 0xff, 0x20, 0x0, 0x0, 0x0, 0x0, 0x0,
    0x0, 0x0, 0x9, 0xff, 0xff, 0xd1, 0x0, 0x0,
    0x0, 0x1, 0x70, 0x0, 0x0, 0x1, 0xff, 0xff,
    0xfe, 0x72, 0x0, 0x13, 0x8e, 0xfa, 0x0, 0x0,
    0x0, 0x8f, 0xff, 0xff, 0xff, 0xfe, 0xff, 0xff,
    0xff, 0xa0, 0x0, 0x0, 0xa, 0xff, 0xff, 0xff,
    0xff, 0xff, 0xff, 0xff, 0xf3, 0x0, 0x0, 0x0,
    0x8f, 0xff, 0xff, 0xff, 0xff, 0xff, 0xfd, 0x30,
    0x0, 0x0, 0x0, 0x2, 0x9f, 0xff, 0xff, 0xff,
    0xfc, 0x50, 0x0, 0x0, 0x0, 0x0, 0x0, 0x0,
    0x35, 0x77, 0x64, 0x0, 0x0, 0x0, 0x0,

    /* U+0066 "f" */
    0x0, 0x0, 0x0, 0x0, 0x2, 0x57, 0x52, 0x0,
    0x0, 0x0, 0x0, 0x0, 0x6e, 0xff, 0xff, 0xfd,
    0x50, 0x0, 0x0, 0x0, 0x9f, 0xff, 0xff, 0xff,
    0xff, 0x30, 0x0, 0x0, 0x7f, 0xff, 0xff, 0xff,
    0xff, 0xc0, 0x0, 0x0, 0x1f, 0xff, 0xff, 0xeb,
    0xcf, 0xf4, 0x0, 0x0, 0x6, 0xff, 0xff, 0xc1,
    0x0, 0x28, 0x0, 0x0, 0x0, 0xaf, 0xff, 0xf4,
    0x0, 0x0, 0x0, 0x0, 0x0, 0xc, 0xff, 0xff,
    0x0, 0x0, 0x0, 0x0, 0x0, 0x0, 0xdf, 0xff,
    0xe0, 0x0, 0x0, 0x0, 0x0, 0x0, 0xd, 0xff,
    0xfd, 0x0, 0x0, 0x0, 0x0, 0x7f, 0xff, 0xff,
    0xff, 0xff, 0xff, 0xff, 0x80, 0x7, 0xff, 0xff,
    0xff, 0xff, 0xff, 0xff, 0xf8, 0x0, 0x7f, 0xff,
    0xff, 0xff, 0xff, 0xff, 0xff, 0x80, 0x7, 0xff,
    0xff, 0xff, 0xff, 0xff, 0xff, 0xf8, 0x0, 0x13,
    0x33, 0xef, 0xff, 0xe3, 0x33, 0x33, 0x10, 0x0,
    0x0, 0xd, 0xff, 0xfd, 0x0, 0x0, 0x0, 0x0,
    0x0, 0x0, 0xdf, 0xff, 0xd0, 0x0, 0x0, 0x0,
    0x0, 0x0, 0xd, 0xff, 0xfd, 0x0, 0x0, 0x0,
    0x0, 0x0, 0x0, 0xdf, 0xff, 0xd0, 0x0, 0x0,
    0x0, 0x0, 0x0, 0xd, 0xff, 0xfd, 0x0, 0x0,
    0x0, 0x0, 0x0, 0x0, 0xdf, 0xff, 0xd0, 0x0,
    0x0, 0x0, 0x0, 0x0, 0xd, 0xff, 0xfd, 0x0,
    0x0, 0x0, 0x0, 0x0, 0x0, 0xdf, 0xff, 0xd0,
    0x0, 0x0, 0x0, 0x0, 0x0, 0xd, 0xff, 0xfd,
    0x0, 0x0, 0x0, 0x0, 0x0, 0x0, 0xdf, 0xff,
    0xd0, 0x0, 0x0, 0x0, 0x0, 0x0, 0xd, 0xff,
    0xfd, 0x0, 0x0, 0x0, 0x0, 0x0, 0x0, 0xdf,
    0xff, 0xd0, 0x0, 0x0, 0x0, 0x0, 0x0, 0xd,
    0xff, 0xfd, 0x0, 0x0, 0x0, 0x0, 0x0, 0x0,
    0xdf, 0xff, 0xd0, 0x0, 0x0, 0x0, 0x0,

    /* U+0067 "g" */
    0x0, 0x0, 0x0, 0x0, 0x0, 0x0, 0x0, 0x0,
    0x83, 0x0, 0x0, 0x0, 0x0, 0x0, 0x15, 0x67,
    0x64, 0x0, 0x6f, 0xf6, 0x0, 0x0, 0x0, 0x4,
    0xcf, 0xff, 0xff, 0xfe, 0x8f, 0xff, 0xfa, 0x0,
    0x0, 0xa, 0xff, 0xff, 0xff, 0xff, 0xff, 0xff,
    0xff, 0xa0, 0x0, 0xd, 0xff, 0xff, 0xff, 0xff,
    0xff, 0xff, 0xff, 0xd0, 0x0, 0xa, 0xff, 0xff,
    0xff, 0xff, 0xff, 0xff, 0xff, 0xf3, 0x0, 0x4,
    0xff, 0xff, 0xfd, 0x40, 0x1, 0x7f, 0xff, 0xff,
    0xa0, 0x0, 0xbf, 0xff, 0xfb, 0x0, 0x0, 0x0,
    0x2f, 0xff, 0xff, 0x30, 0xf, 0xff, 0xfe, 0x10,
    0x0, 0x0, 0x0, 0x6f, 0xff, 0xf9, 0x4, 0xff,
    0xff, 0x90, 0x0, 0x0, 0x0, 0x0, 0xff, 0xff,
    0xd0, 0x5f, 0xff, 0xf6, 0x0, 0x0, 0x0, 0x0,
    0xd, 0xff, 0xff, 0x6, 0xff, 0xff, 0x50, 0x0,
    0x0, 0x0, 0x0, 0xbf, 0xff, 0xf0, 0x5f, 0xff,
    0xf8, 0x0, 0x0, 0x0, 0x0, 0xe, 0xff, 0xfe,
    0x3, 0xff, 0xff, 0xb0, 0x0, 0x0, 0x0, 0x1,
    0xff, 0xff, 0xc0, 0xf, 0xff, 0xff, 0x40, 0x0,
    0x0, 0x0, 0xbf, 0xff, 0xf7, 0x0, 0xaf, 0xff,
    0xfe, 0x40, 0x0, 0x0, 0x9f, 0xff, 0xfe, 0x10,
    0x2, 0xff, 0xff, 0xff, 0xb8, 0x69, 0xdf, 0xff,
    0xff, 0x50, 0x0, 0x8, 0xff, 0xff, 0xff, 0xff,
    0xff, 0xff, 0xff, 0x60, 0x0, 0x0, 0xa, 0xff,
    0xff, 0xff, 0xff, 0xff, 0xff, 0x50, 0x0, 0x0,
    0x0, 0x6, 0xef, 0xff, 0xff, 0xff, 0xff, 0xff,
    0x70, 0x0, 0x0, 0x0, 0x0, 0x6a, 0xde, 0xff,
    0xff, 0xff, 0xff, 0x80, 0x0, 0x0, 0x0, 0x0,
    0x0, 0x0, 0x26, 0xdf, 0xff, 0xff, 0x30, 0x0,
    0x0, 0x0, 0x0, 0x0, 0x0, 0x0, 0xcf, 0xff,
    0xf9, 0x0, 0x0, 0x0, 0x0, 0x0, 0x0, 0x0,
    0x2, 0xff, 0xff, 0xd0, 0x2, 0x22, 0x20, 0x0,
    0x0, 0x0, 0x0, 0xe, 0xff, 0xfe, 0x5, 0xff,
    0xff, 0x70, 0x0, 0x0, 0x0, 0x0, 0xef, 0xff,
    0xe0, 0x3f, 0xff, 0xfb, 0x0, 0x0, 0x0, 0x0,
    0x3f, 0xff, 0xfc, 0x0, 0xff, 0xff, 0xf7, 0x0,
    0x0, 0x0, 0xd, 0xff, 0xff, 0x80, 0x9, 0xff,
    0xff, 0xfc, 0x41, 0x2, 0x6e, 0xff, 0xff, 0xf3,
    0x0, 0x1f, 0xff, 0xff, 0xff, 0xff, 0xff, 0xff,
    0xff, 0xfa, 0x0, 0x0, 0x4f, 0xff, 0xff, 0xff,
    0xff, 0xff, 0xff, 0xfc, 0x0, 0x0, 0x0, 0x3e,
    0xff, 0xff, 0xff, 0xff, 0xff, 0xfb, 0x10, 0x0,
    0x0, 0x0, 0x7, 0xef, 0xff, 0xff, 0xff, 0xc5,
    0x0, 0x0, 0x0, 0x0, 0x0, 0x0, 0x25, 0x77,
    0x64, 0x10, 0x0, 0x0, 0x0,

    /* U+0068 "h" */
    0x6f, 0xff, 0xf4, 0x0, 0x0, 0x0, 0x0, 0x0,
    0x0, 0x0, 0x6f, 0xff, 0xf4, 0x0, 0x0, 0x0,
    0x0, 0x0, 0x0, 0x0, 0x6f, 0xff, 0xf4, 0x0,
    0x0, 0x0, 0x0, 0x0, 0x0, 0x0, 0x6f, 0xff,
    0xf4, 0x0, 0x0, 0x0, 0x0, 0x0, 0x0, 0x0,
    0x6f, 0xff, 0xf4, 0x0, 0x0, 0x0, 0x0, 0x0,
    0x0, 0x0, 0x6f, 0xff, 0xf4, 0x0, 0x0, 0x0,
    0x0, 0x0, 0x0, 0x0, 0x6f, 0xff, 0xf4, 0x0,
    0x0, 0x0, 0x0, 0x0, 0x0, 0x0, 0x6f, 0xff,
    0xf4, 0x0, 0x0, 0x0, 0x0, 0x0, 0x0, 0x0,
    0x6f, 0xff, 0xf4, 0x0, 0x0, 0x0, 0x0, 0x0,
    0x0, 0x0, 0x6f, 0xff, 0xf4, 0x1, 0x7c, 0xef,
    0xeb, 0x70, 0x0, 0x0, 0x6f, 0xff, 0xf4, 0x4e,
    0xff, 0xff, 0xff, 0xfe, 0x40, 0x0, 0x6f, 0xff,
    0xf9, 0xff, 0xff, 0xff, 0xff, 0xff, 0xf4, 0x0,
    0x6f, 0xff, 0xff, 0xff, 0xff, 0xff, 0xff, 0xff,
    0xfe, 0x0, 0x6f, 0xff, 0xff, 0xff, 0xc9, 0x8b,
    0xff, 0xff, 0xff, 0x60, 0x6f, 0xff, 0xff, 0xf5,
    0x0, 0x0, 0x2d, 0xff, 0xff, 0xb0, 0x6f, 0xff,
    0xff, 0x50, 0x0, 0x0, 0x4, 0xff, 0xff, 0xe0,
    0x6f, 0xff, 0xfb, 0x0, 0x0, 0x0, 0x0, 0xdf,
    0xff, 0xf0, 0x6f, 0xff, 0xf7, 0x0, 0x0, 0x0,
    0x0, 0xaf, 0xff, 0xf1, 0x6f, 0xff, 0xf5, 0x0,
    0x0, 0x0, 0x0, 0x9f, 0xff, 0xf3, 0x6f, 0xff,
    0xf4, 0x0, 0x0, 0x0, 0x0, 0x8f, 0xff, 0xf3,
    0x6f, 0xff, 0xf4, 0x0, 0x0, 0x0, 0x0, 0x8f,
    0xff, 0xf3, 0x6f, 0xff, 0xf4, 0x0, 0x0, 0x0,
    0x0, 0x8f, 0xff, 0xf3, 0x6f, 0xff, 0xf4, 0x0,
    0x0, 0x0, 0x0, 0x8f, 0xff, 0xf3, 0x6f, 0xff,
    0xf4, 0x0, 0x0, 0x0, 0x0, 0x8f, 0xff, 0xf3,
    0x6f, 0xff, 0xf4, 0x0, 0x0, 0x0, 0x0, 0x8f,
    0xff, 0xf3, 0x6f, 0xff, 0xf4, 0x0, 0x0, 0x0,
    0x0, 0x8f, 0xff, 0xf3, 0x6f, 0xff, 0xf4, 0x0,
    0x0, 0x0, 0x0, 0x8f, 0xff, 0xf3, 0x6f, 0xff,
    0xf4, 0x0, 0x0, 0x0, 0x0, 0x8f, 0xff, 0xf3,

    /* U+0069 "i" */
    0x0, 0x0, 0x0, 0x2, 0x77, 0x10, 0x4f, 0xff,
    0xf2, 0xbf, 0xff, 0xf9, 0xdf, 0xff, 0xfb, 0x8f,
    0xff, 0xf6, 0xa, 0xff, 0x90, 0x0, 0x0, 0x0,
    0x0, 0x0, 0x0, 0x0, 0x0, 0x0, 0x7f, 0xff,
    0xf5, 0x7f, 0xff, 0xf5, 0x7f, 0xff, 0xf5, 0x7f,
    0xff, 0xf5, 0x7f, 0xff, 0xf5, 0x7f, 0xff, 0xf5,
    0x7f, 0xff, 0xf5, 0x7f, 0xff, 0xf5, 0x7f, 0xff,
    0xf5, 0x7f, 0xff, 0xf5, 0x7f, 0xff, 0xf5, 0x7f,
    0xff, 0xf5, 0x7f, 0xff, 0xf5, 0x7f, 0xff, 0xf5,
    0x7f, 0xff, 0xf5, 0x7f, 0xff, 0xf5, 0x7f, 0xff,
    0xf5, 0x7f, 0xff, 0xf5, 0x7f, 0xff, 0xf5,

    /* U+006A "j" */
    0x0, 0x0, 0x0, 0x0, 0x0, 0x0, 0x0, 0x0,
    0x0, 0xa, 0xff, 0x80, 0x0, 0x0, 0x0, 0x9f,
    0xff, 0xf6, 0x0, 0x0, 0x0, 0xdf, 0xff, 0xfa,
    0x0, 0x0, 0x0, 0xcf, 0xff, 0xf8, 0x0, 0x0,
    0x0, 0x4f, 0xff, 0xe2, 0x0, 0x0, 0x0, 0x2,
    0x77, 0x10, 0x0, 0x0, 0x0, 0x0, 0x0, 0x0,
    0x0, 0x0, 0x0, 0x0, 0x0, 0x0, 0x0, 0x0,
    0x0, 0x7f, 0xff, 0xf3, 0x0, 0x0, 0x0, 0x7f,
    0xff, 0xf3, 0x0, 0x0, 0x0, 0x7f, 0xff, 0xf3,
    0x0, 0x0, 0x0, 0x7f, 0xff, 0xf3, 0x0, 0x0,
    0x0, 0x7f, 0xff, 0xf3, 0x0, 0x0, 0x0, 0x7f,
    0xff, 0xf3, 0x0, 0x0, 0x0, 0x7f, 0xff, 0xf3,
    0x0, 0x0, 0x0, 0x7f, 0xff, 0xf3, 0x0, 0x0,
    0x0, 0x7f, 0xff, 0xf3, 0x0, 0x0, 0x0, 0x7f,
    0xff, 0xf3, 0x0, 0x0, 0x0, 0x7f, 0xff, 0xf3,
    0x0, 0x0, 0x0, 0x7f, 0xff, 0xf3, 0x0, 0x0,
    0x0, 0x7f, 0xff, 0xf3, 0x0, 0x0, 0x0, 0x7f,
    0xff, 0xf3, 0x0, 0x0, 0x0, 0x7f, 0xff, 0xf3,
    0x0, 0x0, 0x0, 0x7f, 0xff, 0xf3, 0x0, 0x0,
    0x0, 0x7f, 0xff, 0xf3, 0x0, 0x0, 0x0, 0x7f,
    0xff, 0xf3, 0x0, 0x0, 0x0, 0x7f, 0xff, 0xf3,
    0x0, 0x0, 0x0, 0x7f, 0xff, 0xf3, 0x0, 0x0,
    0x0, 0x7f, 0xff, 0xf3, 0x0, 0x0, 0x0, 0x7f,
    0xff, 0xf3, 0x0, 0x0, 0x0, 0x7f, 0xff, 0xf3,
    0x0, 0x0, 0x0, 0x7f, 0xff, 0xf3, 0x0, 0x0,
    0x0, 0x8f, 0xff, 0xf1, 0x0, 0x0, 0x0, 0xaf,
    0xff, 0xf0, 0x0, 0x52, 0x4, 0xff, 0xff, 0xe0,
    0x2, 0xff, 0xff, 0xff, 0xff, 0x80, 0xa, 0xff,
    0xff, 0xff, 0xff, 0x10, 0x1f, 0xff, 0xff, 0xff,
    0xf6, 0x0, 0x1a, 0xff, 0xff, 0xfe, 0x40, 0x0,
    0x0, 0x14, 0x77, 0x40, 0x0, 0x0,

    /* U+006B "k" */
    0x8f, 0xff, 0xf3, 0x0, 0x0, 0x0, 0x0, 0x0,
    0x0, 0x8, 0xff, 0xff, 0x30, 0x0, 0x0, 0x0,
    0x0, 0x0, 0x0, 0x8f, 0xff, 0xf3, 0x0, 0x0,
    0x0, 0x0, 0x0, 0x0, 0x8, 0xff, 0xff, 0x30,
    0x0, 0x0, 0x0, 0x0, 0x0, 0x0, 0x8f, 0xff,
    0xf3, 0x0, 0x0, 0x0, 0x0, 0x0, 0x0, 0x8,
    0xff, 0xff, 0x30, 0x0, 0x0, 0x0, 0x0, 0x0,
    0x0, 0x8f, 0xff, 0xf3, 0x0, 0x0, 0x0, 0x0,
    0x0, 0x0, 0x8, 0xff, 0xff, 0x30, 0x0, 0x0,
    0x0, 0x0, 0x0, 0x0, 0x8f, 0xff, 0xf3, 0x0,
    0x0, 0x0, 0x0, 0x0, 0x0, 0x8, 0xff, 0xff,
    0x30, 0x0, 0x0, 0xbf, 0xff, 0xfd, 0x10, 0x8f,
    0xff, 0xf3, 0x0, 0x0, 0x9f, 0xff, 0xfe, 0x20,
    0x8, 0xff, 0xff, 0x30, 0x0, 0x7f, 0xff, 0xff,
    0x30, 0x0, 0x8f, 0xff, 0xf3, 0x0, 0x5f, 0xff,
    0xff, 0x40, 0x0, 0x8, 0xff, 0xff, 0x30, 0x3f,
    0xff, 0xff, 0x60, 0x0, 0x0, 0x8f, 0xff, 0xf3,
    0x2e, 0xff, 0xff, 0x80, 0x0, 0x0, 0x8, 0xff,
    0xff, 0x4d, 0xff, 0xff, 0x90, 0x0, 0x0, 0x0,
    0x8f, 0xff, 0xfe, 0xff, 0xff, 0xb0, 0x0, 0x0,
    0x0, 0x8, 0xff, 0xff, 0xff, 0xff, 0xd0, 0x0,
    0x0, 0x0, 0x0, 0x8f, 0xff, 0xff, 0xff, 0xfe,
    0x20, 0x0, 0x0, 0x0, 0x8, 0xff, 0xff, 0xcf,
    0xff, 0xfe, 0x20, 0x0, 0x0, 0x0, 0x8f, 0xff,
    0xf3, 0xcf, 0xff, 0xfd, 0x10, 0x0, 0x0, 0x8,
    0xff, 0xff, 0x31, 0xdf, 0xff, 0xfc, 0x0, 0x0,
    0x0, 0x8f, 0xff, 0xf3, 0x2, 0xef, 0xff, 0xfb,
    0x0, 0x0, 0x8, 0xff, 0xff, 0x30, 0x3, 0xff,
    0xff, 0xfa, 0x0, 0x0, 0x8f, 0xff, 0xf3, 0x0,
    0x5, 0xff, 0xff, 0xf9, 0x0, 0x8, 0xff, 0xff,
    0x30, 0x0, 0x6, 0xff, 0xff, 0xf7, 0x0, 0x8f,
    0xff, 0xf3, 0x0, 0x0, 0x9, 0xff, 0xff, 0xf6,
    0x8, 0xff, 0xff, 0x30, 0x0, 0x0, 0xb, 0xff,
    0xff, 0xf4,

    /* U+006C "l" */
    0x6f, 0xff, 0xf4, 0x6f, 0xff, 0xf4, 0x6f, 0xff,
    0xf4, 0x6f, 0xff, 0xf4, 0x6f, 0xff, 0xf4, 0x6f,
    0xff, 0xf4, 0x6f, 0xff, 0xf4, 0x6f, 0xff, 0xf4,
    0x6f, 0xff, 0xf4, 0x6f, 0xff, 0xf4, 0x6f, 0xff,
    0xf4, 0x6f, 0xff, 0xf4, 0x6f, 0xff, 0xf4, 0x6f,
    0xff, 0xf4, 0x6f, 0xff, 0xf4, 0x6f, 0xff, 0xf4,
    0x6f, 0xff, 0xf4, 0x6f, 0xff, 0xf4, 0x6f, 0xff,
    0xf4, 0x6f, 0xff, 0xf4, 0x6f, 0xff, 0xf4, 0x6f,
    0xff, 0xf4, 0x6f, 0xff, 0xf4, 0x6f, 0xff, 0xf4,
    0x6f, 0xff, 0xf4, 0x6f, 0xff, 0xf4, 0x6f, 0xff,
    0xf4, 0x6f, 0xff, 0xf4,

    /* U+006D "m" */
    0x6f, 0xff, 0xf0, 0x5, 0xbe, 0xfd, 0xa4, 0x0,
    0x0, 0x6, 0xce, 0xfe, 0xc8, 0x30, 0x0, 0x6,
    0xff, 0xff, 0x3c, 0xff, 0xff, 0xff, 0xf9, 0x0,
    0x3d, 0xff, 0xff, 0xff, 0xff, 0x90, 0x0, 0x6f,
    0xff, 0xfe, 0xff, 0xff, 0xff, 0xff, 0xf7, 0x2f,
    0xff, 0xff, 0xff, 0xff, 0xff, 0xb0, 0x6, 0xff,
    0xff, 0xff, 0xff, 0xff, 0xff, 0xff, 0xfd, 0xff,
    0xff, 0xff, 0xff, 0xff, 0xff, 0x60, 0x6f, 0xff,
    0xff, 0xff, 0xb8, 0xbf, 0xff, 0xff, 0xff, 0xff,
    0xea, 0x9c, 0xff, 0xff, 0xfe, 0x6, 0xff, 0xff,
    0xfc, 0x10, 0x0, 0x3e, 0xff, 0xff, 0xff, 0xa0,
    0x0, 0x5, 0xff, 0xff, 0xf3, 0x6f, 0xff, 0xff,
    0x10, 0x0, 0x0, 0x5f, 0xff, 0xff, 0xd0, 0x0,
    0x0, 0xa, 0xff, 0xff, 0x76, 0xff, 0xff, 0x90,
    0x0, 0x0, 0x0, 0xef, 0xff, 0xf6, 0x0, 0x0,
    0x0, 0x4f, 0xff, 0xf9, 0x6f, 0xff, 0xf6, 0x0,
    0x0, 0x0, 0xb, 0xff, 0xff, 0x30, 0x0, 0x0,
    0x2, 0xff, 0xff, 0xa6, 0xff, 0xff, 0x50, 0x0,
    0x0, 0x0, 0xaf, 0xff, 0xf1, 0x0, 0x0, 0x0,
    0x1f, 0xff, 0xfa, 0x6f, 0xff, 0xf4, 0x0, 0x0,
    0x0, 0xa, 0xff, 0xff, 0x10, 0x0, 0x0, 0x1,
    0xff, 0xff, 0xa6, 0xff, 0xff, 0x40, 0x0, 0x0,
    0x0, 0xaf, 0xff, 0xf1, 0x0, 0x0, 0x0, 0x1f,
    0xff, 0xfa, 0x6f, 0xff, 0xf4, 0x0, 0x0, 0x0,
    0xa, 0xff, 0xff, 0x10, 0x0, 0x0, 0x1, 0xff,
    0xff, 0xa6, 0xff, 0xff, 0x40, 0x0, 0x0, 0x0,
    0xaf, 0xff, 0xf1, 0x0, 0x0, 0x0, 0x1f, 0xff,
    0xfa, 0x6f, 0xff, 0xf4, 0x0, 0x0, 0x0, 0xa,
    0xff, 0xff, 0x10, 0x0, 0x0, 0x1, 0xff, 0xff,
    0xa6, 0xff, 0xff, 0x40, 0x0, 0x0, 0x0, 0xaf,
    0xff, 0xf1, 0x0, 0x0, 0x0, 0x1f, 0xff, 0xfa,
    0x6f, 0xff, 0xf4, 0x0, 0x0, 0x0, 0xa, 0xff,
    0xff, 0x10, 0x0, 0x0, 0x1, 0xff, 0xff, 0xa6,
    0xff, 0xff, 0x40, 0x0, 0x0, 0x0, 0xaf, 0xff,
    0xf1, 0x0, 0x0, 0x0, 0x1f, 0xff, 0xfa, 0x6f,
    0xff, 0xf4, 0x0, 0x0, 0x0, 0xa, 0xff, 0xff,
    0x10, 0x0, 0x0, 0x1, 0xff, 0xff, 0xa0,

    /* U+006E "n" */
    0x0, 0x0, 0x0, 0x0, 0x4, 0x67, 0x62, 0x0,
    0x0, 0x0, 0x8f, 0xff, 0xb0, 0x7, 0xef, 0xff,
    0xff, 0xd5, 0x0, 0x0, 0x8f, 0xff, 0xd1, 0xcf,
    0xff, 0xff, 0xff, 0xff, 0x90, 0x0, 0x8f, 0xff,
    0xfd, 0xff, 0xff, 0xff, 0xff, 0xff, 0xf7, 0x0,
    0x8f, 0xff, 0xff, 0xff, 0xff, 0xff, 0xff, 0xff,
    0xff, 0x20, 0x8f, 0xff, 0xff, 0xfb, 0x30, 0x2,
    0x9f, 0xff, 0xff, 0xa0, 0x8f, 0xff, 0xff, 0x90,
    0x0, 0x0, 0x6, 0xff, 0xff, 0xf0, 0x8f, 0xff,
    0xfd, 0x0, 0x0, 0x0, 0x0, 0xdf, 0xff, 0xf3,
    0x8f, 0xff, 0xf7, 0x0, 0x0, 0x0, 0x0, 0x8f,
    0xff, 0xf5, 0x8f, 0xff, 0xf4, 0x0, 0x0, 0x0,
    0x0, 0x5f, 0xff, 0xf6, 0x8f, 0xff, 0xf2, 0x0,
    0x0, 0x0, 0x0, 0x4f, 0xff, 0xf7, 0x8f, 0xff,
    0xf2, 0x0, 0x0, 0x0, 0x0, 0x4f, 0xff, 0xf7,
    0x8f, 0xff, 0xf2, 0x0, 0x0, 0x0, 0x0, 0x4f,
    0xff, 0xf7, 0x8f, 0xff, 0xf2, 0x0, 0x0, 0x0,
    0x0, 0x4f, 0xff, 0xf7, 0x8f, 0xff, 0xf2, 0x0,
    0x0, 0x0, 0x0, 0x4f, 0xff, 0xf7, 0x8f, 0xff,
    0xf2, 0x0, 0x0, 0x0, 0x0, 0x4f, 0xff, 0xf7,
    0x8f, 0xff, 0xf2, 0x0, 0x0, 0x0, 0x0, 0x4f,
    0xff, 0xf7, 0x8f, 0xff, 0xf2, 0x0, 0x0, 0x0,
    0x0, 0x4f, 0xff, 0xf7, 0x8f, 0xff, 0xf2, 0x0,
    0x0, 0x0, 0x0, 0x4f, 0xff, 0xf7, 0x8f, 0xff,
    0xf2, 0x0, 0x0, 0x0, 0x0, 0x4f, 0xff, 0xf7,

    /* U+006F "o" */
    0x0, 0x0, 0x0, 0x0, 0x46, 0x76, 0x51, 0x0,
    0x0, 0x0, 0x0, 0x0, 0x0, 0x2b, 0xff, 0xff,
    0xff, 0xfc, 0x40, 0x0, 0x0, 0x0, 0x0, 0x8f,
    0xff, 0xff, 0xff, 0xff, 0xff, 0xb1, 0x0, 0x0,
    0x0, 0xaf, 0xff, 0xff, 0xff, 0xff, 0xff, 0xff,
    0xd1, 0x0, 0x0, 0x7f, 0xff, 0xff, 0xff, 0xef,
    0xff, 0xff, 0xff, 0xb0, 0x0, 0x1f, 0xff, 0xff,
    0xe5, 0x10, 0x14, 0xdf, 0xff, 0xff, 0x60, 0x9,
    0xff, 0xff, 0xd1, 0x0, 0x0, 0x0, 0xbf, 0xff,
    0xfd, 0x0, 0xef, 0xff, 0xf4, 0x0, 0x0, 0x0,
    0x1, 0xff, 0xff, 0xf3, 0x2f, 0xff, 0xfc, 0x0,
    0x0, 0x0, 0x0, 0x8, 0xff, 0xff, 0x74, 0xff,
    0xff, 0x90, 0x0, 0x0, 0x0, 0x0, 0x4f, 0xff,
    0xf9, 0x5f, 0xff, 0xf7, 0x0, 0x0, 0x0, 0x0,
    0x2, 0xff, 0xff, 0xa4, 0xff, 0xff, 0x90, 0x0,
    0x0, 0x0, 0x0, 0x4f, 0xff, 0xf9, 0x2f, 0xff,
    0xfc, 0x0, 0x0, 0x0, 0x0, 0x7, 0xff, 0xff,
    0x70, 0xef, 0xff, 0xf4, 0x0, 0x0, 0x0, 0x0,
    0xef, 0xff, 0xf3, 0x9, 0xff, 0xff, 0xd1, 0x0,
    0x0, 0x0, 0xaf, 0xff, 0xfe, 0x0, 0x2f, 0xff,
    0xff, 0xe6, 0x20, 0x14, 0xcf, 0xff, 0xff, 0x60,
    0x0, 0x8f, 0xff, 0xff, 0xff, 0xff, 0xff, 0xff,
    0xff, 0xc0, 0x0, 0x0, 0xbf, 0xff, 0xff, 0xff,
    0xff, 0xff, 0xff, 0xe1, 0x0, 0x0, 0x0, 0x9f,
    0xff, 0xff, 0xff, 0xff, 0xff, 0xc1, 0x0, 0x0,
    0x0, 0x0, 0x3b, 0xff, 0xff, 0xff, 0xfd, 0x50,
    0x0, 0x0, 0x0, 0x0, 0x0, 0x0, 0x46, 0x76,
    0x51, 0x0, 0x0, 0x0, 0x0,

    /* U+0070 "p" */
    0x0, 0x0, 0x0, 0x0, 0x3, 0x67, 0x64, 0x10,
    0x0, 0x0, 0x0, 0x6f, 0xff, 0xf0, 0x5, 0xdf,
    0xff, 0xff, 0xfb, 0x30, 0x0, 0x0, 0x6f, 0xff,
    0xf2, 0x9f, 0xff, 0xff, 0xff, 0xff, 0xf9, 0x0,
    0x0, 0x6f, 0xff, 0xfc, 0xff, 0xff, 0xff, 0xff,
    0xff, 0xff, 0xb0, 0x0, 0x6f, 0xff, 0xff, 0xff,
    0xff, 0xff, 0xff, 0xff, 0xff, 0xf9, 0x0, 0x6f,
    0xff, 0xff, 0xff, 0xd7, 0x43, 0x6a, 0xff, 0xff,
    0xff, 0x20, 0x6f, 0xff, 0xff, 0xf8, 0x0, 0x0,
    0x0, 0x3e, 0xff, 0xff, 0xa0, 0x6f, 0xff, 0xff,
    0xb0, 0x0, 0x0, 0x0, 0x4, 0xff, 0xff, 0xf0,
    0x6f, 0xff, 0xff, 0x20, 0x0, 0x0, 0x0, 0x0,
    0xbf, 0xff, 0xf3, 0x6f, 0xff, 0xfe, 0x0, 0x0,
    0x0, 0x0, 0x0, 0x8f, 0xff, 0xf5, 0x6f, 0xff,
    0xfc, 0x0, 0x0, 0x0, 0x0, 0x0, 0x5f, 0xff,
    0xf6, 0x6f, 0xff, 0xfe, 0x0, 0x0, 0x0, 0x0,
    0x0, 0x8f, 0xff, 0xf5, 0x6f, 0xff, 0xff, 0x20,
    0x0, 0x0, 0x0, 0x0, 0xcf, 0xff, 0xf3, 0x6f,
    0xff, 0xff, 0xb0, 0x0, 0x0, 0x0, 0x5, 0xff,
    0xff, 0xf0, 0x6f, 0xff, 0xff, 0xf9, 0x0, 0x0,
    0x0, 0x4e, 0xff, 0xff, 0xb0, 0x6f, 0xff, 0xff,
    0xff, 0xd7, 0x43, 0x6a, 0xff, 0xff, 0xff, 0x40,
    0x6f, 0xff, 0xff, 0xff, 0xff, 0xff, 0xff, 0xff,
    0xff, 0xfa, 0x0, 0x6f, 0xff, 0xff, 0xff, 0xff,
    0xff, 0xff, 0xff, 0xff, 0xd1, 0x0, 0x6f, 0xff,
    0xf6, 0xdf, 0xff, 0xff, 0xff, 0xff, 0xfc, 0x10,
    0x0, 0x6f, 0xff, 0xf4, 0x18, 0xff, 0xff, 0xff,
    0xfd, 0x50, 0x0, 0x0, 0x6f, 0xff, 0xf4, 0x0,
    0x3, 0x67, 0x65, 0x10, 0x0, 0x0, 0x0, 0x6f,
    0xff, 0xf4, 0x0, 0x0, 0x0, 0x0, 0x0, 0x0,
    0x0, 0x0, 0x6f, 0xff, 0xf4, 0x0, 0x0, 0x0,
    0x0, 0x0, 0x0, 0x0, 0x0, 0x6f, 0xff, 0xf4,
    0x0, 0x0, 0x0, 0x0, 0x0, 0x0, 0x0, 0x0,
    0x6f, 0xff, 0xf4, 0x0, 0x0, 0x0, 0x0, 0x0,
    0x0, 0x0, 0x0, 0x6f, 0xff, 0xf4, 0x0, 0x0,
    0x0, 0x0, 0x0, 0x0, 0x0, 0x0, 0x6f, 0xff,
    0xf4, 0x0, 0x0, 0x0, 0x0, 0x0, 0x0, 0x0,
    0x0, 0x6f, 0xff, 0xf4, 0x0, 0x0, 0x0, 0x0,
    0x0, 0x0, 0x0, 0x0, 0x49, 0x99, 0x92, 0x0,
    0x0, 0x0, 0x0, 0x0, 0x0, 0x0, 0x0,

    /* U+0071 "q" */
    0x0, 0x0, 0x0, 0x0, 0x46, 0x76, 0x30, 0x0,
    0x0, 0x0, 0x0, 0x0, 0x0, 0x3, 0xbf, 0xff,
    0xff, 0xfd, 0x50, 0xf, 0xff, 0xf7, 0x0, 0x0,
    0x9f, 0xff, 0xff, 0xff, 0xff, 0xfa, 0x2f, 0xff,
    0xf7, 0x0, 0xb, 0xff, 0xff, 0xff, 0xff, 0xff,
    0xff, 0xcf, 0xff, 0xf7, 0x0, 0x8f, 0xff, 0xff,
    0xff, 0xff, 0xff, 0xff, 0xff, 0xff, 0xf7, 0x2,
    0xff, 0xff, 0xff, 0xa6, 0x34, 0x7c, 0xff, 0xff,
    0xff, 0xf7, 0x9, 0xff, 0xff, 0xe4, 0x0, 0x0,
    0x0, 0x7f, 0xff, 0xff, 0xf7, 0xe, 0xff, 0xff,
    0x50, 0x0, 0x0, 0x0, 0xa, 0xff, 0xff, 0xf7,
    0x2f, 0xff, 0xfc, 0x0, 0x0, 0x0, 0x0, 0x1,
    0xff, 0xff, 0xf7, 0x4f, 0xff, 0xf8, 0x0, 0x0,
    0x0, 0x0, 0x0, 0xef, 0xff, 0xf7, 0x5f, 0xff,
    0xf6, 0x0, 0x0, 0x0, 0x0, 0x0, 0xbf, 0xff,
    0xf7, 0x4f, 0xff, 0xf9, 0x0, 0x0, 0x0, 0x0,
    0x0, 0xef, 0xff, 0xf7, 0x3f, 0xff, 0xfc, 0x0,
    0x0, 0x0, 0x0, 0x2, 0xff, 0xff, 0xf7, 0xf,
    0xff, 0xff, 0x60, 0x0, 0x0, 0x0, 0xb, 0xff,
    0xff, 0xf7, 0xa, 0xff, 0xff, 0xf5, 0x0, 0x0,
    0x0, 0x8f, 0xff, 0xff, 0xf7, 0x3, 0xff, 0xff,
    0xff, 0xb6, 0x34, 0x7d, 0xff, 0xff, 0xff, 0xf7,
    0x0, 0xaf, 0xff, 0xff, 0xff, 0xff, 0xff, 0xff,
    0xff, 0xff, 0xf7, 0x0, 0xd, 0xff, 0xff, 0xff,
    0xff, 0xff, 0xff, 0xff, 0xff, 0xf7, 0x0, 0x0,
    0xbf, 0xff, 0xff, 0xff, 0xff, 0xfd, 0x6f, 0xff,
    0xf7, 0x0, 0x0, 0x5, 0xcf, 0xff, 0xff, 0xff,
    0x81, 0x4f, 0xff, 0xf7, 0x0, 0x0, 0x0, 0x1,
    0x56, 0x76, 0x30, 0x0, 0x4f, 0xff, 0xf7, 0x0,
    0x0, 0x0, 0x0, 0x0, 0x0, 0x0, 0x0, 0x4f,
    0xff, 0xf7, 0x0, 0x0, 0x0, 0x0, 0x0, 0x0,
    0x0, 0x0, 0x4f, 0xff, 0xf7, 0x0, 0x0, 0x0,
    0x0, 0x0, 0x0, 0x0, 0x0, 0x4f, 0xff, 0xf7,
    0x0, 0x0, 0x0, 0x0, 0x0, 0x0, 0x0, 0x0,
    0x4f, 0xff, 0xf7, 0x0, 0x0, 0x0, 0x0, 0x0,
    0x0, 0x0, 0x0, 0x4f, 0xff, 0xf7, 0x0, 0x0,
    0x0, 0x0, 0x0, 0x0, 0x0, 0x0, 0x4f, 0xff,
    0xf7, 0x0, 0x0, 0x0, 0x0, 0x0, 0x0, 0x0,
    0x0, 0x4f, 0xff, 0xf7, 0x0, 0x0, 0x0, 0x0,
    0x0, 0x0, 0x0, 0x0, 0x29, 0x99, 0x94,

    /* U+0072 "r" */
    0x0, 0x0, 0x0, 0x0, 0x36, 0x76, 0x40, 0x0,
    0x6f, 0xff, 0xf0, 0x2c, 0xff, 0xff, 0xff, 0x70,
    0x6f, 0xff, 0xf5, 0xef, 0xff, 0xff, 0xff, 0xf7,
    0x6f, 0xff, 0xff, 0xff, 0xff, 0xff, 0xff, 0xf1,
    0x6f, 0xff, 0xff, 0xff, 0xff, 0xff, 0xff, 0x90,
    0x6f, 0xff, 0xff, 0xfe, 0x85, 0x57, 0xdf, 0x10,
    0x6f, 0xff, 0xff, 0xb0, 0x0, 0x0, 0x3, 0x0,
    0x6f, 0xff, 0xfe, 0x10, 0x0, 0x0, 0x0, 0x0,
    0x6f, 0xff, 0xf9, 0x0, 0x0, 0x0, 0x0, 0x0,
    0x6f, 0xff, 0xf6, 0x0, 0x0, 0x0, 0x0, 0x0,
    0x6f, 0xff, 0xf5, 0x0, 0x0, 0x0, 0x0, 0x0,
    0x6f, 0xff, 0xf4, 0x0, 0x0, 0x0, 0x0, 0x0,
    0x6f, 0xff, 0xf4, 0x0, 0x0, 0x0, 0x0, 0x0,
    0x6f, 0xff, 0xf4, 0x0, 0x0, 0x0, 0x0, 0x0,
    0x6f, 0xff, 0xf4, 0x0, 0x0, 0x0, 0x0, 0x0,
    0x6f, 0xff, 0xf4, 0x0, 0x0, 0x0, 0x0, 0x0,
    0x6f, 0xff, 0xf4, 0x0, 0x0, 0x0, 0x0, 0x0,
    0x6f, 0xff, 0xf4, 0x0, 0x0, 0x0, 0x0, 0x0,
    0x6f, 0xff, 0xf4, 0x0, 0x0, 0x0, 0x0, 0x0,
    0x6f, 0xff, 0xf4, 0x0, 0x0, 0x0, 0x0, 0x0,

    /* U+0073 "s" */
    0x0, 0x0, 0x0, 0x24, 0x67, 0x65, 0x20, 0x0,
    0x0, 0x0, 0x0, 0x6d, 0xff, 0xff, 0xff, 0xfe,
    0x71, 0x0, 0x0, 0x1c, 0xff, 0xff, 0xff, 0xff,
    0xff, 0xfe, 0x40, 0x1, 0xdf, 0xff, 0xff, 0xff,
    0xff, 0xff, 0xff, 0x40, 0x7, 0xff, 0xff, 0xfb,
    0x88, 0x9b, 0xff, 0xf6, 0x0, 0xb, 0xff, 0xff,
    0x20, 0x0, 0x0, 0x8, 0x70, 0x0, 0xc, 0xff,
    0xfe, 0x0, 0x0, 0x0, 0x0, 0x0, 0x0, 0xa,
    0xff, 0xff, 0xb5, 0x21, 0x0, 0x0, 0x0, 0x0,
    0x4, 0xff, 0xff, 0xff, 0xff, 0xff, 0xc7, 0x20,
    0x0, 0x0, 0x6f, 0xff, 0xff, 0xff, 0xff, 0xff,
    0xf9, 0x0, 0x0, 0x5, 0xdf, 0xff, 0xff, 0xff,
    0xff, 0xff, 0x90, 0x0, 0x0, 0x4, 0x9c, 0xef,
    0xff, 0xff, 0xff, 0xf2, 0x0, 0x0, 0x0, 0x0,
    0x0, 0x14, 0xcf, 0xff, 0xf7, 0x0, 0x10, 0x0,
    0x0, 0x0, 0x0, 0x2f, 0xff, 0xf9, 0x0, 0xcd,
    0x20, 0x0, 0x0, 0x0, 0x3f, 0xff, 0xf9, 0x7,
    0xff, 0xfa, 0x40, 0x0, 0x2, 0xdf, 0xff, 0xf7,
    0x2f, 0xff, 0xff, 0xff, 0xcb, 0xdf, 0xff, 0xff,
    0xf2, 0x1d, 0xff, 0xff, 0xff, 0xff, 0xff, 0xff,
    0xff, 0x80, 0x0, 0xaf, 0xff, 0xff, 0xff, 0xff,
    0xff, 0xf9, 0x0, 0x0, 0x3, 0xbf, 0xff, 0xff,
    0xff, 0xfc, 0x40, 0x0, 0x0, 0x0, 0x0, 0x36,
    0x77, 0x65, 0x10, 0x0, 0x0,

    /* U+0074 "t" */
    0x0, 0x0, 0x1, 0x35, 0x62, 0x0, 0x0, 0x0,
    0x0, 0x0, 0x7f, 0xff, 0xf4, 0x0, 0x0, 0x0,
    0x0, 0x0, 0x7f, 0xff, 0xf4, 0x0, 0x0, 0x0,
    0x0, 0x0, 0x7f, 0xff, 0xf4, 0x0, 0x0, 0x0,
    0x0, 0x0, 0x7f, 0xff, 0xf4, 0x0, 0x0, 0x0,
    0x0, 0x0, 0x7f, 0xff, 0xf4, 0x0, 0x0, 0x0,
    0x1f, 0xff, 0xff, 0xff, 0xff, 0xff, 0xff, 0x90,
    0x1f, 0xff, 0xff, 0xff, 0xff, 0xff, 0xff, 0x90,
    0x1f, 0xff, 0xff, 0xff, 0xff, 0xff, 0xff, 0x90,
    0x1f, 0xff, 0xff, 0xff, 0xff, 0xff, 0xff, 0x90,
    0x2, 0x22, 0x9f, 0xff, 0xf5, 0x22, 0x22, 0x10,
    0x0, 0x0, 0x7f, 0xff, 0xf3, 0x0, 0x0, 0x0,
    0x0, 0x0, 0x7f, 0xff, 0xf3, 0x0, 0x0, 0x0,
    0x0, 0x0, 0x7f, 0xff, 0xf3, 0x0, 0x0, 0x0,
    0x0, 0x0, 0x7f, 0xff, 0xf3, 0x0, 0x0, 0x0,
    0x0, 0x0, 0x7f, 0xff, 0xf3, 0x0, 0x0, 0x0,
    0x0, 0x0, 0x7f, 0xff, 0xf3, 0x0, 0x0, 0x0,
    0x0, 0x0, 0x7f, 0xff, 0xf3, 0x0, 0x0, 0x0,
    0x0, 0x0, 0x7f, 0xff, 0xf4, 0x0, 0x0, 0x0,
    0x0, 0x0, 0x4f, 0xff, 0xf7, 0x0, 0x0, 0x0,
    0x0, 0x0, 0x2f, 0xff, 0xfe, 0x30, 0x4, 0x0,
    0x0, 0x0, 0xe, 0xff, 0xff, 0xff, 0xff, 0x50,
    0x0, 0x0, 0x6, 0xff, 0xff, 0xff, 0xff, 0xa0,
    0x0, 0x0, 0x0, 0xbf, 0xff, 0xff, 0xff, 0xf0,
    0x0, 0x0, 0x0, 0x6, 0xef, 0xff, 0xff, 0xe2,
    0x0, 0x0, 0x0, 0x0, 0x3, 0x57, 0x63, 0x0,

    /* U+0075 "u" */
    0x5f, 0xff, 0xf6, 0x0, 0x0, 0x0, 0x0, 0xf,
    0xff, 0xfb, 0x5f, 0xff, 0xf6, 0x0, 0x0, 0x0,
    0x0, 0xf, 0xff, 0xfb, 0x5f, 0xff, 0xf6, 0x0,
    0x0, 0x0, 0x0, 0xf, 0xff, 0xfb, 0x5f, 0xff,
    0xf6, 0x0, 0x0, 0x0, 0x0, 0xf, 0xff, 0xfb,
    0x5f, 0xff, 0xf6, 0x0, 0x0, 0x0, 0x0, 0xf,
    0xff, 0xfb, 0x5f, 0xff, 0xf6, 0x0, 0x0, 0x0,
    0x0, 0xf, 0xff, 0xfb, 0x5f, 0xff, 0xf6, 0x0,
    0x0, 0x0, 0x0, 0xf, 0xff, 0xfb, 0x5f, 0xff,
    0xf6, 0x0, 0x0, 0x0, 0x0, 0xf, 0xff, 0xfb,
    0x5f, 0xff, 0xf6, 0x0, 0x0, 0x0, 0x0, 0xf,
    0xff, 0xfb, 0x5f, 0xff, 0xf6, 0x0, 0x0, 0x0,
    0x0, 0xf, 0xff, 0xfb, 0x4f, 0xff, 0xf8, 0x0,
    0x0, 0x0, 0x0, 0x2f, 0xff, 0xfb, 0x3f, 0xff,
    0xfa, 0x0, 0x0, 0x0, 0x0, 0x5f, 0xff, 0xfb,
    0x1f, 0xff, 0xfe, 0x0, 0x0, 0x0, 0x0, 0xcf,
    0xff, 0xfb, 0xd, 0xff, 0xff, 0x90, 0x0, 0x0,
    0x6, 0xff, 0xff, 0xfb, 0x8, 0xff, 0xff, 0xfa,
    0x20, 0x2, 0x9f, 0xff, 0xff, 0xfb, 0x1, 0xff,
    0xff, 0xff, 0xff, 0xff, 0xff, 0xff, 0xff, 0xfb,
    0x0, 0x7f, 0xff, 0xff, 0xff, 0xff, 0xff, 0xee,
    0xff, 0xfb, 0x0, 0x8, 0xff, 0xff, 0xff, 0xff,
    0xfd, 0x2b, 0xff, 0xfb, 0x0, 0x0, 0x5d, 0xff,
    0xff, 0xff, 0x80, 0x9, 0xff, 0xfb, 0x0, 0x0,
    0x0, 0x36, 0x76, 0x40, 0x0, 0x0, 0x0, 0x0,

    /* U+0076 "v" */
    0xd, 0xff, 0xff, 0x50, 0x0, 0x0, 0x0, 0x0,
    0xe, 0xff, 0xff, 0x40, 0x6f, 0xff, 0xfb, 0x0,
    0x0, 0x0, 0x0, 0x5, 0xff, 0xff, 0xd0, 0x0,
    0xff, 0xff, 0xf2, 0x0, 0x0, 0x0, 0x0, 0xbf,
    0xff, 0xf6, 0x0, 0x9, 0xff, 0xff, 0x90, 0x0,
    0x0, 0x0, 0x2f, 0xff, 0xfe, 0x0, 0x0, 0x2f,
    0xff, 0xff, 0x10, 0x0, 0x0, 0x9, 0xff, 0xff,
    0x80, 0x0, 0x0, 0xbf, 0xff, 0xf7, 0x0, 0x0,
    0x0, 0xff, 0xff, 0xf2, 0x0, 0x0, 0x4, 0xff,
    0xff, 0xd0, 0x0, 0x0, 0x6f, 0xff, 0xfa, 0x0,
    0x0, 0x0, 0xd, 0xff, 0xff, 0x30, 0x0, 0xc,
    0xff, 0xff, 0x30, 0x0, 0x0, 0x0, 0x6f, 0xff,
    0xf9, 0x0, 0x2, 0xff, 0xff, 0xd0, 0x0, 0x0,
    0x0, 0x0, 0xef, 0xff, 0xe0, 0x0, 0x8f, 0xff,
    0xf6, 0x0, 0x0, 0x0, 0x0, 0x8, 0xff, 0xff,
    0x50, 0xe, 0xff, 0xfe, 0x0, 0x0, 0x0, 0x0,
    0x0, 0x1f, 0xff, 0xfb, 0x4, 0xff, 0xff, 0x80,
    0x0, 0x0, 0x0, 0x0, 0x0, 0xaf, 0xff, 0xf1,
    0xaf, 0xff, 0xf1, 0x0, 0x0, 0x0, 0x0, 0x0,
    0x3, 0xff, 0xff, 0x8f, 0xff, 0xfa, 0x0, 0x0,
    0x0, 0x0, 0x0, 0x0, 0xc, 0xff, 0xff, 0xff,
    0xff, 0x30, 0x0, 0x0, 0x0, 0x0, 0x0, 0x0,
    0x5f, 0xff, 0xff, 0xff, 0xc0, 0x0, 0x0, 0x0,
    0x0, 0x0, 0x0, 0x0, 0xef, 0xff, 0xff, 0xf5,
    0x0, 0x0, 0x0, 0x0, 0x0, 0x0, 0x0, 0x7,
    0xff, 0xff, 0xfe, 0x0, 0x0, 0x0, 0x0, 0x0,
    0x0, 0x0, 0x0, 0x1f, 0xff, 0xff, 0x80, 0x0,
    0x0, 0x0, 0x0,

    /* U+0077 "w" */
    0xaf, 0xff, 0xf9, 0x0, 0x0, 0x0, 0x1, 0xff,
    0xff, 0x60, 0x0, 0x0, 0x0, 0x5f, 0xff, 0xfe,
    0x4, 0xff, 0xff, 0xe0, 0x0, 0x0, 0x0, 0x6f,
    0xff, 0xfa, 0x0, 0x0, 0x0, 0x9, 0xff, 0xff,
    0x90, 0xe, 0xff, 0xff, 0x30, 0x0, 0x0, 0xb,
    0xff, 0xff, 0xf0, 0x0, 0x0, 0x0, 0xef, 0xff,
    0xf3, 0x0, 0x9f, 0xff, 0xf8, 0x0, 0x0, 0x0,
    0xff, 0xff, 0xff, 0x40, 0x0, 0x0, 0x3f, 0xff,
    0xfd, 0x0, 0x3, 0xff, 0xff, 0xd0, 0x0, 0x0,
    0x4f, 0xff, 0xff, 0xf8, 0x0, 0x0, 0x8, 0xff,
    0xff, 0x80, 0x0, 0xd, 0xff, 0xff, 0x20, 0x0,
    0x9, 0xff, 0xff, 0xff, 0xd0, 0x0, 0x0, 0xdf,
    0xff, 0xf2, 0x0, 0x0, 0x8f, 0xff, 0xf7, 0x0,
    0x0, 0xdf, 0xff, 0xff, 0xff, 0x20, 0x0, 0x2f,
    0xff, 0xfd, 0x0, 0x0, 0x2, 0xff, 0xff, 0xc0,
    0x0, 0x2f, 0xff, 0xfc, 0xff, 0xf7, 0x0, 0x7,
    0xff, 0xff, 0x70, 0x0, 0x0, 0xc, 0xff, 0xff,
    0x10, 0x7, 0xff, 0xfc, 0x7f, 0xff, 0xb0, 0x0,
    0xcf, 0xff, 0xf1, 0x0, 0x0, 0x0, 0x7f, 0xff,
    0xf6, 0x0, 0xbf, 0xff, 0x73, 0xff, 0xff, 0x0,
    0x1f, 0xff, 0xfc, 0x0, 0x0, 0x0, 0x1, 0xff,
    0xff, 0xb0, 0xf, 0xff, 0xf3, 0xe, 0xff, 0xf5,
    0x6, 0xff, 0xff, 0x60, 0x0, 0x0, 0x0, 0xb,
    0xff, 0xff, 0x5, 0xff, 0xff, 0x0, 0xaf, 0xff,
    0xa0, 0xbf, 0xff, 0xf1, 0x0, 0x0, 0x0, 0x0,
    0x6f, 0xff, 0xf5, 0x9f, 0xff, 0xa0, 0x5, 0xff,
    0xfe, 0x1f, 0xff, 0xfb, 0x0, 0x0, 0x0, 0x0,
    0x1, 0xff, 0xff, 0xae, 0xff, 0xf6, 0x0, 0x1f,
    0xff, 0xf9, 0xff, 0xff, 0x50, 0x0, 0x0, 0x0,
    0x0, 0xa, 0xff, 0xff, 0xff, 0xff, 0x10, 0x0,
    0xbf, 0xff, 0xff, 0xff, 0xf0, 0x0, 0x0, 0x0,
    0x0, 0x0, 0x5f, 0xff, 0xff, 0xff, 0xb0, 0x0,
    0x6, 0xff, 0xff, 0xff, 0xfa, 0x0, 0x0, 0x0,
    0x0, 0x0, 0x0, 0xef, 0xff, 0xff, 0xf5, 0x0,
    0x0, 0xf, 0xff, 0xff, 0xff, 0x40, 0x0, 0x0,
    0x0, 0x0, 0x0, 0x9, 0xff, 0xff, 0xff, 0x0,
    0x0, 0x0, 0xaf, 0xff, 0xff, 0xe0, 0x0, 0x0,
    0x0, 0x0, 0x0, 0x0, 0x4f, 0xff, 0xff, 0xa0,
    0x0, 0x0, 0x5, 0xff, 0xff, 0xf9, 0x0, 0x0,
    0x0, 0x0,

    /* U+0078 "x" */
    0x3f, 0xff, 0xff, 0x80, 0x0, 0x0, 0x7, 0xff,
    0xff, 0xf2, 0x8, 0xff, 0xff, 0xf2, 0x0, 0x0,
    0x1f, 0xff, 0xff, 0x70, 0x0, 0xdf, 0xff, 0xfa,
    0x0, 0x0, 0xaf, 0xff, 0xfc, 0x0, 0x0, 0x3f,
    0xff, 0xff, 0x30, 0x3, 0xff, 0xff, 0xf2, 0x0,
    0x0, 0x7, 0xff, 0xff, 0xc0, 0xc, 0xff, 0xff,
    0x70, 0x0, 0x0, 0x0, 0xcf, 0xff, 0xf6, 0x5f,
    0xff, 0xfc, 0x0, 0x0, 0x0, 0x0, 0x2f, 0xff,
    0xfe, 0xef, 0xff, 0xf2, 0x0, 0x0, 0x0, 0x0,
    0x6, 0xff, 0xff, 0xff, 0xff, 0x70, 0x0, 0x0,
    0x0, 0x0, 0x0, 0xbf, 0xff, 0xff, 0xfc, 0x0,
    0x0, 0x0, 0x0, 0x0, 0x0, 0x5f, 0xff, 0xff,
    0xf5, 0x0, 0x0, 0x0, 0x0, 0x0, 0x0, 0xdf,
    0xff, 0xff, 0xfe, 0x10, 0x0, 0x0, 0x0, 0x0,
    0x9, 0xff, 0xff, 0xff, 0xff, 0xa0, 0x0, 0x0,
    0x0, 0x0, 0x4f, 0xff, 0xff, 0xff, 0xff, 0xf6,
    0x0, 0x0, 0x0, 0x1, 0xef, 0xff, 0xf7, 0x7f,
    0xff, 0xff, 0x20, 0x0, 0x0, 0xb, 0xff, 0xff,
    0xc0, 0xc, 0xff, 0xff, 0xc0, 0x0, 0x0, 0x6f,
    0xff, 0xff, 0x20, 0x2, 0xff, 0xff, 0xf8, 0x0,
    0x2, 0xff, 0xff, 0xf7, 0x0, 0x0, 0x7f, 0xff,
    0xff, 0x30, 0xc, 0xff, 0xff, 0xc0, 0x0, 0x0,
    0xc, 0xff, 0xff, 0xd0, 0x7f, 0xff, 0xff, 0x30,
    0x0, 0x0, 0x2, 0xff, 0xff, 0xf9,

    /* U+0079 "y" */
    0xe, 0xff, 0xff, 0x90, 0x0, 0x0, 0x0, 0x0,
    0x8f, 0xff, 0xfb, 0x8, 0xff, 0xff, 0xe0, 0x0,
    0x0, 0x0, 0x0, 0xef, 0xff, 0xf4, 0x1, 0xff,
    0xff, 0xf4, 0x0, 0x0, 0x0, 0x5, 0xff, 0xff,
    0xd0, 0x0, 0xbf, 0xff, 0xfa, 0x0, 0x0, 0x0,
    0xc, 0xff, 0xff, 0x70, 0x0, 0x4f, 0xff, 0xff,
    0x0, 0x0, 0x0, 0x2f, 0xff, 0xff, 0x10, 0x0,
    0xe, 0xff, 0xff, 0x50, 0x0, 0x0, 0x9f, 0xff,
    0xf9, 0x0, 0x0, 0x8, 0xff, 0xff, 0xa0, 0x0,
    0x0, 0xff, 0xff, 0xf2, 0x0, 0x0, 0x1, 0xff,
    0xff, 0xf0, 0x0, 0x6, 0xff, 0xff, 0xb0, 0x0,
    0x0, 0x0, 0xbf, 0xff, 0xf5, 0x0, 0xd, 0xff,
    0xff, 0x50, 0x0, 0x0, 0x0, 0x4f, 0xff, 0xfb,
    0x0, 0x3f, 0xff, 0xfe, 0x0, 0x0, 0x0, 0x0,
    0xe, 0xff, 0xff, 0x10, 0x9f, 0xff, 0xf7, 0x0,
    0x0, 0x0, 0x0, 0x8, 0xff, 0xff, 0x50, 0xef,
    0xff, 0xf1, 0x0, 0x0, 0x0, 0x0, 0x1, 0xff,
    0xff, 0xb4, 0xff, 0xff, 0x90, 0x0, 0x0, 0x0,
    0x0, 0x0, 0xbf, 0xff, 0xfb, 0xff, 0xff, 0x30,
    0x0, 0x0, 0x0, 0x0, 0x0, 0x4f, 0xff, 0xff,
    0xff, 0xfc, 0x0, 0x0, 0x0, 0x0, 0x0, 0x0,
    0xe, 0xff, 0xff, 0xff, 0xf5, 0x0, 0x0, 0x0,
    0x0, 0x0, 0x0, 0x7, 0xff, 0xff, 0xff, 0xe0,
    0x0, 0x0, 0x0, 0x0, 0x0, 0x0, 0x1, 0xff,
    0xff, 0xff, 0x70, 0x0, 0x0, 0x0, 0x0, 0x0,
    0x0, 0x0, 0xbf, 0xff, 0xff, 0x10, 0x0, 0x0,
    0x0, 0x0, 0x0, 0x0, 0x0, 0x9f, 0xff, 0xfa,
    0x0, 0x0, 0x0, 0x0, 0x0, 0x0, 0x0, 0x0,
    0xff, 0xff, 0xf3, 0x0, 0x0, 0x0, 0x0, 0x0,
    0x0, 0x0, 0x7, 0xff, 0xff, 0xc0, 0x0, 0x0,
    0x0, 0x0, 0x0, 0x0, 0x0, 0xd, 0xff, 0xff,
    0x50, 0x0, 0x0, 0x0, 0x0, 0x0, 0x0, 0x0,
    0x4f, 0xff, 0xfe, 0x0, 0x0, 0x0, 0x0, 0x0,
    0x0, 0x0, 0x0, 0xbf, 0xff, 0xf8, 0x0, 0x0,
    0x0, 0x0, 0x0, 0x0, 0x0, 0x2, 0xff, 0xff,
    0xf1, 0x0, 0x0, 0x0, 0x0, 0x0, 0x0, 0x0,
    0x8, 0xff, 0xff, 0xa0, 0x0, 0x0, 0x0, 0x0,
    0x0, 0x0, 0x0, 0x8, 0x99, 0x99, 0x20, 0x0,
    0x0, 0x0, 0x0, 0x0,

    /* U+007A "z" */
    0xf, 0xff, 0xff, 0xff, 0xff, 0xff, 0xff, 0xff,
    0x70, 0xff, 0xff, 0xff, 0xff, 0xff, 0xff, 0xff,
    0xf7, 0xf, 0xff, 0xff, 0xff, 0xff, 0xff, 0xff,
    0xff, 0x40, 0xff, 0xff, 0xff, 0xff, 0xff, 0xff,
    0xff, 0x80, 0x5, 0x55, 0x55, 0x55, 0x5c, 0xff,
    0xff, 0xc0, 0x0, 0x0, 0x0, 0x0, 0x4, 0xff,
    0xff, 0xf2, 0x0, 0x0, 0x0, 0x0, 0x1, 0xef,
    0xff, 0xf5, 0x0, 0x0, 0x0, 0x0, 0x0, 0xbf,
    0xff, 0xf9, 0x0, 0x0, 0x0, 0x0, 0x0, 0x7f,
    0xff, 0xfd, 0x0, 0x0, 0x0, 0x0, 0x0, 0x3f,
    0xff, 0xff, 0x20, 0x0, 0x0, 0x0, 0x0, 0xd,
    0xff, 0xff, 0x60, 0x0, 0x0, 0x0, 0x0, 0xa,
    0xff, 0xff, 0xa0, 0x0, 0x0, 0x0, 0x0, 0x6,
    0xff, 0xff, 0xd0, 0x0, 0x0, 0x0, 0x0, 0x2,
    0xff, 0xff, 0xf3, 0x0, 0x0, 0x0, 0x0, 0x0,
    0xcf, 0xff, 0xfe, 0xbb, 0xbb, 0xbb, 0xbb, 0x60,
    0x9f, 0xff, 0xff, 0xff, 0xff, 0xff, 0xff, 0xf8,
    0x4f, 0xff, 0xff, 0xff, 0xff, 0xff, 0xff, 0xff,
    0x8a, 0xff, 0xff, 0xff, 0xff, 0xff, 0xff, 0xff,
    0xf8, 0xaf, 0xff, 0xff, 0xff, 0xff, 0xff, 0xff,
    0xff, 0x80,

    /* U+007B "{" */
    0x0, 0x0, 0x0, 0x0, 0x12, 0x10, 0x0, 0x0,
    0x0, 0x6, 0xdf, 0xff, 0xf1, 0x0, 0x0, 0xb,
    0xff, 0xff, 0xff, 0x10, 0x0, 0x7, 0xff, 0xff,
    0xff, 0xf1, 0x0, 0x0, 0xef, 0xff, 0xff, 0xab,
    0x10, 0x0, 0x2f, 0xff, 0xff, 0x20, 0x0, 0x0,
    0x4, 0xff, 0xff, 0xc0, 0x0, 0x0, 0x0, 0x5f,
    0xff, 0xfa, 0x0, 0x0, 0x0, 0x5, 0xff, 0xff,
    0x90, 0x0, 0x0, 0x0, 0x5f, 0xff, 0xf9, 0x0,
    0x0, 0x0, 0x5, 0xff, 0xff, 0x90, 0x0, 0x0,
    0x0, 0x5f, 0xff, 0xf9, 0x0, 0x0, 0x0, 0x5,
    0xff, 0xff, 0x90, 0x0, 0x0, 0x0, 0x6f, 0xff,
    0xf9, 0x0, 0x0, 0x0, 0x8, 0xff, 0xff, 0x90,
    0x0, 0x0, 0x2, 0xef, 0xff, 0xf7, 0x0, 0x0,
    0x1b, 0xff, 0xff, 0xff, 0x20, 0x0, 0x1, 0xff,
    0xff, 0xff, 0x50, 0x0, 0x0, 0x1f, 0xff, 0xff,
    0x91, 0x0, 0x0, 0x1, 0xff, 0xff, 0xff, 0xd0,
    0x0, 0x0, 0x2, 0x7f, 0xff, 0xff, 0x60, 0x0,
    0x0, 0x0, 0xaf, 0xff, 0xf9, 0x0, 0x0, 0x0,
    0x6, 0xff, 0xff, 0x90, 0x0, 0x0, 0x0, 0x6f,
    0xff, 0xf9, 0x0, 0x0, 0x0, 0x5, 0xff, 0xff,
    0x90, 0x0, 0x0, 0x0, 0x5f, 0xff, 0xf9, 0x0,
    0x0, 0x0, 0x5, 0xff, 0xff, 0x90, 0x0, 0x0,
    0x0, 0x5f, 0xff, 0xf9, 0x0, 0x0, 0x0, 0x5,
    0xff, 0xff, 0xa0, 0x0, 0x0, 0x0, 0x5f, 0xff,
    0xfb, 0x0, 0x0, 0x0, 0x3, 0xff, 0xff, 0xd0,
    0x0, 0x0, 0x0, 0xf, 0xff, 0xff, 0xb5, 0x50,
    0x0, 0x0, 0xaf, 0xff, 0xff, 0xff, 0x10, 0x0,
    0x2, 0xff, 0xff, 0xff, 0xf1, 0x0, 0x0, 0x3,
    0xdf, 0xff, 0xff, 0x10, 0x0, 0x0, 0x0, 0x47,
    0x98, 0x60, 0x0, 0x0, 0x0, 0x0, 0x0, 0x0,
    0x0,

    /* U+007C "|" */
    0x1f, 0xff, 0xf7, 0x1f, 0xff, 0xf7, 0x1f, 0xff,
    0xf7, 0x1f, 0xff, 0xf7, 0x1f, 0xff, 0xf7, 0x1f,
    0xff, 0xf7, 0x1f, 0xff, 0xf7, 0x1f, 0xff, 0xf7,
    0x1f, 0xff, 0xf7, 0x1f, 0xff, 0xf7, 0x1f, 0xff,
    0xf7, 0x1f, 0xff, 0xf7, 0x1f, 0xff, 0xf7, 0x1f,
    0xff, 0xf7, 0x1f, 0xff, 0xf7, 0x1f, 0xff, 0xf7,
    0x1f, 0xff, 0xf7, 0x1f, 0xff, 0xf7, 0x1f, 0xff,
    0xf7, 0x1f, 0xff, 0xf7, 0x1f, 0xff, 0xf7, 0x1f,
    0xff, 0xf7, 0x1f, 0xff, 0xf7, 0x1f, 0xff, 0xf7,
    0x1f, 0xff, 0xf7, 0x1f, 0xff, 0xf7, 0x1f, 0xff,
    0xf7, 0x1f, 0xff, 0xf7, 0x1f, 0xff, 0xf7, 0x1f,
    0xff, 0xf7, 0x1f, 0xff, 0xf7, 0x1f, 0xff, 0xf7,
    0x1f, 0xff, 0xf7,

    /* U+007D "}" */
    0x0, 0x12, 0x10, 0x0, 0x0, 0x0, 0x1, 0xff,
    0xff, 0xd6, 0x0, 0x0, 0x0, 0x1f, 0xff, 0xff,
    0xfb, 0x0, 0x0, 0x1, 0xff, 0xff, 0xff, 0xf7,
    0x0, 0x0, 0x1b, 0xaf, 0xff, 0xff, 0xe0, 0x0,
    0x0, 0x0, 0x2f, 0xff, 0xff, 0x20, 0x0, 0x0,
    0x0, 0xcf, 0xff, 0xf4, 0x0, 0x0, 0x0, 0xa,
    0xff, 0xff, 0x60, 0x0, 0x0, 0x0, 0x9f, 0xff,
    0xf6, 0x0, 0x0, 0x0, 0x9, 0xff, 0xff, 0x60,
    0x0, 0x0, 0x0, 0x9f, 0xff, 0xf6, 0x0, 0x0,
    0x0, 0x9, 0xff, 0xff, 0x60, 0x0, 0x0, 0x0,
    0x9f, 0xff, 0xf6, 0x0, 0x0, 0x0, 0x9, 0xff,
    0xff, 0x60, 0x0, 0x0, 0x0, 0x9f, 0xff, 0xf8,
    0x0, 0x0, 0x0, 0x7, 0xff, 0xff, 0xe2, 0x0,
    0x0, 0x0, 0x2f, 0xff, 0xff, 0xfb, 0x10, 0x0,
    0x0, 0x5f, 0xff, 0xff, 0xf1, 0x0, 0x0, 0x1,
    0x9f, 0xff, 0xff, 0x10, 0x0, 0x0, 0xdf, 0xff,
    0xff, 0xf1, 0x0, 0x0, 0x6f, 0xff, 0xff, 0x72,
    0x0, 0x0, 0x8, 0xff, 0xff, 0xb0, 0x0, 0x0,
    0x0, 0x9f, 0xff, 0xf7, 0x0, 0x0, 0x0, 0x9,
    0xff, 0xff, 0x60, 0x0, 0x0, 0x0, 0x9f, 0xff,
    0xf6, 0x0, 0x0, 0x0, 0x9, 0xff, 0xff, 0x60,
    0x0, 0x0, 0x0, 0x9f, 0xff, 0xf6, 0x0, 0x0,
    0x0, 0x9, 0xff, 0xff, 0x60, 0x0, 0x0, 0x0,
    0x9f, 0xff, 0xf6, 0x0, 0x0, 0x0, 0xa, 0xff,
    0xff, 0x50, 0x0, 0x0, 0x0, 0xdf, 0xff, 0xf4,
    0x0, 0x0, 0x55, 0xaf, 0xff, 0xff, 0x0, 0x0,
    0x1f, 0xff, 0xff, 0xff, 0xa0, 0x0, 0x1, 0xff,
    0xff, 0xff, 0xf2, 0x0, 0x0, 0x1f, 0xff, 0xff,
    0xd3, 0x0, 0x0, 0x0, 0x68, 0x97, 0x40, 0x0,
    0x0, 0x0, 0x0, 0x0, 0x0, 0x0, 0x0, 0x0,
    0x0,

    /* U+007E "~" */
    0x0, 0x0, 0x7c, 0xee, 0xb5, 0x0, 0x0, 0x0,
    0x11, 0x0, 0x0, 0x1, 0xef, 0xff, 0xff, 0xfc,
    0x30, 0x0, 0xa, 0xfb, 0x50, 0x1, 0xdf, 0xff,
    0xff, 0xff, 0xff, 0xa2, 0x6, 0xff, 0xfe, 0x0,
    0x7f, 0xff, 0xff, 0xff, 0xff, 0xff, 0xff, 0xff,
    0xff, 0x70, 0xe, 0xff, 0xf6, 0x2, 0x8f, 0xff,
    0xff, 0xff, 0xff, 0xd0, 0x0, 0x4a, 0xf7, 0x0,
    0x0, 0x1a, 0xff, 0xff, 0xff, 0xe1, 0x0, 0x0,
    0x1, 0x0, 0x0, 0x0, 0x3, 0xbf, 0xff, 0xa2,
    0x0, 0x0, 0x0, 0x0, 0x0, 0x0, 0x0, 0x0,
    0x1, 0x0, 0x0, 0x0, 0x0, 0x0, 0x0, 0x0,
    0x0, 0x0, 0x0, 0x0, 0x0, 0x0, 0x0,

    /* U+00A1 "¡" */
    0x0, 0x0, 0x0, 0x0, 0x3b, 0xeb, 0x20, 0x2f,
    0xff, 0xfe, 0x18, 0xff, 0xff, 0xf6, 0x9f, 0xff,
    0xff, 0x86, 0xff, 0xff, 0xf5, 0xc, 0xff, 0xfb,
    0x0, 0x5, 0x85, 0x0, 0x5, 0x55, 0x55, 0x1,
    0xff, 0xff, 0xf0, 0x1f, 0xff, 0xff, 0x1, 0xff,
    0xff, 0xf0, 0x1f, 0xff, 0xff, 0x1, 0xff, 0xff,
    0xf0, 0x1f, 0xff, 0xff, 0x1, 0xff, 0xff, 0xf0,
    0x1f, 0xff, 0xff, 0x1, 0xff, 0xff, 0xf0, 0x1f,
    0xff, 0xff, 0x1, 0xff, 0xff, 0xf0, 0x1f, 0xff,
    0xff, 0x1, 0xff, 0xff, 0xf0, 0x1f, 0xff, 0xff,
    0x1, 0xff, 0xff, 0xf0, 0x1f, 0xff, 0xff, 0x1,
    0xff, 0xff, 0xf0, 0x1f, 0xff, 0xff, 0x1, 0xff,
    0xff, 0xf0, 0x1f, 0xff, 0xff, 0x0,

    /* U+00A2 "¢" */
    0x0, 0x0, 0x0, 0x0, 0xcf, 0xff, 0x90, 0x0,
    0x0, 0x0, 0x0, 0x0, 0x0, 0xcf, 0xff, 0x90,
    0x0, 0x0, 0x0, 0x0, 0x0, 0x0, 0xcf, 0xff,
    0xa0, 0x0, 0x0, 0x0, 0x0, 0x1, 0x8d, 0xff,
    0xff, 0xfd, 0x71, 0x0, 0x0, 0x0, 0x4e, 0xff,
    0xff, 0xff, 0xff, 0xff, 0x50, 0x0, 0x5, 0xff,
    0xff, 0xff, 0xff, 0xff, 0xff, 0xf7, 0x0, 0x5f,
    0xff, 0xff, 0xff, 0xff, 0xff, 0xff, 0xe1, 0x0,
    0xef, 0xff, 0xff, 0x83, 0x2, 0x6c, 0xff, 0x30,
    0x7, 0xff, 0xff, 0xe3, 0x0, 0x0, 0x0, 0x74,
    0x0, 0xf, 0xff, 0xff, 0x40, 0x0, 0x0, 0x0,
    0x0, 0x0, 0x4f, 0xff, 0xfa, 0x0, 0x0, 0x0,
    0x0, 0x0, 0x0, 0x7f, 0xff, 0xf6, 0x0, 0x0,
    0x0, 0x0, 0x0, 0x0, 0x8f, 0xff, 0xf3, 0x0,
    0x0, 0x0, 0x0, 0x0, 0x0, 0x8f, 0xff, 0xf3,
    0x0, 0x0, 0x0, 0x0, 0x0, 0x0, 0x7f, 0xff,
    0xf6, 0x0, 0x0, 0x0, 0x0, 0x0, 0x0, 0x4f,
    0xff, 0xfa, 0x0, 0x0, 0x0, 0x0, 0x0, 0x0,
    0xf, 0xff, 0xff, 0x40, 0x0, 0x0, 0x0, 0x0,
    0x0, 0x8, 0xff, 0xff, 0xd3, 0x0, 0x0, 0x1,
    0xb5, 0x0, 0x0, 0xef, 0xff, 0xff, 0x83, 0x1,
    0x7e, 0xff, 0x30, 0x0, 0x6f, 0xff, 0xff, 0xff,
    0xff, 0xff, 0xff, 0xe2, 0x0, 0x6, 0xff, 0xff,
    0xff, 0xff, 0xff, 0xff, 0xf8, 0x0, 0x0, 0x5f,
    0xff, 0xff, 0xff, 0xff, 0xff, 0x60, 0x0, 0x0,
    0x1, 0x9e, 0xff, 0xff, 0xfe, 0x82, 0x0, 0x0,
    0x0, 0x0, 0x0, 0xdf, 0xff, 0xa0, 0x0, 0x0,
    0x0, 0x0, 0x0, 0x0, 0xcf, 0xff, 0x90, 0x0,
    0x0, 0x0, 0x0, 0x0, 0x0, 0xcf, 0xff, 0x90,
    0x0, 0x0,

    /* U+00A3 "£" */
    0x0, 0x0, 0x0, 0x0, 0x1, 0x46, 0x76, 0x42,
    0x0, 0x0, 0x0, 0x0, 0x0, 0x0, 0x0, 0x5c,
    0xff, 0xff, 0xff, 0xff, 0x92, 0x0, 0x0, 0x0,
    0x0, 0x2, 0xcf, 0xff, 0xff, 0xff, 0xff, 0xff,
    0xf5, 0x0, 0x0, 0x0, 0x1, 0xef, 0xff, 0xff,
    0xff, 0xff, 0xff, 0xff, 0xf4, 0x0, 0x0, 0x0,
    0xcf, 0xff, 0xff, 0xff, 0xff, 0xff, 0xff, 0xff,
    0xe0, 0x0, 0x0, 0x4f, 0xff, 0xff, 0xf8, 0x42,
    0x24, 0xbf, 0xff, 0xff, 0x60, 0x0, 0xb, 0xff,
    0xff, 0xf2, 0x0, 0x0, 0x0, 0x9f, 0xff, 0xfb,
    0x0, 0x0, 0xff, 0xff, 0xf7, 0x0, 0x0, 0x0,
    0x0, 0xff, 0xff, 0xf0, 0x0, 0x1f, 0xff, 0xff,
    0x20, 0x0, 0x0, 0x0, 0xb, 0xff, 0xff, 0x0,
    0x2, 0xff, 0xff, 0xf0, 0x0, 0x0, 0x0, 0x0,
    0x0, 0x0, 0x0, 0x0, 0x2f, 0xff, 0xff, 0x0,
    0x0, 0x0, 0x0, 0x0, 0x0, 0x0, 0x0, 0x0,
    0xff, 0xff, 0xf2, 0x0, 0x0, 0x0, 0x0, 0x0,
    0x0, 0x0, 0x0, 0xd, 0xff, 0xff, 0x40, 0x0,
    0x0, 0x0, 0x0, 0x0, 0x0, 0x0, 0x0, 0xaf,
    0xff, 0xf7, 0x0, 0x0, 0x0, 0x0, 0x0, 0x0,
    0x0, 0x4f, 0xff, 0xff, 0xff, 0xff, 0xff, 0xff,
    0xff, 0xa0, 0x0, 0x0, 0x4, 0xff, 0xff, 0xff,
    0xff, 0xff, 0xff, 0xff, 0xfa, 0x0, 0x0, 0x0,
    0x4f, 0xff, 0xff, 0xff, 0xff, 0xff, 0xff, 0xff,
    0xa0, 0x0, 0x0, 0x4, 0xff, 0xff, 0xff, 0xff,
    0xff, 0xff, 0xff, 0xfa, 0x0, 0x0, 0x0, 0x15,
    0x55, 0xdf, 0xff, 0xfa, 0x55, 0x55, 0x55, 0x40,
    0x0, 0x0, 0x0, 0x0, 0xc, 0xff, 0xff, 0x70,
    0x0, 0x0, 0x0, 0x0, 0x0, 0x0, 0x0, 0x0,
    0xef, 0xff, 0xf5, 0x0, 0x0, 0x0, 0x0, 0x0,
    0x0, 0x0, 0x0, 0x4f, 0xff, 0xff, 0x10, 0x0,
    0x0, 0x0, 0x0, 0x0, 0x0, 0x0, 0x1d, 0xff,
    0xff, 0x80, 0x0, 0x0, 0x0, 0x0, 0x0, 0x0,
    0x0, 0x4d, 0xff, 0xff, 0x90, 0x0, 0x0, 0x0,
    0x0, 0x0, 0x0, 0x0, 0x4f, 0xff, 0xff, 0xff,
    0xee, 0xee, 0xee, 0xee, 0xee, 0xee, 0xee, 0x34,
    0xff, 0xff, 0xff, 0xff, 0xff, 0xff, 0xff, 0xff,
    0xff, 0xff, 0xf3, 0x4f, 0xff, 0xff, 0xff, 0xff,
    0xff, 0xff, 0xff, 0xff, 0xff, 0xff, 0x34, 0xff,
    0xff, 0xff, 0xff, 0xff, 0xff, 0xff, 0xff, 0xff,
    0xff, 0xf3, 0x4f, 0xff, 0xff, 0xff, 0xff, 0xff,
    0xff, 0xff, 0xff, 0xff, 0xff, 0x30,

    /* U+00A4 "¤" */
    0x0, 0x0, 0x10, 0x0, 0x0, 0x0, 0x0, 0x0,
    0x10, 0x0, 0x0, 0xb, 0xd1, 0x0, 0x0, 0x0,
    0x0, 0x8, 0xe2, 0x0, 0x0, 0xbf, 0xfc, 0x25,
    0x9a, 0xb9, 0x61, 0x8f, 0xfe, 0x20, 0xb, 0xff,
    0xff, 0xff, 0xff, 0xff, 0xff, 0xff, 0xff, 0xe2,
    0x3f, 0xff, 0xff, 0xff, 0xff, 0xff, 0xff, 0xff,
    0xff, 0xf8, 0x4, 0xff, 0xff, 0xff, 0xff, 0xff,
    0xff, 0xff, 0xff, 0x90, 0x0, 0x4f, 0xff, 0xff,
    0x95, 0x47, 0xef, 0xff, 0xfb, 0x0, 0x0, 0x6f,
    0xff, 0xf4, 0x0, 0x0, 0x1d, 0xff, 0xfd, 0x0,
    0x0, 0xcf, 0xff, 0x80, 0x0, 0x0, 0x4, 0xff,
    0xff, 0x30, 0x0, 0xff, 0xff, 0x20, 0x0, 0x0,
    0x0, 0xef, 0xff, 0x50, 0x1, 0xff, 0xff, 0x0,
    0x0, 0x0, 0x0, 0xcf, 0xff, 0x70, 0x0, 0xff,
    0xff, 0x20, 0x0, 0x0, 0x0, 0xef, 0xff, 0x50,
    0x0, 0xef, 0xff, 0x80, 0x0, 0x0, 0x4, 0xff,
    0xff, 0x30, 0x0, 0x9f, 0xff, 0xf3, 0x0, 0x0,
    0x1d, 0xff, 0xfe, 0x0, 0x0, 0x6f, 0xff, 0xff,
    0x94, 0x37, 0xef, 0xff, 0xfc, 0x0, 0x4, 0xff,
    0xff, 0xff, 0xff, 0xff, 0xff, 0xff, 0xff, 0x90,
    0x3f, 0xff, 0xff, 0xff, 0xff, 0xff, 0xff, 0xff,
    0xff, 0xf8, 0xb, 0xff, 0xff, 0xff, 0xff, 0xff,
    0xff, 0xff, 0xff, 0xe2, 0x0, 0xbf, 0xfd, 0x26,
    0x9b, 0xb9, 0x72, 0x7f, 0xfe, 0x20, 0x0, 0xb,
    0xd1, 0x0, 0x0, 0x0, 0x0, 0x7, 0xe2, 0x0,
    0x0, 0x0, 0x10, 0x0, 0x0, 0x0, 0x0, 0x0,
    0x10, 0x0,

    /* U+00A5 "¥" */
    0x7f, 0xff, 0xff, 0xc0, 0x0, 0x0, 0x0, 0x0,
    0x0, 0x0, 0xaf, 0xff, 0xff, 0x80, 0xdf, 0xff,
    0xff, 0x50, 0x0, 0x0, 0x0, 0x0, 0x0, 0x3f,
    0xff, 0xff, 0xd0, 0x3, 0xff, 0xff, 0xfe, 0x0,
    0x0, 0x0, 0x0, 0x0, 0xd, 0xff, 0xff, 0xf4,
    0x0, 0x9, 0xff, 0xff, 0xf8, 0x0, 0x0, 0x0,
    0x0, 0x7, 0xff, 0xff, 0xfa, 0x0, 0x0, 0x1e,
    0xff, 0xff, 0xf2, 0x0, 0x0, 0x0, 0x1, 0xff,
    0xff, 0xfe, 0x10, 0x0, 0x0, 0x5f, 0xff, 0xff,
    0xa0, 0x0, 0x0, 0x0, 0xaf, 0xff, 0xff, 0x50,
    0x0, 0x0, 0x0, 0xbf, 0xff, 0xff, 0x40, 0x0,
    0x0, 0x4f, 0xff, 0xff, 0xb0, 0x0, 0x0, 0x0,
    0x2, 0xff, 0xff, 0xfd, 0x0, 0x0, 0xd, 0xff,
    0xff, 0xf1, 0x0, 0x0, 0x0, 0x0, 0x7, 0xff,
    0xff, 0xf7, 0x0, 0x8, 0xff, 0xff, 0xf6, 0x0,
    0x0, 0x0, 0x0, 0x0, 0xc, 0xff, 0xff, 0xf1,
    0x2, 0xff, 0xff, 0xfc, 0x0, 0x0, 0x0, 0x0,
    0x0, 0x0, 0x3f, 0xff, 0xff, 0x90, 0xbf, 0xff,
    0xff, 0x20, 0x0, 0x0, 0x0, 0x0, 0x0, 0x0,
    0x8f, 0xff, 0xff, 0x8f, 0xff, 0xff, 0x80, 0x0,
    0x0, 0x0, 0x0, 0x0, 0x0, 0x0, 0xef, 0xff,
    0xff, 0xff, 0xff, 0xd0, 0x0, 0x0, 0x0, 0x0,
    0x0, 0x0, 0x0, 0x4, 0xff, 0xff, 0xff, 0xff,
    0xf3, 0x0, 0x0, 0x0, 0x0, 0x0, 0x0, 0x3f,
    0xff, 0xff, 0xff, 0xff, 0xff, 0xff, 0xff, 0xff,
    0x0, 0x0, 0x0, 0x0, 0x3, 0xff, 0xff, 0xff,
    0xff, 0xff, 0xff, 0xff, 0xff, 0xf0, 0x0, 0x0,
    0x0, 0x0, 0x3f, 0xff, 0xff, 0xff, 0xff, 0xff,
    0xff, 0xff, 0xff, 0x0, 0x0, 0x0, 0x0, 0x2,
    0xdd, 0xdd, 0xdd, 0xff, 0xff, 0xfd, 0xdd, 0xdd,
    0xd0, 0x0, 0x0, 0x0, 0x0, 0x0, 0x0, 0x0,
    0x2f, 0xff, 0xff, 0x0, 0x0, 0x0, 0x0, 0x0,
    0x0, 0x0, 0x0, 0x0, 0x0, 0x2, 0xff, 0xff,
    0xf0, 0x0, 0x0, 0x0, 0x0, 0x0, 0x0, 0x0,
    0x3f, 0xff, 0xff, 0xff, 0xff, 0xff, 0xff, 0xff,
    0xff, 0x0, 0x0, 0x0, 0x0, 0x3, 0xff, 0xff,
    0xff, 0xff, 0xff, 0xff, 0xff, 0xff, 0xf0, 0x0,
    0x0, 0x0, 0x0, 0x3f, 0xff, 0xff, 0xff, 0xff,
    0xff, 0xff, 0xff, 0xff, 0x0, 0x0, 0x0, 0x0,
    0x2, 0xbb, 0xbb, 0xbc, 0xff, 0xff, 0xfb, 0xbb,
    0xbb, 0xb0, 0x0, 0x0, 0x0, 0x0, 0x0, 0x0,
    0x0, 0x2f, 0xff, 0xff, 0x0, 0x0, 0x0, 0x0,
    0x0, 0x0, 0x0, 0x0, 0x0, 0x0, 0x2, 0xff,
    0xff, 0xf0, 0x0, 0x0, 0x0, 0x0, 0x0, 0x0,
    0x0, 0x0, 0x0, 0x0, 0x2f, 0xff, 0xff, 0x0,
    0x0, 0x0, 0x0, 0x0, 0x0, 0x0, 0x0, 0x0,
    0x0, 0x2, 0xff, 0xff, 0xf0, 0x0, 0x0, 0x0,
    0x0, 0x0,

    /* U+00A6 "¦" */
    0xdf, 0xff, 0xfd, 0xff, 0xff, 0xdf, 0xff, 0xfd,
    0xff, 0xff, 0xdf, 0xff, 0xfd, 0xff, 0xff, 0xdf,
    0xff, 0xfd, 0xff, 0xff, 0xdf, 0xff, 0xfd, 0xff,
    0xff, 0xdf, 0xff, 0xfd, 0xff, 0xff, 0xdf, 0xff,
    0xfd, 0xff, 0xff, 0x78, 0x88, 0x80, 0x0, 0x0,
    0x0, 0x0, 0xd, 0xff, 0xff, 0xdf, 0xff, 0xfd,
    0xff, 0xff, 0xdf, 0xff, 0xfd, 0xff, 0xff, 0xdf,
    0xff, 0xfd, 0xff, 0xff, 0xdf, 0xff, 0xfd, 0xff,
    0xff, 0xdf, 0xff, 0xfd, 0xff, 0xff, 0xdf, 0xff,
    0xfd, 0xff, 0xff, 0xdf, 0xff, 0xf7, 0x88, 0x88,

    /* U+00A7 "§" */
    0x0, 0x0, 0x0, 0x49, 0xcd, 0xef, 0xed, 0xa7,
    0x20, 0x0, 0x0, 0x0, 0x19, 0xff, 0xff, 0xff,
    0xff, 0xff, 0xff, 0xb3, 0x0, 0x0, 0x2e, 0xff,
    0xff, 0xff, 0xff, 0xff, 0xff, 0xff, 0xf5, 0x0,
    0x1e, 0xff, 0xff, 0xff, 0xff, 0xff, 0xff, 0xff,
    0xff, 0x50, 0x8, 0xff, 0xff, 0xfc, 0x85, 0x44,
    0x68, 0xcf, 0xff, 0x40, 0x0, 0xdf, 0xff, 0xf7,
    0x0, 0x0, 0x0, 0x0, 0x4d, 0x30, 0x0, 0xf,
    0xff, 0xff, 0x20, 0x0, 0x0, 0x0, 0x0, 0x0,
    0x0, 0x0, 0xef, 0xff, 0xfb, 0x10, 0x0, 0x0,
    0x0, 0x0, 0x0, 0x0, 0x9, 0xff, 0xff, 0xff,
    0xc9, 0x87, 0x65, 0x30, 0x0, 0x0, 0x0, 0x1e,
    0xff, 0xff, 0xff, 0xff, 0xff, 0xff, 0xfb, 0x60,
    0x0, 0x0, 0x19, 0xff, 0xff, 0xff, 0xff, 0xff,
    0xff, 0xff, 0xd2, 0x0, 0x4, 0xcf, 0xff, 0xff,
    0xff, 0xff, 0xff, 0xff, 0xff, 0xd0, 0x5, 0xff,
    0xff, 0xfa, 0x63, 0x23, 0x58, 0xef, 0xff, 0xff,
    0x40, 0xef, 0xff, 0xf2, 0x0, 0x0, 0x0, 0x1,
    0xdf, 0xff, 0xf6, 0x3f, 0xff, 0xfc, 0x0, 0x0,
    0x0, 0x0, 0x9, 0xff, 0xff, 0x62, 0xff, 0xff,
    0xf8, 0x10, 0x0, 0x0, 0x7, 0xff, 0xff, 0xe1,
    0xd, 0xff, 0xff, 0xff, 0xdb, 0xab, 0xdf, 0xff,
    0xff, 0xf4, 0x0, 0x4f, 0xff, 0xff, 0xff, 0xff,
    0xff, 0xff, 0xff, 0xb2, 0x0, 0x0, 0x3d, 0xff,
    0xff, 0xff, 0xff, 0xff, 0xff, 0xff, 0x70, 0x0,
    0x0, 0x3, 0x8d, 0xff, 0xff, 0xff, 0xff, 0xff,
    0xff, 0x80, 0x0, 0x0, 0x0, 0x0, 0x13, 0x45,
    0x6a, 0xff, 0xff, 0xff, 0x10, 0x0, 0x40, 0x0,
    0x0, 0x0, 0x0, 0x1, 0xef, 0xff, 0xf5, 0x0,
    0x5f, 0xa0, 0x0, 0x0, 0x0, 0x0, 0xd, 0xff,
    0xff, 0x60, 0x4f, 0xff, 0xe6, 0x10, 0x0, 0x0,
    0x3b, 0xff, 0xff, 0xf2, 0x2f, 0xff, 0xff, 0xff,
    0xec, 0xcd, 0xff, 0xff, 0xff, 0xfb, 0x0, 0xbf,
    0xff, 0xff, 0xff, 0xff, 0xff, 0xff, 0xff, 0xfe,
    0x20, 0x0, 0x9f, 0xff, 0xff, 0xff, 0xff, 0xff,
    0xff, 0xfb, 0x10, 0x0, 0x0, 0x29, 0xef, 0xff,
    0xff, 0xff, 0xfd, 0x94, 0x0, 0x0, 0x0, 0x0,
    0x0, 0x14, 0x67, 0x76, 0x42, 0x0, 0x0, 0x0,
    0x0,

    /* U+00A8 "¨" */
    0x0, 0x0, 0x0, 0x0, 0x0, 0x0, 0x0, 0x0,
    0x0, 0x1, 0x53, 0x0, 0x0, 0x0, 0x3, 0x51,
    0x0, 0x5, 0xff, 0xf9, 0x0, 0x0, 0x9, 0xff,
    0xf5, 0x0, 0xef, 0xff, 0xf3, 0x0, 0x3, 0xff,
    0xff, 0xe0, 0xf, 0xff, 0xff, 0x50, 0x0, 0x5f,
    0xff, 0xff, 0x0, 0xdf, 0xff, 0xf1, 0x0, 0x2,
    0xff, 0xff, 0xc0, 0x2, 0xdf, 0xe5, 0x0, 0x0,
    0x5, 0xef, 0xd2, 0x0, 0x0, 0x0, 0x0, 0x0,
    0x0, 0x0, 0x0, 0x0,

    /* U+00A9 "©" */
    0x0, 0x0, 0x0, 0x0, 0x0, 0x26, 0x8a, 0xba,
    0x97, 0x40, 0x0, 0x0, 0x0, 0x0, 0x0, 0x0,
    0x0, 0x0, 0x7, 0xdf, 0xff, 0xff, 0xff, 0xff,
    0xfa, 0x30, 0x0, 0x0, 0x0, 0x0, 0x0, 0x0,
    0x5e, 0xff, 0xff, 0xff, 0xff, 0xff, 0xff, 0xff,
    0xa1, 0x0, 0x0, 0x0, 0x0, 0x0, 0x9f, 0xff,
    0xff, 0xff, 0xff, 0xff, 0xff, 0xff, 0xff, 0xe2,
    0x0, 0x0, 0x0, 0x0, 0xbf, 0xff, 0xff, 0xd8,
    0x31, 0x1, 0x25, 0xaf, 0xff, 0xff, 0xf3, 0x0,
    0x0, 0x0, 0x8f, 0xff, 0xfe, 0x60, 0x0, 0x0,
    0x0, 0x0, 0x2a, 0xff, 0xff, 0xd0, 0x0, 0x0,
    0x4f, 0xff, 0xfd, 0x20, 0x0, 0x0, 0x0, 0x0,
    0x0, 0x8, 0xff, 0xff, 0xa0, 0x0, 0xc, 0xff,
    0xfe, 0x10, 0x0, 0x6, 0xac, 0xdb, 0x82, 0x0,
    0x9, 0xff, 0xff, 0x20, 0x4, 0xff, 0xff, 0x40,
    0x0, 0x4d, 0xff, 0xff, 0xff, 0xf8, 0x0, 0xd,
    0xff, 0xfa, 0x0, 0xbf, 0xff, 0xb0, 0x0, 0x7f,
    0xff, 0xff, 0xff, 0xff, 0xfa, 0x0, 0x5f, 0xff,
    0xf0, 0xf, 0xff, 0xf4, 0x0, 0x2f, 0xff, 0xff,
    0xec, 0xff, 0xfe, 0x30, 0x0, 0xef, 0xff, 0x43,
    0xff, 0xff, 0x0, 0xc, 0xff, 0xfc, 0x30, 0x0,
    0x5d, 0x20, 0x0, 0xa, 0xff, 0xf8, 0x6f, 0xff,
    0xc0, 0x2, 0xff, 0xfd, 0x0, 0x0, 0x0, 0x0,
    0x0, 0x0, 0x7f, 0xff, 0xa7, 0xff, 0xfa, 0x0,
    0x6f, 0xff, 0x60, 0x0, 0x0, 0x0, 0x0, 0x0,
    0x5, 0xff, 0xfc, 0x8f, 0xff, 0x90, 0x7, 0xff,
    0xf3, 0x0, 0x0, 0x0, 0x0, 0x0, 0x0, 0x4f,
    0xff, 0xd7, 0xff, 0xfa, 0x0, 0x7f, 0xff, 0x30,
    0x0, 0x0, 0x0, 0x0, 0x0, 0x5, 0xff, 0xfc,
    0x6f, 0xff, 0xb0, 0x5, 0xff, 0xf7, 0x0, 0x0,
    0x0, 0x0, 0x0, 0x0, 0x6f, 0xff, 0xb4, 0xff,
    0xfe, 0x0, 0x1f, 0xff, 0xf2, 0x0, 0x0, 0x2,
    0x0, 0x0, 0x9, 0xff, 0xf9, 0xf, 0xff, 0xf3,
    0x0, 0x9f, 0xff, 0xe7, 0x20, 0x3a, 0xf7, 0x0,
    0x0, 0xdf, 0xff, 0x50, 0xcf, 0xff, 0x90, 0x0,
    0xdf, 0xff, 0xff, 0xff, 0xff, 0xf8, 0x0, 0x3f,
    0xff, 0xf1, 0x6, 0xff, 0xff, 0x20, 0x2, 0xcf,
    0xff, 0xff, 0xff, 0xff, 0x70, 0xb, 0xff, 0xfc,
    0x0, 0xe, 0xff, 0xfc, 0x0, 0x0, 0x6d, 0xff,
    0xff, 0xfb, 0x20, 0x6, 0xff, 0xff, 0x40, 0x0,
    0x6f, 0xff, 0xfa, 0x0, 0x0, 0x0, 0x35, 0x30,
    0x0, 0x4, 0xff, 0xff, 0xc0, 0x0, 0x0, 0xbf,
    0xff, 0xfc, 0x20, 0x0, 0x0, 0x0, 0x0, 0x6,
    0xff, 0xff, 0xf2, 0x0, 0x0, 0x1, 0xdf, 0xff,
    0xff, 0x94, 0x0, 0x0, 0x1, 0x6d, 0xff, 0xff,
    0xf6, 0x0, 0x0, 0x0, 0x1, 0xcf, 0xff, 0xff,
    0xff, 0xdc, 0xde, 0xff, 0xff, 0xff, 0xf5, 0x0,
    0x0, 0x0, 0x0, 0x0, 0x9f, 0xff, 0xff, 0xff,
    0xff, 0xff, 0xff, 0xff, 0xe4, 0x0, 0x0, 0x0,
    0x0, 0x0, 0x0, 0x2b, 0xff, 0xff, 0xff, 0xff,
    0xff, 0xfe, 0x70, 0x0, 0x0, 0x0, 0x0, 0x0,
    0x0, 0x0, 0x1, 0x6a, 0xce, 0xfe, 0xdb, 0x83,
    0x0, 0x0, 0x0, 0x0, 0x0,

    /* U+00AA "ª" */
    0x0, 0x0, 0x1, 0x43, 0x0, 0x0, 0x0, 0x0,
    0x0, 0x8f, 0xff, 0xfe, 0x73, 0xff, 0xf5, 0x2,
    0xef, 0xff, 0xff, 0xff, 0xcf, 0xff, 0x50, 0xbf,
    0xff, 0xff, 0xff, 0xff, 0xff, 0xf5, 0x5f, 0xff,
    0xf6, 0x11, 0x6f, 0xff, 0xff, 0x5a, 0xff, 0xf6,
    0x0, 0x0, 0x4f, 0xff, 0xf5, 0xdf, 0xff, 0x0,
    0x0, 0x0, 0xef, 0xff, 0x5d, 0xff, 0xe0, 0x0,
    0x0, 0xd, 0xff, 0xf5, 0xbf, 0xff, 0x10, 0x0,
    0x1, 0xff, 0xff, 0x58, 0xff, 0xfa, 0x0, 0x0,
    0x9f, 0xff, 0xf5, 0x3f, 0xff, 0xfd, 0x88, 0xcf,
    0xff, 0xff, 0x50, 0x8f, 0xff, 0xff, 0xff, 0xff,
    0xff, 0xf5, 0x0, 0xaf, 0xff, 0xff, 0xff, 0x6f,
    0xff, 0x50, 0x0, 0x4a, 0xdf, 0xe9, 0x11, 0x99,
    0x93, 0x0, 0x0, 0x0, 0x0, 0x0, 0x0, 0x0,
    0x2, 0x66, 0x66, 0x66, 0x66, 0x66, 0x66, 0x62,
    0x6f, 0xff, 0xff, 0xff, 0xff, 0xff, 0xff, 0x66,
    0xff, 0xff, 0xff, 0xff, 0xff, 0xff, 0xf6, 0x6f,
    0xff, 0xff, 0xff, 0xff, 0xff, 0xff, 0x60,

    /* U+00AB "«" */
    0x0, 0x0, 0x2, 0x77, 0x77, 0x60, 0x37, 0x77,
    0x75, 0x0, 0x0, 0xb, 0xff, 0xff, 0x50, 0xdf,
    0xff, 0xf3, 0x0, 0x0, 0x5f, 0xff, 0xfb, 0x7,
    0xff, 0xff, 0x90, 0x0, 0x0, 0xef, 0xff, 0xf2,
    0x2f, 0xff, 0xfe, 0x10, 0x0, 0x9, 0xff, 0xff,
    0x70, 0xbf, 0xff, 0xf5, 0x0, 0x0, 0x3f, 0xff,
    0xfd, 0x5, 0xff, 0xff, 0xb0, 0x0, 0x0, 0xdf,
    0xff, 0xf4, 0x1e, 0xff, 0xff, 0x20, 0x0, 0x7,
    0xff, 0xff, 0xa0, 0x9f, 0xff, 0xf8, 0x0, 0x0,
    0x1f, 0xff, 0xfe, 0x13, 0xff, 0xff, 0xd0, 0x0,
    0x0, 0x5f, 0xff, 0xfc, 0x7, 0xff, 0xff, 0xa0,
    0x0, 0x0, 0xb, 0xff, 0xff, 0x50, 0xdf, 0xff,
    0xf3, 0x0, 0x0, 0x2, 0xff, 0xff, 0xe0, 0x4f,
    0xff, 0xfd, 0x0, 0x0, 0x0, 0x8f, 0xff, 0xf9,
    0xa, 0xff, 0xff, 0x70, 0x0, 0x0, 0xd, 0xff,
    0xff, 0x31, 0xff, 0xff, 0xf1, 0x0, 0x0, 0x4,
    0xff, 0xff, 0xc0, 0x6f, 0xff, 0xfa, 0x0, 0x0,
    0x0, 0xaf, 0xff, 0xf6, 0xc, 0xff, 0xff, 0x40,
    0x0, 0x0, 0x1f, 0xff, 0xff, 0x13, 0xff, 0xff,
    0xd0, 0x0, 0x0, 0x6, 0xff, 0xff, 0xa0, 0x8f,
    0xff, 0xf8,

    /* U+00AC "¬" */
    0x1, 0x11, 0x11, 0x11, 0x11, 0x11, 0x11, 0x11,
    0x6f, 0xff, 0xff, 0xff, 0xff, 0xff, 0xff, 0xff,
    0x6f, 0xff, 0xff, 0xff, 0xff, 0xff, 0xff, 0xff,
    0x6f, 0xff, 0xff, 0xff, 0xff, 0xff, 0xff, 0xff,
    0x6f, 0xff, 0xff, 0xff, 0xff, 0xff, 0xff, 0xff,
    0x0, 0x0, 0x0, 0x0, 0x0, 0x1, 0xff, 0xff,
    0x0, 0x0, 0x0, 0x0, 0x0, 0x1, 0xff, 0xff,
    0x0, 0x0, 0x0, 0x0, 0x0, 0x1, 0xff, 0xff,
    0x0, 0x0, 0x0, 0x0, 0x0, 0x1, 0xff, 0xff,
    0x0, 0x0, 0x0, 0x0, 0x0, 0x1, 0xff, 0xff,

    /* U+00AE "®" */
    0x0, 0x0, 0x0, 0x0, 0x0, 0x16, 0x89, 0xba,
    0x97, 0x40, 0x0, 0x0, 0x0, 0x0, 0x0, 0x0,
    0x0, 0x0, 0x6, 0xcf, 0xff, 0xff, 0xff, 0xff,
    0xfb, 0x30, 0x0, 0x0, 0x0, 0x0, 0x0, 0x0,
    0x4d, 0xff, 0xff, 0xff, 0xff, 0xff, 0xff, 0xff,
    0xa1, 0x0, 0x0, 0x0, 0x0, 0x0, 0x7f, 0xff,
    0xff, 0xff, 0xff, 0xff, 0xff, 0xff, 0xff, 0xe3,
    0x0, 0x0, 0x0, 0x0, 0x8f, 0xff, 0xff, 0xe8,
    0x42, 0x1, 0x25, 0xaf, 0xff, 0xff, 0xf4, 0x0,
    0x0, 0x0, 0x5f, 0xff, 0xff, 0x70, 0x0, 0x0,
    0x0, 0x0, 0x1a, 0xff, 0xff, 0xe1, 0x0, 0x0,
    0x1f, 0xff, 0xfe, 0x30, 0x0, 0x0, 0x0, 0x0,
    0x0, 0x7, 0xff, 0xff, 0xb0, 0x0, 0x9, 0xff,
    0xff, 0x30, 0x8a, 0xaa, 0xaa, 0xa9, 0x62, 0x0,
    0x8, 0xff, 0xff, 0x40, 0x1, 0xff, 0xff, 0x70,
    0xc, 0xff, 0xff, 0xff, 0xff, 0xf8, 0x0, 0xc,
    0xff, 0xfb, 0x0, 0x6f, 0xff, 0xf0, 0x0, 0xcf,
    0xff, 0xff, 0xff, 0xff, 0xf8, 0x0, 0x5f, 0xff,
    0xf1, 0xa, 0xff, 0xf9, 0x0, 0xc, 0xff, 0xfb,
    0xbb, 0xcf, 0xff, 0xf1, 0x0, 0xef, 0xff, 0x50,
    0xef, 0xff, 0x40, 0x0, 0xcf, 0xff, 0x0, 0x0,
    0xaf, 0xff, 0x60, 0xa, 0xff, 0xf9, 0x1f, 0xff,
    0xf1, 0x0, 0xc, 0xff, 0xf0, 0x0, 0x6, 0xff,
    0xf7, 0x0, 0x6f, 0xff, 0xc2, 0xff, 0xff, 0x0,
    0x0, 0xcf, 0xff, 0x0, 0x1, 0xcf, 0xff, 0x50,
    0x5, 0xff, 0xfd, 0x3f, 0xff, 0xe0, 0x0, 0xc,
    0xff, 0xff, 0xff, 0xff, 0xff, 0xe0, 0x0, 0x4f,
    0xff, 0xe2, 0xff, 0xff, 0x0, 0x0, 0xcf, 0xff,
    0xff, 0xff, 0xff, 0xe2, 0x0, 0x4, 0xff, 0xfd,
    0x1f, 0xff, 0xf0, 0x0, 0xc, 0xff, 0xff, 0xff,
    0xff, 0x90, 0x0, 0x0, 0x6f, 0xff, 0xc0, 0xff,
    0xff, 0x30, 0x0, 0xcf, 0xff, 0x49, 0xff, 0xfe,
    0x10, 0x0, 0x9, 0xff, 0xfa, 0xc, 0xff, 0xf7,
    0x0, 0xc, 0xff, 0xf0, 0xc, 0xff, 0xfc, 0x0,
    0x0, 0xdf, 0xff, 0x60, 0x7f, 0xff, 0xd0, 0x0,
    0xcf, 0xff, 0x0, 0x1e, 0xff, 0xf9, 0x0, 0x3f,
    0xff, 0xf2, 0x2, 0xff, 0xff, 0x50, 0xc, 0xff,
    0xf0, 0x0, 0x4f, 0xff, 0xf6, 0xa, 0xff, 0xfd,
    0x0, 0xb, 0xff, 0xfe, 0x10, 0xac, 0xcc, 0x0,
    0x0, 0x7c, 0xcc, 0x95, 0xff, 0xff, 0x60, 0x0,
    0x3f, 0xff, 0xfc, 0x10, 0x0, 0x0, 0x0, 0x0,
    0x0, 0x3, 0xff, 0xff, 0xd0, 0x0, 0x0, 0x8f,
    0xff, 0xfd, 0x30, 0x0, 0x0, 0x0, 0x0, 0x6,
    0xff, 0xff, 0xf3, 0x0, 0x0, 0x0, 0xbf, 0xff,
    0xff, 0xa4, 0x0, 0x0, 0x1, 0x6c, 0xff, 0xff,
    0xf7, 0x0, 0x0, 0x0, 0x0, 0xbf, 0xff, 0xff,
    0xff, 0xdc, 0xce, 0xff, 0xff, 0xff, 0xf6, 0x0,
    0x0, 0x0, 0x0, 0x0, 0x8f, 0xff, 0xff, 0xff,
    0xff, 0xff, 0xff, 0xff, 0xe4, 0x0, 0x0, 0x0,
    0x0, 0x0, 0x0, 0x2a, 0xff, 0xff, 0xff, 0xff,
    0xff, 0xfe, 0x70, 0x0, 0x0, 0x0, 0x0, 0x0,
    0x0, 0x0, 0x1, 0x5a, 0xce, 0xff, 0xdc, 0x94,
    0x0, 0x0, 0x0, 0x0, 0x0,

    /* U+00B0 "°" */
    0x0, 0x19, 0xdf, 0xd9, 0x20, 0x0, 0x4f, 0xff,
    0xff, 0xff, 0x40, 0x1e, 0xff, 0xfe, 0xff, 0xff,
    0x26, 0xff, 0xd1, 0x1, 0xdf, 0xf7, 0xaf, 0xf5,
    0x0, 0x5, 0xff, 0xaa, 0xff, 0x50, 0x0, 0x5f,
    0xfa, 0x6f, 0xfc, 0x10, 0x1c, 0xff, 0x71, 0xef,
    0xff, 0xdf, 0xff, 0xe1, 0x4, 0xff, 0xff, 0xff,
    0xf4, 0x0, 0x1, 0x9d, 0xfd, 0x91, 0x0,

    /* U+00B1 "±" */
    0x0, 0x0, 0x0, 0x12, 0x22, 0x20, 0x0, 0x0,
    0x0, 0x0, 0x0, 0xa, 0xff, 0xff, 0x10, 0x0,
    0x0, 0x0, 0x0, 0x0, 0xaf, 0xff, 0xf1, 0x0,
    0x0, 0x0, 0x0, 0x0, 0xa, 0xff, 0xff, 0x10,
    0x0, 0x0, 0x0, 0x0, 0x0, 0xaf, 0xff, 0xf1,
    0x0, 0x0, 0x0, 0x0, 0x0, 0xa, 0xff, 0xff,
    0x10, 0x0, 0x0, 0x17, 0x77, 0x77, 0xdf, 0xff,
    0xf8, 0x77, 0x77, 0x53, 0xff, 0xff, 0xff, 0xff,
    0xff, 0xff, 0xff, 0xfb, 0x3f, 0xff, 0xff, 0xff,
    0xff, 0xff, 0xff, 0xff, 0xb3, 0xff, 0xff, 0xff,
    0xff, 0xff, 0xff, 0xff, 0xfb, 0x3f, 0xff, 0xff,
    0xff, 0xff, 0xff, 0xff, 0xff, 0xb0, 0x0, 0x0,
    0xa, 0xff, 0xff, 0x10, 0x0, 0x0, 0x0, 0x0,
    0x0, 0xaf, 0xff, 0xf1, 0x0, 0x0, 0x0, 0x0,
    0x0, 0xa, 0xff, 0xff, 0x10, 0x0, 0x0, 0x0,
    0x0, 0x0, 0xaf, 0xff, 0xf1, 0x0, 0x0, 0x0,
    0x0, 0x0, 0xa, 0xff, 0xff, 0x10, 0x0, 0x0,
    0x0, 0x0, 0x0, 0xaf, 0xff, 0xf1, 0x0, 0x0,
    0x0, 0x0, 0x0, 0x0, 0x0, 0x0, 0x0, 0x0,
    0x0, 0x15, 0x55, 0x55, 0x55, 0x55, 0x55, 0x55,
    0x55, 0x43, 0xff, 0xff, 0xff, 0xff, 0xff, 0xff,
    0xff, 0xfb, 0x3f, 0xff, 0xff, 0xff, 0xff, 0xff,
    0xff, 0xff, 0xb3, 0xff, 0xff, 0xff, 0xff, 0xff,
    0xff, 0xff, 0xfb, 0x3f, 0xff, 0xff, 0xff, 0xff,
    0xff, 0xff, 0xff, 0xb0,

    /* U+00B2 "²" */
    0x0, 0x19, 0xdf, 0xec, 0x92, 0x0, 0x5, 0xff,
    0xff, 0xff, 0xff, 0x60, 0x2f, 0xff, 0xff, 0xff,
    0xff, 0xf3, 0x7f, 0xff, 0x61, 0x26, 0xff, 0xf8,
    0x57, 0x76, 0x0, 0x0, 0xbf, 0xfb, 0x0, 0x0,
    0x0, 0x1, 0xff, 0xfa, 0x0, 0x0, 0x26, 0xaf,
    0xff, 0xf7, 0x0, 0x8e, 0xff, 0xff, 0xff, 0xd0,
    0xd, 0xff, 0xff, 0xff, 0xe8, 0x0, 0x7f, 0xff,
    0xfa, 0x73, 0x0, 0x0, 0xaf, 0xff, 0x20, 0x0,
    0x0, 0x0, 0xcf, 0xfd, 0x33, 0x33, 0x33, 0x32,
    0xcf, 0xff, 0xff, 0xff, 0xff, 0xf8, 0xcf, 0xff,
    0xff, 0xff, 0xff, 0xf8, 0xcf, 0xff, 0xff, 0xff,
    0xff, 0xf8,

    /* U+00B3 "³" */
    0x0, 0x3, 0xad, 0xfe, 0xc6, 0x0, 0x0, 0x9,
    0xff, 0xff, 0xff, 0xfe, 0x20, 0x7, 0xff, 0xff,
    0xff, 0xff, 0xfe, 0x10, 0xdf, 0xfa, 0x10, 0x7,
    0xff, 0xf6, 0x5, 0x55, 0x0, 0x0, 0xf, 0xff,
    0x80, 0x0, 0x0, 0x0, 0x6, 0xff, 0xf4, 0x0,
    0x0, 0x6f, 0xff, 0xff, 0xfc, 0x0, 0x0, 0x6,
    0xff, 0xff, 0xff, 0x40, 0x0, 0x0, 0x39, 0xab,
    0xff, 0xff, 0x40, 0x0, 0x0, 0x0, 0x1, 0xef,
    0xfb, 0x17, 0x77, 0x40, 0x0, 0xc, 0xff, 0xd1,
    0xff, 0xff, 0x63, 0x48, 0xff, 0xfb, 0xa, 0xff,
    0xff, 0xff, 0xff, 0xff, 0x40, 0xb, 0xff, 0xff,
    0xff, 0xff, 0x50, 0x0, 0x4, 0xbd, 0xfe, 0xc7,
    0x10, 0x0,

    /* U+00B4 "´" */
    0x0, 0x2, 0x55, 0x55, 0x51, 0x0, 0xb, 0xff,
    0xff, 0xa0, 0x0, 0x4f, 0xff, 0xfc, 0x0, 0x0,
    0xcf, 0xff, 0xe2, 0x0, 0x5, 0xff, 0xff, 0x40,
    0x0, 0xd, 0xff, 0xf7, 0x0, 0x0,

    /* U+00B5 "µ" */
    0xaf, 0xff, 0xf5, 0x0, 0x0, 0x0, 0x0, 0x9f,
    0xff, 0xf8, 0xaf, 0xff, 0xf5, 0x0, 0x0, 0x0,
    0x0, 0x9f, 0xff, 0xf8, 0xaf, 0xff, 0xf5, 0x0,
    0x0, 0x0, 0x0, 0x9f, 0xff, 0xf8, 0xaf, 0xff,
    0xf5, 0x0, 0x0, 0x0, 0x0, 0x9f, 0xff, 0xf8,
    0xaf, 0xff, 0xf5, 0x0, 0x0, 0x0, 0x0, 0x9f,
    0xff, 0xf8, 0xaf, 0xff, 0xf5, 0x0, 0x0, 0x0,
    0x0, 0x9f, 0xff, 0xf8, 0xaf, 0xff, 0xf5, 0x0,
    0x0, 0x0, 0x0, 0x9f, 0xff, 0xf8, 0xaf, 0xff,
    0xf5, 0x0, 0x0, 0x0, 0x0, 0x9f, 0xff, 0xf8,
    0xaf, 0xff, 0xf5, 0x0, 0x0, 0x0, 0x0, 0x9f,
    0xff, 0xf8, 0xaf, 0xff, 0xf5, 0x0, 0x0, 0x0,
    0x0, 0x9f, 0xff, 0xf8, 0xaf, 0xff, 0xf6, 0x0,
    0x0, 0x0, 0x0, 0xbf, 0xff, 0xf8, 0xaf, 0xff,
    0xf9, 0x0, 0x0, 0x0, 0x0, 0xef, 0xff, 0xf8,
    0xaf, 0xff, 0xfe, 0x0, 0x0, 0x0, 0x3, 0xff,
    0xff, 0xf8, 0xaf, 0xff, 0xff, 0xa0, 0x0, 0x0,
    0xd, 0xff, 0xff, 0xf8, 0xaf, 0xff, 0xff, 0xfc,
    0x41, 0x15, 0xdf, 0xff, 0xff, 0xf8, 0xaf, 0xff,
    0xff, 0xff, 0xff, 0xff, 0xff, 0xff, 0xff, 0xf8,
    0xaf, 0xff, 0xff, 0xff, 0xff, 0xff, 0xff, 0xef,
    0xff, 0xf8, 0xaf, 0xff, 0xf7, 0xff, 0xff, 0xff,
    0xfb, 0x6f, 0xff, 0xf8, 0xaf, 0xff, 0xf3, 0x5f,
    0xff, 0xff, 0x80, 0x19, 0x99, 0x94, 0xaf, 0xff,
    0xf3, 0x0, 0x46, 0x41, 0x0, 0x0, 0x0, 0x0,
    0xaf, 0xff, 0xf3, 0x0, 0x0, 0x0, 0x0, 0x0,
    0x0, 0x0, 0xaf, 0xff, 0xf3, 0x0, 0x0, 0x0,
    0x0, 0x0, 0x0, 0x0, 0xaf, 0xff, 0xf3, 0x0,
    0x0, 0x0, 0x0, 0x0, 0x0, 0x0, 0xaf, 0xff,
    0xf3, 0x0, 0x0, 0x0, 0x0, 0x0, 0x0, 0x0,
    0xaf, 0xff, 0xf3, 0x0, 0x0, 0x0, 0x0, 0x0,
    0x0, 0x0, 0xaf, 0xff, 0xf3, 0x0, 0x0, 0x0,
    0x0, 0x0, 0x0, 0x0, 0xaf, 0xff, 0xf3, 0x0,
    0x0, 0x0, 0x0, 0x0, 0x0, 0x0,

    /* U+00B6 "¶" */
    0x0, 0x0, 0x0, 0x16, 0xbd, 0xff, 0xff, 0xff,
    0xff, 0xff, 0xff, 0xff, 0xff, 0xff, 0xff, 0xd0,
    0x0, 0x1, 0x9f, 0xff, 0xff, 0xff, 0xff, 0xff,
    0xff, 0xff, 0xff, 0xff, 0xff, 0xff, 0xfd, 0x0,
    0x2, 0xef, 0xff, 0xff, 0xff, 0xff, 0xff, 0xff,
    0xff, 0xff, 0xff, 0xff, 0xff, 0xff, 0xd0, 0x2,
    0xef, 0xff, 0xff, 0xff, 0xff, 0xff, 0xff, 0xff,
    0xff, 0xff, 0xff, 0xff, 0xff, 0xfd, 0x0, 0xcf,
    0xff, 0xff, 0xff, 0xff, 0xff, 0xfe, 0xee, 0xee,
    0xee, 0xff, 0xff, 0xfe, 0xee, 0xc0, 0x6f, 0xff,
    0xff, 0xff, 0xff, 0xff, 0xfd, 0x0, 0x0, 0x0,
    0xe, 0xff, 0xff, 0x30, 0x0, 0xd, 0xff, 0xff,
    0xff, 0xff, 0xff, 0xff, 0xd0, 0x0, 0x0, 0x0,
    0xef, 0xff, 0xf3, 0x0, 0x2, 0xff, 0xff, 0xff,
    0xff, 0xff, 0xff, 0xfd, 0x0, 0x0, 0x0, 0xe,
    0xff, 0xff, 0x30, 0x0, 0x6f, 0xff, 0xff, 0xff,
    0xff, 0xff, 0xff, 0xd0, 0x0, 0x0, 0x0, 0xef,
    0xff, 0xf3, 0x0, 0x8, 0xff, 0xff, 0xff, 0xff,
    0xff, 0xff, 0xfd, 0x0, 0x0, 0x0, 0xe, 0xff,
    0xff, 0x30, 0x0, 0x8f, 0xff, 0xff, 0xff, 0xff,
    0xff, 0xff, 0xd0, 0x0, 0x0, 0x0, 0xef, 0xff,
    0xf3, 0x0, 0x7, 0xff, 0xff, 0xff, 0xff, 0xff,
    0xff, 0xfd, 0x0, 0x0, 0x0, 0xe, 0xff, 0xff,
    0x30, 0x0, 0x5f, 0xff, 0xff, 0xff, 0xff, 0xff,
    0xff, 0xd0, 0x0, 0x0, 0x0, 0xef, 0xff, 0xf3,
    0x0, 0x1, 0xff, 0xff, 0xff, 0xff, 0xff, 0xff,
    0xfd, 0x0, 0x0, 0x0, 0xe, 0xff, 0xff, 0x30,
    0x0, 0xb, 0xff, 0xff, 0xff, 0xff, 0xff, 0xff,
    0xd0, 0x0, 0x0, 0x0, 0xef, 0xff, 0xf3, 0x0,
    0x0, 0x4f, 0xff, 0xff, 0xff, 0xff, 0xff, 0xfd,
    0x0, 0x0, 0x0, 0xe, 0xff, 0xff, 0x30, 0x0,
    0x0, 0xaf, 0xff, 0xff, 0xff, 0xff, 0xff, 0xd0,
    0x0, 0x0, 0x0, 0xef, 0xff, 0xf3, 0x0, 0x0,
    0x0, 0xcf, 0xff, 0xff, 0xff, 0xff, 0xfd, 0x0,
    0x0, 0x0, 0xe, 0xff, 0xff, 0x30, 0x0, 0x0,
    0x0, 0xbf, 0xff, 0xff, 0xff, 0xff, 0xd0, 0x0,
    0x0, 0x0, 0xef, 0xff, 0xf3, 0x0, 0x0, 0x0,
    0x0, 0x5d, 0xff, 0xff, 0xff, 0xfd, 0x0, 0x0,
    0x0, 0xe, 0xff, 0xff, 0x30, 0x0, 0x0, 0x0,
    0x0, 0x3, 0x7b, 0xff, 0xff, 0xd0, 0x0, 0x0,
    0x0, 0xef, 0xff, 0xf3, 0x0, 0x0, 0x0, 0x0,
    0x0, 0x0, 0x4f, 0xff, 0xfd, 0x0, 0x0, 0x0,
    0xe, 0xff, 0xff, 0x30, 0x0, 0x0, 0x0, 0x0,
    0x0, 0x4, 0xff, 0xff, 0xd0, 0x0, 0x0, 0x0,
    0xef, 0xff, 0xf3, 0x0, 0x0, 0x0, 0x0, 0x0,
    0x0, 0x4f, 0xff, 0xfd, 0x0, 0x0, 0x0, 0xe,
    0xff, 0xff, 0x30, 0x0, 0x0, 0x0, 0x0, 0x0,
    0x4, 0xff, 0xff, 0xd0, 0x0, 0x0, 0x0, 0xef,
    0xff, 0xf3, 0x0, 0x0, 0x0, 0x0, 0x0, 0x0,
    0x4f, 0xff, 0xfd, 0x0, 0x0, 0x0, 0xe, 0xff,
    0xff, 0x30, 0x0, 0x0, 0x0, 0x0, 0x0, 0x4,
    0xff, 0xff, 0xd0, 0x0, 0x0, 0x0, 0xef, 0xff,
    0xf3, 0x0, 0x0, 0x0, 0x0, 0x0, 0x0, 0x4f,
    0xff, 0xfd, 0x0, 0x0, 0x0, 0xe, 0xff, 0xff,
    0x30, 0x0, 0x0, 0x0, 0x0, 0x0, 0x4, 0xff,
    0xff, 0xd0, 0x0, 0x0, 0x0, 0xef, 0xff, 0xf3,
    0x0, 0x0, 0x0, 0x0, 0x0, 0x0, 0x4f, 0xff,
    0xfd, 0x0, 0x0, 0x0, 0xe, 0xff, 0xff, 0x30,
    0x0, 0x0, 0x0, 0x0, 0x0, 0x4, 0xff, 0xff,
    0xd0, 0x0, 0x0, 0x0, 0xef, 0xff, 0xf3, 0x0,
    0x0, 0x0, 0x0, 0x0, 0x0, 0x4f, 0xff, 0xfd,
    0x0, 0x0, 0x0, 0xe, 0xff, 0xff, 0x30, 0x0,
    0x0, 0x0, 0x0, 0x0, 0x4, 0xff, 0xff, 0xd0,
    0x0, 0x0, 0x0, 0xef, 0xff, 0xf3, 0x0, 0x0,
    0x0, 0x0, 0x0, 0x0, 0x4f, 0xff, 0xfd, 0x0,
    0x0, 0x0, 0xe, 0xff, 0xff, 0x30, 0x0, 0x0,
    0x0, 0x0, 0x0, 0x4, 0xff, 0xff, 0xd0, 0x0,
    0x0, 0x0, 0xef, 0xff, 0xf3, 0x0, 0x0, 0x0,
    0x0, 0x0, 0x0, 0x4e, 0xee, 0xec, 0x0, 0x0,
    0x0, 0xd, 0xee, 0xee, 0x30, 0x0,

    /* U+00B7 "·" */
    0x0, 0x0, 0x0, 0x0, 0x2a, 0xdb, 0x40, 0xd,
    0xff, 0xff, 0x23, 0xff, 0xff, 0xf7, 0x4f, 0xff,
    0xff, 0x80, 0xef, 0xff, 0xf3, 0x3, 0xcf, 0xd5,
    0x0, 0x0, 0x0, 0x0,

    /* U+00B8 "¸" */
    0x0, 0x2, 0x77, 0x71, 0x0, 0x0, 0x0, 0x8f,
    0xff, 0x0, 0x0, 0x0, 0xd, 0xff, 0xb0, 0x0,
    0x0, 0x2, 0xff, 0xff, 0xda, 0x10, 0x0, 0x4f,
    0xff, 0xff, 0xfe, 0x10, 0x0, 0x32, 0x18, 0xff,
    0xf7, 0x0, 0x30, 0x0, 0x1f, 0xff, 0xa0, 0xbf,
    0x94, 0x5b, 0xff, 0xf8, 0x7f, 0xff, 0xff, 0xff,
    0xff, 0x20, 0x8f, 0xff, 0xff, 0xff, 0x60, 0x0,
    0x39, 0xde, 0xda, 0x30, 0x0, 0x0, 0x0, 0x0,
    0x0, 0x0,

    /* U+00B9 "¹" */
    0xcf, 0xff, 0xf7, 0x0, 0xcf, 0xff, 0xf7, 0x0,
    0xbe, 0xff, 0xf7, 0x0, 0x0, 0xff, 0xf7, 0x0,
    0x0, 0xff, 0xf7, 0x0, 0x0, 0xff, 0xf7, 0x0,
    0x0, 0xff, 0xf7, 0x0, 0x0, 0xff, 0xf7, 0x0,
    0x0, 0xff, 0xf7, 0x0, 0x0, 0xff, 0xf7, 0x0,
    0x0, 0xff, 0xf7, 0x0, 0x0, 0xff, 0xf7, 0x0,
    0xef, 0xff, 0xff, 0xf1, 0xef, 0xff, 0xff, 0xf1,
    0xef, 0xff, 0xff, 0xf1,

    /* U+00BA "º" */
    0x0, 0x0, 0x0, 0x0, 0x0, 0x0, 0x0, 0x0,
    0x0, 0x0, 0x0, 0x0, 0x0, 0x0, 0x0, 0x0,
    0x6a, 0xcc, 0x95, 0x0, 0x0, 0x0, 0x3d, 0xff,
    0xff, 0xff, 0xc2, 0x0, 0x1, 0xef, 0xff, 0xff,
    0xff, 0xfd, 0x0, 0xb, 0xff, 0xfd, 0x99, 0xef,
    0xff, 0xa0, 0x2f, 0xff, 0xb0, 0x0, 0xc, 0xff,
    0xf1, 0x5f, 0xff, 0x20, 0x0, 0x4, 0xff, 0xf3,
    0x6f, 0xff, 0x0, 0x0, 0x1, 0xff, 0xf5, 0x6f,
    0xfe, 0x0, 0x0, 0x1, 0xff, 0xf5, 0x6f, 0xff,
    0x0, 0x0, 0x1, 0xff, 0xf5, 0x5f, 0xff, 0x10,
    0x0, 0x4, 0xff, 0xf3, 0x2f, 0xff, 0x90, 0x0,
    0xb, 0xff, 0xf1, 0xb, 0xff, 0xfb, 0x66, 0xcf,
    0xff, 0xa0, 0x1, 0xef, 0xff, 0xff, 0xff, 0xfd,
    0x0, 0x0, 0x3d, 0xff, 0xff, 0xff, 0xc2, 0x0,
    0x0, 0x0, 0x6a, 0xcc, 0xa5, 0x0, 0x0, 0x0,
    0x0, 0x0, 0x0, 0x0, 0x0, 0x0, 0x0, 0x0,
    0x0, 0x0, 0x0, 0x0, 0x0,

    /* U+00BB "»" */
    0x7, 0x77, 0x77, 0x0, 0x77, 0x77, 0x70, 0x0,
    0x0, 0x0, 0x8f, 0xff, 0xf9, 0xa, 0xff, 0xff,
    0x60, 0x0, 0x0, 0x0, 0xdf, 0xff, 0xf3, 0x1e,
    0xff, 0xff, 0x10, 0x0, 0x0, 0x4, 0xff, 0xff,
    0xc0, 0x6f, 0xff, 0xfa, 0x0, 0x0, 0x0, 0xa,
    0xff, 0xff, 0x60, 0xcf, 0xff, 0xf4, 0x0, 0x0,
    0x0, 0x1f, 0xff, 0xff, 0x13, 0xff, 0xff, 0xd0,
    0x0, 0x0, 0x0, 0x6f, 0xff, 0xfa, 0x8, 0xff,
    0xff, 0x80, 0x0, 0x0, 0x0, 0xcf, 0xff, 0xf4,
    0xe, 0xff, 0xff, 0x20, 0x0, 0x0, 0x3, 0xff,
    0xff, 0xe0, 0x5f, 0xff, 0xfc, 0x0, 0x0, 0x0,
    0xe, 0xff, 0xff, 0x21, 0xff, 0xff, 0xf1, 0x0,
    0x0, 0x8, 0xff, 0xff, 0x90, 0xaf, 0xff, 0xf7,
    0x0, 0x0, 0x2, 0xff, 0xff, 0xe1, 0x4f, 0xff,
    0xfd, 0x0, 0x0, 0x0, 0xbf, 0xff, 0xf5, 0xd,
    0xff, 0xff, 0x30, 0x0, 0x0, 0x5f, 0xff, 0xfb,
    0x7, 0xff, 0xff, 0x90, 0x0, 0x0, 0xe, 0xff,
    0xff, 0x22, 0xff, 0xff, 0xe1, 0x0, 0x0, 0x9,
    0xff, 0xff, 0x70, 0xbf, 0xff, 0xf5, 0x0, 0x0,
    0x3, 0xff, 0xff, 0xd0, 0x5f, 0xff, 0xfb, 0x0,
    0x0, 0x0, 0xcf, 0xff, 0xf4, 0xe, 0xff, 0xff,
    0x20, 0x0, 0x0,

    /* U+00BC "¼" */
    0x1, 0x11, 0x11, 0x0, 0x0, 0x0, 0x0, 0x0,
    0x0, 0x11, 0x11, 0x0, 0x0, 0x6, 0xff, 0xff,
    0xc0, 0x0, 0x0, 0x0, 0x0, 0x0, 0xd, 0xff,
    0xe0, 0x0, 0x0, 0x6f, 0xff, 0xfc, 0x0, 0x0,
    0x0, 0x0, 0x0, 0x6, 0xff, 0xf5, 0x0, 0x0,
    0x6, 0xff, 0xff, 0xc0, 0x0, 0x0, 0x0, 0x0,
    0x0, 0xef, 0xfc, 0x0, 0x0, 0x0, 0x0, 0xaf,
    0xfc, 0x0, 0x0, 0x0, 0x0, 0x0, 0x8f, 0xff,
    0x40, 0x0, 0x0, 0x0, 0xa, 0xff, 0xc0, 0x0,
    0x0, 0x0, 0x0, 0x1f, 0xff, 0xb0, 0x0, 0x0,
    0x0, 0x0, 0xaf, 0xfc, 0x0, 0x0, 0x0, 0x0,
    0x9, 0xff, 0xf2, 0x0, 0x0, 0x0, 0x0, 0xa,
    0xff, 0xc0, 0x0, 0x0, 0x0, 0x2, 0xff, 0xf9,
    0x0, 0x0, 0x0, 0x0, 0x0, 0xaf, 0xfc, 0x0,
    0x0, 0x0, 0x0, 0xbf, 0xff, 0x10, 0x0, 0x0,
    0x0, 0x0, 0xa, 0xff, 0xc0, 0x0, 0x0, 0x0,
    0x3f, 0xff, 0x80, 0x0, 0x0, 0x0, 0x0, 0x0,
    0xaf, 0xfc, 0x0, 0x0, 0x0, 0xc, 0xff, 0xe0,
    0x0, 0x0, 0x0, 0x0, 0x0, 0xa, 0xff, 0xc0,
    0x0, 0x0, 0x5, 0xff, 0xf6, 0x0, 0x0, 0x0,
    0x0, 0x0, 0x9f, 0xff, 0xff, 0xfb, 0x0, 0x0,
    0xdf, 0xfd, 0x0, 0x0, 0x0, 0x0, 0x0, 0x9,
    0xff, 0xff, 0xff, 0xb0, 0x0, 0x6f, 0xff, 0x50,
    0x0, 0x0, 0x34, 0x44, 0x20, 0x9f, 0xff, 0xff,
    0xfb, 0x0, 0xe, 0xff, 0xc0, 0x0, 0x0, 0x6f,
    0xff, 0xfa, 0x0, 0x0, 0x0, 0x0, 0x0, 0x8,
    0xff, 0xf3, 0x0, 0x0, 0x2f, 0xff, 0xff, 0xa0,
    0x0, 0x0, 0x0, 0x0, 0x1, 0xff, 0xfa, 0x0,
    0x0, 0xc, 0xff, 0xff, 0xfa, 0x0, 0x0, 0x0,
    0x0, 0x0, 0x9f, 0xff, 0x20, 0x0, 0x8, 0xff,
    0xed, 0xff, 0xa0, 0x0, 0x0, 0x0, 0x0, 0x2f,
    0xff, 0x90, 0x0, 0x3, 0xff, 0xf4, 0xcf, 0xfa,
    0x0, 0x0, 0x0, 0x0, 0xb, 0xff, 0xf1, 0x0,
    0x0, 0xef, 0xf8, 0xc, 0xff, 0xa0, 0x0, 0x0,
    0x0, 0x4, 0xff, 0xf7, 0x0, 0x0, 0xaf, 0xfd,
    0x0, 0xcf, 0xfa, 0x0, 0x0, 0x0, 0x0, 0xcf,
    0xfe, 0x0, 0x0, 0x5f, 0xff, 0x20, 0xc, 0xff,
    0xa0, 0x0, 0x0, 0x0, 0x5f, 0xff, 0x60, 0x0,
    0x1f, 0xff, 0x70, 0x0, 0xcf, 0xfa, 0x0, 0x0,
    0x0, 0xd, 0xff, 0xd0, 0x0, 0x6, 0xff, 0xff,
    0xff, 0xff, 0xff, 0xff, 0x0, 0x0, 0x7, 0xff,
    0xf4, 0x0, 0x0, 0x5f, 0xff, 0xff, 0xff, 0xff,
    0xff, 0xf0, 0x0, 0x0, 0xef, 0xfc, 0x0, 0x0,
    0x4, 0xff, 0xff, 0xff, 0xff, 0xff, 0xff, 0x0,
    0x0, 0x8f, 0xff, 0x30, 0x0, 0x0, 0x0, 0x0,
    0x0, 0x0, 0xcf, 0xfa, 0x0, 0x0, 0x1f, 0xff,
    0xa0, 0x0, 0x0, 0x0, 0x0, 0x0, 0x0, 0xc,
    0xff, 0xa0, 0x0, 0xa, 0xff, 0xf2, 0x0, 0x0,
    0x0, 0x0, 0x0, 0x0, 0x0, 0x56, 0x64, 0x0,
    0x0, 0x77, 0x75, 0x0, 0x0, 0x0, 0x0, 0x0,
    0x0, 0x0, 0x0, 0x0, 0x0,

    /* U+00BD "½" */
    0x6f, 0xff, 0xfc, 0x0, 0x0, 0x0, 0x0, 0x0,
    0x0, 0xcf, 0xfe, 0x0, 0x0, 0x0, 0x6, 0xff,
    0xff, 0xc0, 0x0, 0x0, 0x0, 0x0, 0x0, 0x5f,
    0xff, 0x60, 0x0, 0x0, 0x0, 0x6f, 0xff, 0xfc,
    0x0, 0x0, 0x0, 0x0, 0x0, 0xd, 0xff, 0xd0,
    0x0, 0x0, 0x0, 0x0, 0x1a, 0xff, 0xc0, 0x0,
    0x0, 0x0, 0x0, 0x6, 0xff, 0xf5, 0x0, 0x0,
    0x0, 0x0, 0x0, 0xaf, 0xfc, 0x0, 0x0, 0x0,
    0x0, 0x0, 0xef, 0xfc, 0x0, 0x0, 0x0, 0x0,
    0x0, 0xa, 0xff, 0xc0, 0x0, 0x0, 0x0, 0x0,
    0x7f, 0xff, 0x40, 0x0, 0x0, 0x0, 0x0, 0x0,
    0xaf, 0xfc, 0x0, 0x0, 0x0, 0x0, 0x1f, 0xff,
    0xb0, 0x0, 0x0, 0x0, 0x0, 0x0, 0xa, 0xff,
    0xc0, 0x0, 0x0, 0x0, 0x9, 0xff, 0xf3, 0x0,
    0x0, 0x0, 0x0, 0x0, 0x0, 0xaf, 0xfc, 0x0,
    0x0, 0x0, 0x2, 0xff, 0xfa, 0x0, 0x0, 0x0,
    0x0, 0x0, 0x0, 0xa, 0xff, 0xc0, 0x0, 0x0,
    0x0, 0xaf, 0xff, 0x20, 0x0, 0x0, 0x0, 0x0,
    0x0, 0x0, 0xaf, 0xfc, 0x0, 0x0, 0x0, 0x3f,
    0xff, 0x90, 0x0, 0x0, 0x0, 0x0, 0x0, 0x0,
    0xa, 0xff, 0xc0, 0x0, 0x0, 0xb, 0xff, 0xf1,
    0x0, 0x0, 0x0, 0x0, 0x0, 0x0, 0x9f, 0xff,
    0xff, 0xfb, 0x0, 0x4, 0xff, 0xf7, 0x0, 0x0,
    0x0, 0x0, 0x0, 0x0, 0x9, 0xff, 0xff, 0xff,
    0xb0, 0x0, 0xcf, 0xfe, 0x0, 0x0, 0x3a, 0xdf,
    0xec, 0x71, 0x0, 0x9f, 0xff, 0xff, 0xfb, 0x0,
    0x5f, 0xff, 0x60, 0x0, 0x8f, 0xff, 0xff, 0xff,
    0xf3, 0x0, 0x0, 0x0, 0x0, 0x0, 0xd, 0xff,
    0xd0, 0x0, 0x5f, 0xff, 0xff, 0xff, 0xff, 0xe1,
    0x0, 0x0, 0x0, 0x0, 0x6, 0xff, 0xf5, 0x0,
    0xa, 0xff, 0xe5, 0x13, 0x9f, 0xff, 0x40, 0x0,
    0x0, 0x0, 0x0, 0xef, 0xfc, 0x0, 0x0, 0x78,
    0x84, 0x0, 0x0, 0xff, 0xf7, 0x0, 0x0, 0x0,
    0x0, 0x8f, 0xff, 0x30, 0x0, 0x0, 0x0, 0x0,
    0x0, 0x4f, 0xff, 0x60, 0x0, 0x0, 0x0, 0x1f,
    0xff, 0xb0, 0x0, 0x0, 0x0, 0x0, 0x36, 0xbf,
    0xff, 0xf3, 0x0, 0x0, 0x0, 0x9, 0xff, 0xf2,
    0x0, 0x0, 0x0, 0x19, 0xef, 0xff, 0xff, 0xf9,
    0x0, 0x0, 0x0, 0x2, 0xff, 0xf9, 0x0, 0x0,
    0x0, 0x1e, 0xff, 0xff, 0xff, 0xd6, 0x0, 0x0,
    0x0, 0x0, 0xaf, 0xff, 0x10, 0x0, 0x0, 0xa,
    0xff, 0xfe, 0x95, 0x10, 0x0, 0x0, 0x0, 0x0,
    0x3f, 0xff, 0x80, 0x0, 0x0, 0x0, 0xef, 0xfd,
    0x0, 0x0, 0x0, 0x0, 0x0, 0x0, 0xb, 0xff,
    0xe1, 0x0, 0x0, 0x0, 0xf, 0xff, 0xb4, 0x44,
    0x44, 0x44, 0x10, 0x0, 0x4, 0xff, 0xf7, 0x0,
    0x0, 0x0, 0x0, 0xff, 0xff, 0xff, 0xff, 0xff,
    0xf4, 0x0, 0x0, 0xdf, 0xfe, 0x0, 0x0, 0x0,
    0x0, 0xf, 0xff, 0xff, 0xff, 0xff, 0xff, 0x40,
    0x0, 0x5f, 0xff, 0x50, 0x0, 0x0, 0x0, 0x0,
    0xff, 0xff, 0xff, 0xff, 0xff, 0xf4, 0x0, 0xd,
    0xff, 0xd0, 0x0, 0x0, 0x0, 0x0, 0x0, 0x0,
    0x0, 0x0, 0x0, 0x0, 0x0,

    /* U+00BE "¾" */
    0x0, 0x3, 0x9b, 0xca, 0x60, 0x0, 0x0, 0x0,
    0x0, 0x0, 0x9, 0x99, 0x70, 0x0, 0x0, 0x0,
    0xbf, 0xff, 0xff, 0xfe, 0x30, 0x0, 0x0, 0x0,
    0x0, 0x7f, 0xff, 0x50, 0x0, 0x0, 0xa, 0xff,
    0xff, 0xff, 0xff, 0xe2, 0x0, 0x0, 0x0, 0x0,
    0xef, 0xfc, 0x0, 0x0, 0x0, 0xf, 0xff, 0x61,
    0x15, 0xff, 0xf8, 0x0, 0x0, 0x0, 0x8, 0xff,
    0xf4, 0x0, 0x0, 0x0, 0x19, 0x97, 0x0, 0x0,
    0x9f, 0xfb, 0x0, 0x0, 0x0, 0x1f, 0xff, 0xb0,
    0x0, 0x0, 0x0, 0x0, 0x0, 0x0, 0x0, 0xbf,
    0xfa, 0x0, 0x0, 0x0, 0x9f, 0xff, 0x30, 0x0,
    0x0, 0x0, 0x0, 0x0, 0x78, 0x9c, 0xff, 0xf5,
    0x0, 0x0, 0x2, 0xff, 0xfa, 0x0, 0x0, 0x0,
    0x0, 0x0, 0x0, 0xdf, 0xff, 0xff, 0x80, 0x0,
    0x0, 0xa, 0xff, 0xf2, 0x0, 0x0, 0x0, 0x0,
    0x0, 0x0, 0xdf, 0xff, 0xff, 0xf3, 0x0, 0x0,
    0x3f, 0xff, 0x90, 0x0, 0x0, 0x0, 0x0, 0x0,
    0x0, 0x0, 0x3, 0xcf, 0xfe, 0x0, 0x0, 0xbf,
    0xff, 0x10, 0x0, 0x0, 0x0, 0x0, 0x24, 0x44,
    0x0, 0x0, 0x6f, 0xff, 0x10, 0x4, 0xff, 0xf7,
    0x0, 0x0, 0x0, 0x0, 0x0, 0x6f, 0xff, 0xa2,
    0x14, 0xcf, 0xff, 0x0, 0xc, 0xff, 0xe0, 0x0,
    0x0, 0x0, 0x0, 0x0, 0x1f, 0xff, 0xff, 0xff,
    0xff, 0xf9, 0x0, 0x5f, 0xff, 0x60, 0x0, 0x0,
    0x0, 0x0, 0x0, 0x3, 0xff, 0xff, 0xff, 0xff,
    0xa0, 0x0, 0xdf, 0xfd, 0x0, 0x0, 0x0, 0x0,
    0x0, 0x0, 0x0, 0x17, 0xce, 0xfd, 0xa4, 0x0,
    0x6, 0xff, 0xf5, 0x0, 0x0, 0xb, 0xee, 0xee,
    0x0, 0x0, 0x0, 0x0, 0x0, 0x0, 0x0, 0xe,
    0xff, 0xc0, 0x0, 0x0, 0x8f, 0xff, 0xff, 0x0,
    0x0, 0x0, 0x0, 0x0, 0x0, 0x0, 0x8f, 0xff,
    0x40, 0x0, 0x4, 0xff, 0xff, 0xff, 0x0, 0x0,
    0x0, 0x0, 0x0, 0x0, 0x1, 0xff, 0xfb, 0x0,
    0x0, 0x1e, 0xff, 0xef, 0xff, 0x0, 0x0, 0x0,
    0x0, 0x0, 0x0, 0x9, 0xff, 0xf2, 0x0, 0x0,
    0xbf, 0xfb, 0x7f, 0xff, 0x0, 0x0, 0x0, 0x0,
    0x0, 0x0, 0x2f, 0xff, 0xa0, 0x0, 0x7, 0xff,
    0xe1, 0x7f, 0xff, 0x0, 0x0, 0x0, 0x0, 0x0,
    0x0, 0xaf, 0xff, 0x20, 0x0, 0x3f, 0xff, 0x40,
    0x7f, 0xff, 0x0, 0x0, 0x0, 0x0, 0x0, 0x3,
    0xff, 0xf8, 0x0, 0x1, 0xef, 0xf8, 0x0, 0x7f,
    0xff, 0x0, 0x0, 0x0, 0x0, 0x0, 0xb, 0xff,
    0xf1, 0x0, 0xb, 0xff, 0xc1, 0x0, 0x7f, 0xff,
    0x0, 0x0, 0x0, 0x0, 0x0, 0x4f, 0xff, 0x70,
    0x0, 0x1f, 0xff, 0xff, 0xff, 0xff, 0xff, 0xf4,
    0x0, 0x0, 0x0, 0x0, 0xcf, 0xfe, 0x0, 0x0,
    0xf, 0xff, 0xff, 0xff, 0xff, 0xff, 0xf4, 0x0,
    0x0, 0x0, 0x5, 0xff, 0xf6, 0x0, 0x0, 0xf,
    0xff, 0xff, 0xff, 0xff, 0xff, 0xf4, 0x0, 0x0,
    0x0, 0xd, 0xff, 0xd0, 0x0, 0x0, 0x0, 0x0,
    0x0, 0x0, 0x7f, 0xff, 0x0, 0x0, 0x0, 0x0,
    0x6f, 0xff, 0x50, 0x0, 0x0, 0x0, 0x0, 0x0,
    0x0, 0x7f, 0xff, 0x0, 0x0, 0x0, 0x0, 0xef,
    0xfc, 0x0, 0x0, 0x0, 0x0, 0x0, 0x0, 0x0,
    0x36, 0x66, 0x0, 0x0, 0x0, 0x2, 0x77, 0x73,
    0x0, 0x0, 0x0, 0x0, 0x0, 0x0, 0x0, 0x0,
    0x0, 0x0,

    /* U+00BF "¿" */
    0x0, 0x0, 0x0, 0x0, 0x0, 0x0, 0x0, 0x0,
    0x0, 0x0, 0x0, 0x0, 0x0, 0x0, 0x0, 0x0,
    0x6c, 0xe9, 0x10, 0x0, 0x0, 0x0, 0x0, 0x0,
    0x0, 0x0, 0x5, 0xff, 0xff, 0xc0, 0x0, 0x0,
    0x0, 0x0, 0x0, 0x0, 0x0, 0xb, 0xff, 0xff,
    0xf2, 0x0, 0x0, 0x0, 0x0, 0x0, 0x0, 0x0,
    0xd, 0xff, 0xff, 0xf4, 0x0, 0x0, 0x0, 0x0,
    0x0, 0x0, 0x0, 0x9, 0xff, 0xff, 0xf1, 0x0,
    0x0, 0x0, 0x0, 0x0, 0x0, 0x0, 0x1, 0xdf,
    0xff, 0x60, 0x0, 0x0, 0x0, 0x0, 0x0, 0x0,
    0x0, 0x0, 0x4, 0x62, 0x0, 0x0, 0x0, 0x0,
    0x0, 0x0, 0x0, 0x0, 0x0, 0x0, 0x0, 0x0,
    0x0, 0x0, 0x0, 0x0, 0x0, 0x0, 0x0, 0x6,
    0xff, 0xff, 0xb0, 0x0, 0x0, 0x0, 0x0, 0x0,
    0x0, 0x0, 0x8, 0xff, 0xff, 0xa0, 0x0, 0x0,
    0x0, 0x0, 0x0, 0x0, 0x0, 0xd, 0xff, 0xff,
    0x80, 0x0, 0x0, 0x0, 0x0, 0x0, 0x0, 0x0,
    0xbf, 0xff, 0xff, 0x50, 0x0, 0x0, 0x0, 0x0,
    0x0, 0x0, 0x7e, 0xff, 0xff, 0xff, 0x0, 0x0,
    0x0, 0x0, 0x0, 0x0, 0x5e, 0xff, 0xff, 0xff,
    0xf6, 0x0, 0x0, 0x0, 0x0, 0x0, 0x1c, 0xff,
    0xff, 0xff, 0xff, 0x80, 0x0, 0x0, 0x0, 0x0,
    0x0, 0xdf, 0xff, 0xff, 0xff, 0xd4, 0x0, 0x0,
    0x0, 0x0, 0x0, 0x9, 0xff, 0xff, 0xff, 0xd5,
    0x0, 0x0, 0x0, 0x0, 0x0, 0x0, 0xf, 0xff,
    0xff, 0xf5, 0x0, 0x0, 0x0, 0x0, 0x0, 0x0,
    0x0, 0x3f, 0xff, 0xff, 0x50, 0x0, 0x0, 0x0,
    0x0, 0x0, 0x0, 0x0, 0x5f, 0xff, 0xff, 0x10,
    0x0, 0x0, 0x0, 0x0, 0x68, 0x88, 0x84, 0x4f,
    0xff, 0xff, 0x30, 0x0, 0x0, 0x0, 0x0, 0xff,
    0xff, 0xf6, 0x2f, 0xff, 0xff, 0x80, 0x0, 0x0,
    0x0, 0x8, 0xff, 0xff, 0xf4, 0xd, 0xff, 0xff,
    0xf8, 0x0, 0x0, 0x1, 0x9f, 0xff, 0xff, 0xe0,
    0x7, 0xff, 0xff, 0xff, 0xfb, 0xaa, 0xcf, 0xff,
    0xff, 0xff, 0x80, 0x0, 0xcf, 0xff, 0xff, 0xff,
    0xff, 0xff, 0xff, 0xff, 0xfc, 0x0, 0x0, 0x1c,
    0xff, 0xff, 0xff, 0xff, 0xff, 0xff, 0xff, 0xc1,
    0x0, 0x0, 0x0, 0x7e, 0xff, 0xff, 0xff, 0xff,
    0xff, 0xe7, 0x0, 0x0, 0x0, 0x0, 0x0, 0x59,
    0xbd, 0xef, 0xec, 0x95, 0x0, 0x0, 0x0,

    /* U+00C0 "À" */
    0x0, 0x0, 0x0, 0x0, 0x3f, 0xff, 0xff, 0x70,
    0x0, 0x0, 0x0, 0x0, 0x0, 0x0, 0x0, 0x0,
    0x0, 0x0, 0x0, 0x0, 0x6f, 0xff, 0xfe, 0x0,
    0x0, 0x0, 0x0, 0x0, 0x0, 0x0, 0x0, 0x0,
    0x0, 0x0, 0x0, 0x0, 0x9f, 0xff, 0xf8, 0x0,
    0x0, 0x0, 0x0, 0x0, 0x0, 0x0, 0x0, 0x0,
    0x0, 0x0, 0x0, 0x0, 0xcf, 0xff, 0xf1, 0x0,
    0x0, 0x0, 0x0, 0x0, 0x0, 0x0, 0x0, 0x0,
    0x0, 0x0, 0x0, 0x1, 0xef, 0xff, 0x90, 0x0,
    0x0, 0x0, 0x0, 0x0, 0x0, 0x0, 0x0, 0x0,
    0x0, 0x0, 0x0, 0x3, 0x99, 0x99, 0x0, 0x0,
    0x0, 0x0, 0x0, 0x0, 0x0, 0x0, 0x0, 0x0,
    0x0, 0x0, 0x0, 0x0, 0x0, 0x0, 0x0, 0x0,
    0x0, 0x0, 0x0, 0x0, 0x0, 0x0, 0x0, 0x0,
    0x0, 0x0, 0x0, 0x0, 0x0, 0x0, 0x0, 0x0,
    0x0, 0x0, 0x0, 0x0, 0x0, 0x0, 0x0, 0x0,
    0x0, 0x0, 0xdf, 0xff, 0xff, 0x20, 0x0, 0x0,
    0x0, 0x0, 0x0, 0x0, 0x0, 0x0, 0x0, 0x0,
    0x0, 0x4f, 0xff, 0xff, 0xf9, 0x0, 0x0, 0x0,
    0x0, 0x0, 0x0, 0x0, 0x0, 0x0, 0x0, 0x0,
    0xb, 0xff, 0xff, 0xff, 0xf1, 0x0, 0x0, 0x0,
    0x0, 0x0, 0x0, 0x0, 0x0, 0x0, 0x0, 0x2,
    0xff, 0xff, 0xff, 0xff, 0x70, 0x0, 0x0, 0x0,
    0x0, 0x0, 0x0, 0x0, 0x0, 0x0, 0x0, 0x9f,
    0xff, 0xff, 0xff, 0xfe, 0x0, 0x0, 0x0, 0x0,
    0x0, 0x0, 0x0, 0x0, 0x0, 0x0, 0x1f, 0xff,
    0xff, 0xff, 0xff, 0xf5, 0x0, 0x0, 0x0, 0x0,
    0x0, 0x0, 0x0, 0x0, 0x0, 0x7, 0xff, 0xff,
    0xea, 0xff, 0xff, 0xc0, 0x0, 0x0, 0x0, 0x0,
    0x0, 0x0, 0x0, 0x0, 0x0, 0xef, 0xff, 0xf8,
    0x3f, 0xff, 0xff, 0x30, 0x0, 0x0, 0x0, 0x0,
    0x0, 0x0, 0x0, 0x0, 0x5f, 0xff, 0xff, 0x10,
    0xcf, 0xff, 0xfa, 0x0, 0x0, 0x0, 0x0, 0x0,
    0x0, 0x0, 0x0, 0xc, 0xff, 0xff, 0xa0, 0x5,
    0xff, 0xff, 0xf2, 0x0, 0x0, 0x0, 0x0, 0x0,
    0x0, 0x0, 0x3, 0xff, 0xff, 0xf3, 0x0, 0xe,
    0xff, 0xff, 0x80, 0x0, 0x0, 0x0, 0x0, 0x0,
    0x0, 0x0, 0xaf, 0xff, 0xfd, 0x0, 0x0, 0x8f,
    0xff, 0xff, 0x0, 0x0, 0x0, 0x0, 0x0, 0x0,
    0x0, 0x2f, 0xff, 0xff, 0x60, 0x0, 0x1, 0xff,
    0xff, 0xf6, 0x0, 0x0, 0x0, 0x0, 0x0, 0x0,
    0x8, 0xff, 0xff, 0xf0, 0x0, 0x0, 0xa, 0xff,
    0xff, 0xd0, 0x0, 0x0, 0x0, 0x0, 0x0, 0x0,
    0xff, 0xff, 0xf8, 0x0, 0x0, 0x0, 0x3f, 0xff,
    0xff, 0x40, 0x0, 0x0, 0x0, 0x0, 0x0, 0x6f,
    0xff, 0xff, 0x20, 0x0, 0x0, 0x0, 0xdf, 0xff,
    0xfb, 0x0, 0x0, 0x0, 0x0, 0x0, 0xd, 0xff,
    0xff, 0xb0, 0x0, 0x0, 0x0, 0x6, 0xff, 0xff,
    0xf2, 0x0, 0x0, 0x0, 0x0, 0x4, 0xff, 0xff,
    0xf4, 0x0, 0x0, 0x0, 0x0, 0xe, 0xff, 0xff,
    0x90, 0x0, 0x0, 0x0, 0x0, 0xbf, 0xff, 0xff,
    0xff, 0xff, 0xff, 0xff, 0xff, 0xff, 0xff, 0xff,
    0x10, 0x0, 0x0, 0x0, 0x2f, 0xff, 0xff, 0xff,
    0xff, 0xff, 0xff, 0xff, 0xff, 0xff, 0xff, 0xf7,
    0x0, 0x0, 0x0, 0x9, 0xff, 0xff, 0xff, 0xff,
    0xff, 0xff, 0xff, 0xff, 0xff, 0xff, 0xff, 0xe0,
    0x0, 0x0, 0x1, 0xff, 0xff, 0xff, 0xff, 0xff,
    0xff, 0xff, 0xff, 0xff, 0xff, 0xff, 0xff, 0x50,
    0x0, 0x0, 0x7f, 0xff, 0xff, 0xdd, 0xdd, 0xdd,
    0xdd, 0xdd, 0xdd, 0xdd, 0xff, 0xff, 0xfc, 0x0,
    0x0, 0xe, 0xff, 0xff, 0xb0, 0x0, 0x0, 0x0,
    0x0, 0x0, 0x0, 0x6, 0xff, 0xff, 0xf3, 0x0,
    0x5, 0xff, 0xff, 0xf4, 0x0, 0x0, 0x0, 0x0,
    0x0, 0x0, 0x0, 0xe, 0xff, 0xff, 0xa0, 0x0,
    0xcf, 0xff, 0xfd, 0x0, 0x0, 0x0, 0x0, 0x0,
    0x0, 0x0, 0x0, 0x8f, 0xff, 0xff, 0x20, 0x3f,
    0xff, 0xff, 0x50, 0x0, 0x0, 0x0, 0x0, 0x0,
    0x0, 0x0, 0x1, 0xff, 0xff, 0xf8, 0xa, 0xff,
    0xff, 0xe0, 0x0, 0x0, 0x0, 0x0, 0x0, 0x0,
    0x0, 0x0, 0xa, 0xff, 0xff, 0xf0,

    /* U+00C1 "Á" */
    0x0, 0x0, 0x0, 0x0, 0x0, 0x0, 0x0, 0x5,
    0xff, 0xff, 0xf2, 0x0, 0x0, 0x0, 0x0, 0x0,
    0x0, 0x0, 0x0, 0x0, 0x0, 0x0, 0x0, 0xdf,
    0xff, 0xf5, 0x0, 0x0, 0x0, 0x0, 0x0, 0x0,
    0x0, 0x0, 0x0, 0x0, 0x0, 0x0, 0x6f, 0xff,
    0xf8, 0x0, 0x0, 0x0, 0x0, 0x0, 0x0, 0x0,
    0x0, 0x0, 0x0, 0x0, 0x0, 0xe, 0xff, 0xfc,
    0x0, 0x0, 0x0, 0x0, 0x0, 0x0, 0x0, 0x0,
    0x0, 0x0, 0x0, 0x0, 0x7, 0xff, 0xfe, 0x10,
    0x0, 0x0, 0x0, 0x0, 0x0, 0x0, 0x0, 0x0,
    0x0, 0x0, 0x0, 0x0, 0x67, 0x77, 0x30, 0x0,
    0x0, 0x0, 0x0, 0x0, 0x0, 0x0, 0x0, 0x0,
    0x0, 0x0, 0x0, 0x0, 0x0, 0x0, 0x0, 0x0,
    0x0, 0x0, 0x0, 0x0, 0x0, 0x0, 0x0, 0x0,
    0x0, 0x0, 0x0, 0x0, 0x0, 0x0, 0x0, 0x0,
    0x0, 0x0, 0x0, 0x0, 0x0, 0x0, 0x0, 0x0,
    0x0, 0x0, 0xdf, 0xff, 0xff, 0x20, 0x0, 0x0,
    0x0, 0x0, 0x0, 0x0, 0x0, 0x0, 0x0, 0x0,
    0x0, 0x5f, 0xff, 0xff, 0xf9, 0x0, 0x0, 0x0,
    0x0, 0x0, 0x0, 0x0, 0x0, 0x0, 0x0, 0x0,
    0xc, 0xff, 0xff, 0xff, 0xf1, 0x0, 0x0, 0x0,
    0x0, 0x0, 0x0, 0x0, 0x0, 0x0, 0x0, 0x2,
    0xff, 0xff, 0xff, 0xff, 0x70, 0x0, 0x0, 0x0,
    0x0, 0x0, 0x0, 0x0, 0x0, 0x0, 0x0, 0xaf,
    0xff, 0xff, 0xff, 0xfe, 0x0, 0x0, 0x0, 0x0,
    0x0, 0x0, 0x0, 0x0, 0x0, 0x0, 0x1f, 0xff,
    0xff, 0xff, 0xff, 0xf5, 0x0, 0x0, 0x0, 0x0,
    0x0, 0x0, 0x0, 0x0, 0x0, 0x8, 0xff, 0xff,
    0xea, 0xff, 0xff, 0xc0, 0x0, 0x0, 0x0, 0x0,
    0x0, 0x0, 0x0, 0x0, 0x0, 0xef, 0xff, 0xf8,
    0x3f, 0xff, 0xff, 0x30, 0x0, 0x0, 0x0, 0x0,
    0x0, 0x0, 0x0, 0x0, 0x5f, 0xff, 0xff, 0x10,
    0xcf, 0xff, 0xfa, 0x0, 0x0, 0x0, 0x0, 0x0,
    0x0, 0x0, 0x0, 0xc, 0xff, 0xff, 0xa0, 0x5,
    0xff, 0xff, 0xf2, 0x0, 0x0, 0x0, 0x0, 0x0,
    0x0, 0x0, 0x3, 0xff, 0xff, 0xf3, 0x0, 0xe,
    0xff, 0xff, 0x80, 0x0, 0x0, 0x0, 0x0, 0x0,
    0x0, 0x0, 0xaf, 0xff, 0xfd, 0x0, 0x0, 0x8f,
    0xff, 0xff, 0x0, 0x0, 0x0, 0x0, 0x0, 0x0,
    0x0, 0x2f, 0xff, 0xff, 0x60, 0x0, 0x1, 0xff,
    0xff, 0xf6, 0x0, 0x0, 0x0, 0x0, 0x0, 0x0,
    0x8, 0xff, 0xff, 0xf0, 0x0, 0x0, 0xa, 0xff,
    0xff, 0xd0, 0x0, 0x0, 0x0, 0x0, 0x0, 0x0,
    0xff, 0xff, 0xf9, 0x0, 0x0, 0x0, 0x3f, 0xff,
    0xff, 0x40, 0x0, 0x0, 0x0, 0x0, 0x0, 0x6f,
    0xff, 0xff, 0x20, 0x0, 0x0, 0x0, 0xdf, 0xff,
    0xfb, 0x0, 0x0, 0x0, 0x0, 0x0, 0xd, 0xff,
    0xff, 0xb0, 0x0, 0x0, 0x0, 0x6, 0xff, 0xff,
    0xf2, 0x0, 0x0, 0x0, 0x0, 0x4, 0xff, 0xff,
    0xf4, 0x0, 0x0, 0x0, 0x0, 0xe, 0xff, 0xff,
    0x90, 0x0, 0x0, 0x0, 0x0, 0xbf, 0xff, 0xff,
    0xff, 0xff, 0xff, 0xff, 0xff, 0xff, 0xff, 0xff,
    0x10, 0x0, 0x0, 0x0, 0x2f, 0xff, 0xff, 0xff,
    0xff, 0xff, 0xff, 0xff, 0xff, 0xff, 0xff, 0xf7,
    0x0, 0x0, 0x0, 0x9, 0xff, 0xff, 0xff, 0xff,
    0xff, 0xff, 0xff, 0xff, 0xff, 0xff, 0xff, 0xe0,
    0x0, 0x0, 0x1, 0xff, 0xff, 0xff, 0xff, 0xff,
    0xff, 0xff, 0xff, 0xff, 0xff, 0xff, 0xff, 0x50,
    0x0, 0x0, 0x7f, 0xff, 0xff, 0xdd, 0xdd, 0xdd,
    0xdd, 0xdd, 0xdd, 0xdd, 0xff, 0xff, 0xfc, 0x0,
    0x0, 0xe, 0xff, 0xff, 0xb0, 0x0, 0x0, 0x0,
    0x0, 0x0, 0x0, 0x6, 0xff, 0xff, 0xf3, 0x0,
    0x5, 0xff, 0xff, 0xf4, 0x0, 0x0, 0x0, 0x0,
    0x0, 0x0, 0x0, 0xe, 0xff, 0xff, 0xa0, 0x0,
    0xcf, 0xff, 0xfd, 0x0, 0x0, 0x0, 0x0, 0x0,
    0x0, 0x0, 0x0, 0x8f, 0xff, 0xff, 0x20, 0x3f,
    0xff, 0xff, 0x50, 0x0, 0x0, 0x0, 0x0, 0x0,
    0x0, 0x0, 0x1, 0xff, 0xff, 0xf8, 0xa, 0xff,
    0xff, 0xe0, 0x0, 0x0, 0x0, 0x0, 0x0, 0x0,
    0x0, 0x0, 0xa, 0xff, 0xff, 0xf0,

    /* U+00C2 "Â" */
    0x0, 0x0, 0x0, 0x0, 0x0, 0x0, 0x2, 0x77,
    0x60, 0x0, 0x0, 0x0, 0x0, 0x0, 0x0, 0x0,
    0x0, 0x0, 0x0, 0x0, 0x0, 0x2, 0xef, 0xff,
    0xa0, 0x0, 0x0, 0x0, 0x0, 0x0, 0x0, 0x0,
    0x0, 0x0, 0x0, 0x0, 0x3, 0xef, 0xff, 0xff,
    0xb0, 0x0, 0x0, 0x0, 0x0, 0x0, 0x0, 0x0,
    0x0, 0x0, 0x0, 0x3, 0xef, 0xff, 0xff, 0xff,
    0xc1, 0x0, 0x0, 0x0, 0x0, 0x0, 0x0, 0x0,
    0x0, 0x0, 0x4, 0xff, 0xff, 0x92, 0xef, 0xff,
    0xd2, 0x0, 0x0, 0x0, 0x0, 0x0, 0x0, 0x0,
    0x0, 0x4, 0xff, 0xff, 0x80, 0x1, 0xdf, 0xff,
    0xe2, 0x0, 0x0, 0x0, 0x0, 0x0, 0x0, 0x0,
    0x0, 0x0, 0x0, 0x0, 0x0, 0x0, 0x0, 0x0,
    0x0, 0x0, 0x0, 0x0, 0x0, 0x0, 0x0, 0x0,
    0x0, 0x0, 0x0, 0x0, 0x0, 0x0, 0x0, 0x0,
    0x0, 0x0, 0x0, 0x0, 0x0, 0x0, 0x0, 0x0,
    0x0, 0x0, 0xdf, 0xff, 0xff, 0x20, 0x0, 0x0,
    0x0, 0x0, 0x0, 0x0, 0x0, 0x0, 0x0, 0x0,
    0x0, 0x4f, 0xff, 0xff, 0xf9, 0x0, 0x0, 0x0,
    0x0, 0x0, 0x0, 0x0, 0x0, 0x0, 0x0, 0x0,
    0xb, 0xff, 0xff, 0xff, 0xf1, 0x0, 0x0, 0x0,
    0x0, 0x0, 0x0, 0x0, 0x0, 0x0, 0x0, 0x2,
    0xff, 0xff, 0xff, 0xff, 0x70, 0x0, 0x0, 0x0,
    0x0, 0x0, 0x0, 0x0, 0x0, 0x0, 0x0, 0x9f,
    0xff, 0xff, 0xff, 0xfe, 0x0, 0x0, 0x0, 0x0,
    0x0, 0x0, 0x0, 0x0, 0x0, 0x0, 0x1f, 0xff,
    0xff, 0xff, 0xff, 0xf5, 0x0, 0x0, 0x0, 0x0,
    0x0, 0x0, 0x0, 0x0, 0x0, 0x7, 0xff, 0xff,
    0xea, 0xff, 0xff, 0xc0, 0x0, 0x0, 0x0, 0x0,
    0x0, 0x0, 0x0, 0x0, 0x0, 0xef, 0xff, 0xf8,
    0x3f, 0xff, 0xff, 0x30, 0x0, 0x0, 0x0, 0x0,
    0x0, 0x0, 0x0, 0x0, 0x5f, 0xff, 0xff, 0x10,
    0xcf, 0xff, 0xfa, 0x0, 0x0, 0x0, 0x0, 0x0,
    0x0, 0x0, 0x0, 0xc, 0xff, 0xff, 0xa0, 0x5,
    0xff, 0xff, 0xf2, 0x0, 0x0, 0x0, 0x0, 0x0,
    0x0, 0x0, 0x3, 0xff, 0xff, 0xf3, 0x0, 0xe,
    0xff, 0xff, 0x80, 0x0, 0x0, 0x0, 0x0, 0x0,
    0x0, 0x0, 0xaf, 0xff, 0xfd, 0x0, 0x0, 0x8f,
    0xff, 0xff, 0x0, 0x0, 0x0, 0x0, 0x0, 0x0,
    0x0, 0x2f, 0xff, 0xff, 0x60, 0x0, 0x1, 0xff,
    0xff, 0xf6, 0x0, 0x0, 0x0, 0x0, 0x0, 0x0,
    0x8, 0xff, 0xff, 0xf0, 0x0, 0x0, 0xa, 0xff,
    0xff, 0xd0, 0x0, 0x0, 0x0, 0x0, 0x0, 0x0,
    0xff, 0xff, 0xf8, 0x0, 0x0, 0x0, 0x3f, 0xff,
    0xff, 0x40, 0x0, 0x0, 0x0, 0x0, 0x0, 0x6f,
    0xff, 0xff, 0x20, 0x0, 0x0, 0x0, 0xdf, 0xff,
    0xfb, 0x0, 0x0, 0x0, 0x0, 0x0, 0xd, 0xff,
    0xff, 0xb0, 0x0, 0x0, 0x0, 0x6, 0xff, 0xff,
    0xf2, 0x0, 0x0, 0x0, 0x0, 0x4, 0xff, 0xff,
    0xf4, 0x0, 0x0, 0x0, 0x0, 0xe, 0xff, 0xff,
    0x90, 0x0, 0x0, 0x0, 0x0, 0xbf, 0xff, 0xff,
    0xff, 0xff, 0xff, 0xff, 0xff, 0xff, 0xff, 0xff,
    0x10, 0x0, 0x0, 0x0, 0x2f, 0xff, 0xff, 0xff,
    0xff, 0xff, 0xff, 0xff, 0xff, 0xff, 0xff, 0xf7,
    0x0, 0x0, 0x0, 0x9, 0xff, 0xff, 0xff, 0xff,
    0xff, 0xff, 0xff, 0xff, 0xff, 0xff, 0xff, 0xe0,
    0x0, 0x0, 0x1, 0xff, 0xff, 0xff, 0xff, 0xff,
    0xff, 0xff, 0xff, 0xff, 0xff, 0xff, 0xff, 0x50,
    0x0, 0x0, 0x7f, 0xff, 0xff, 0xdd, 0xdd, 0xdd,
    0xdd, 0xdd, 0xdd, 0xdd, 0xff, 0xff, 0xfc, 0x0,
    0x0, 0xe, 0xff, 0xff, 0xb0, 0x0, 0x0, 0x0,
    0x0, 0x0, 0x0, 0x6, 0xff, 0xff, 0xf3, 0x0,
    0x5, 0xff, 0xff, 0xf4, 0x0, 0x0, 0x0, 0x0,
    0x0, 0x0, 0x0, 0xe, 0xff, 0xff, 0xa0, 0x0,
    0xcf, 0xff, 0xfd, 0x0, 0x0, 0x0, 0x0, 0x0,
    0x0, 0x0, 0x0, 0x8f, 0xff, 0xff, 0x20, 0x3f,
    0xff, 0xff, 0x50, 0x0, 0x0, 0x0, 0x0, 0x0,
    0x0, 0x0, 0x1, 0xff, 0xff, 0xf8, 0xa, 0xff,
    0xff, 0xe0, 0x0, 0x0, 0x0, 0x0, 0x0, 0x0,
    0x0, 0x0, 0xa, 0xff, 0xff, 0xf0,

    /* U+00C3 "Ã" */
    0x0, 0x0, 0x0, 0x0, 0x0, 0x0, 0x0, 0x0,
    0x0, 0x0, 0x0, 0x0, 0x0, 0x0, 0x0, 0x0,
    0x0, 0x0, 0x0, 0x0, 0x3, 0x99, 0x71, 0x0,
    0x6, 0x0, 0x0, 0x0, 0x0, 0x0, 0x0, 0x0,
    0x0, 0x0, 0x0, 0x6, 0xff, 0xff, 0xfa, 0x7b,
    0xfe, 0x70, 0x0, 0x0, 0x0, 0x0, 0x0, 0x0,
    0x0, 0x0, 0x3, 0xff, 0xff, 0xff, 0xff, 0xff,
    0xff, 0x20, 0x0, 0x0, 0x0, 0x0, 0x0, 0x0,
    0x0, 0x0, 0xbf, 0xff, 0xff, 0xff, 0xff, 0xff,
    0x90, 0x0, 0x0, 0x0, 0x0, 0x0, 0x0, 0x0,
    0x0, 0x1, 0xaf, 0xc2, 0x3a, 0xff, 0xff, 0xb0,
    0x0, 0x0, 0x0, 0x0, 0x0, 0x0, 0x0, 0x0,
    0x0, 0x0, 0x32, 0x0, 0x2, 0x89, 0x50, 0x0,
    0x0, 0x0, 0x0, 0x0, 0x0, 0x0, 0x0, 0x0,
    0x0, 0x0, 0x0, 0x0, 0x0, 0x0, 0x0, 0x0,
    0x0, 0x0, 0x0, 0x0, 0x0, 0x0, 0x0, 0x0,
    0x0, 0x0, 0x0, 0x0, 0x0, 0x0, 0x0, 0x0,
    0x0, 0x0, 0x0, 0x0, 0x0, 0x0, 0x0, 0x0,
    0x0, 0xd, 0xff, 0xff, 0xf2, 0x0, 0x0, 0x0,
    0x0, 0x0, 0x0, 0x0, 0x0, 0x0, 0x0, 0x0,
    0x4, 0xff, 0xff, 0xff, 0x90, 0x0, 0x0, 0x0,
    0x0, 0x0, 0x0, 0x0, 0x0, 0x0, 0x0, 0x0,
    0xbf, 0xff, 0xff, 0xff, 0x10, 0x0, 0x0, 0x0,
    0x0, 0x0, 0x0, 0x0, 0x0, 0x0, 0x0, 0x2f,
    0xff, 0xff, 0xff, 0xf7, 0x0, 0x0, 0x0, 0x0,
    0x0, 0x0, 0x0, 0x0, 0x0, 0x0, 0x9, 0xff,
    0xff, 0xff, 0xff, 0xe0, 0x0, 0x0, 0x0, 0x0,
    0x0, 0x0, 0x0, 0x0, 0x0, 0x1, 0xff, 0xff,
    0xff, 0xff, 0xff, 0x50, 0x0, 0x0, 0x0, 0x0,
    0x0, 0x0, 0x0, 0x0, 0x0, 0x7f, 0xff, 0xfe,
    0xaf, 0xff, 0xfc, 0x0, 0x0, 0x0, 0x0, 0x0,
    0x0, 0x0, 0x0, 0x0, 0xe, 0xff, 0xff, 0x83,
    0xff, 0xff, 0xf3, 0x0, 0x0, 0x0, 0x0, 0x0,
    0x0, 0x0, 0x0, 0x5, 0xff, 0xff, 0xf1, 0xc,
    0xff, 0xff, 0xa0, 0x0, 0x0, 0x0, 0x0, 0x0,
    0x0, 0x0, 0x0, 0xcf, 0xff, 0xfa, 0x0, 0x5f,
    0xff, 0xff, 0x20, 0x0, 0x0, 0x0, 0x0, 0x0,
    0x0, 0x0, 0x3f, 0xff, 0xff, 0x30, 0x0, 0xef,
    0xff, 0xf8, 0x0, 0x0, 0x0, 0x0, 0x0, 0x0,
    0x0, 0xa, 0xff, 0xff, 0xd0, 0x0, 0x8, 0xff,
    0xff, 0xf0, 0x0, 0x0, 0x0, 0x0, 0x0, 0x0,
    0x2, 0xff, 0xff, 0xf6, 0x0, 0x0, 0x1f, 0xff,
    0xff, 0x60, 0x0, 0x0, 0x0, 0x0, 0x0, 0x0,
    0x8f, 0xff, 0xff, 0x0, 0x0, 0x0, 0xaf, 0xff,
    0xfd, 0x0, 0x0, 0x0, 0x0, 0x0, 0x0, 0xf,
    0xff, 0xff, 0x80, 0x0, 0x0, 0x3, 0xff, 0xff,
    0xf4, 0x0, 0x0, 0x0, 0x0, 0x0, 0x6, 0xff,
    0xff, 0xf2, 0x0, 0x0, 0x0, 0xd, 0xff, 0xff,
    0xb0, 0x0, 0x0, 0x0, 0x0, 0x0, 0xdf, 0xff,
    0xfb, 0x0, 0x0, 0x0, 0x0, 0x6f, 0xff, 0xff,
    0x20, 0x0, 0x0, 0x0, 0x0, 0x4f, 0xff, 0xff,
    0x40, 0x0, 0x0, 0x0, 0x0, 0xef, 0xff, 0xf9,
    0x0, 0x0, 0x0, 0x0, 0xb, 0xff, 0xff, 0xff,
    0xff, 0xff, 0xff, 0xff, 0xff, 0xff, 0xff, 0xf1,
    0x0, 0x0, 0x0, 0x2, 0xff, 0xff, 0xff, 0xff,
    0xff, 0xff, 0xff, 0xff, 0xff, 0xff, 0xff, 0x70,
    0x0, 0x0, 0x0, 0x9f, 0xff, 0xff, 0xff, 0xff,
    0xff, 0xff, 0xff, 0xff, 0xff, 0xff, 0xfe, 0x0,
    0x0, 0x0, 0x1f, 0xff, 0xff, 0xff, 0xff, 0xff,
    0xff, 0xff, 0xff, 0xff, 0xff, 0xff, 0xf5, 0x0,
    0x0, 0x7, 0xff, 0xff, 0xfd, 0xdd, 0xdd, 0xdd,
    0xdd, 0xdd, 0xdd, 0xdf, 0xff, 0xff, 0xc0, 0x0,
    0x0, 0xef, 0xff, 0xfb, 0x0, 0x0, 0x0, 0x0,
    0x0, 0x0, 0x0, 0x6f, 0xff, 0xff, 0x30, 0x0,
    0x5f, 0xff, 0xff, 0x40, 0x0, 0x0, 0x0, 0x0,
    0x0, 0x0, 0x0, 0xef, 0xff, 0xfa, 0x0, 0xc,
    0xff, 0xff, 0xd0, 0x0, 0x0, 0x0, 0x0, 0x0,
    0x0, 0x0, 0x8, 0xff, 0xff, 0xf2, 0x3, 0xff,
    0xff, 0xf5, 0x0, 0x0, 0x0, 0x0, 0x0, 0x0,
    0x0, 0x0, 0x1f, 0xff, 0xff, 0x80, 0xaf, 0xff,
    0xfe, 0x0, 0x0, 0x0, 0x0, 0x0, 0x0, 0x0,
    0x0, 0x0, 0xaf, 0xff, 0xff, 0x0,

    /* U+00C4 "Ä" */
    0x0, 0x0, 0x0, 0x0, 0x0, 0x10, 0x0, 0x0,
    0x0, 0x0, 0x0, 0x0, 0x0, 0x0, 0x0, 0x0,
    0x0, 0x0, 0x0, 0x7, 0xff, 0xc2, 0x0, 0x0,
    0xb, 0xff, 0xa0, 0x0, 0x0, 0x0, 0x0, 0x0,
    0x0, 0x0, 0x3, 0xff, 0xff, 0xb0, 0x0, 0x8,
    0xff, 0xff, 0x70, 0x0, 0x0, 0x0, 0x0, 0x0,
    0x0, 0x0, 0x6f, 0xff, 0xfe, 0x0, 0x0, 0xbf,
    0xff, 0xfa, 0x0, 0x0, 0x0, 0x0, 0x0, 0x0,
    0x0, 0x4, 0xff, 0xff, 0xb0, 0x0, 0x8, 0xff,
    0xff, 0x70, 0x0, 0x0, 0x0, 0x0, 0x0, 0x0,
    0x0, 0x8, 0xff, 0xc2, 0x0, 0x0, 0xb, 0xff,
    0xa0, 0x0, 0x0, 0x0, 0x0, 0x0, 0x0, 0x0,
    0x0, 0x0, 0x10, 0x0, 0x0, 0x0, 0x0, 0x0,
    0x0, 0x0, 0x0, 0x0, 0x0, 0x0, 0x0, 0x0,
    0x0, 0x0, 0x0, 0x0, 0x0, 0x0, 0x0, 0x0,
    0x0, 0x0, 0x0, 0x0, 0x0, 0x0, 0x0, 0x0,
    0x0, 0x0, 0xdf, 0xff, 0xff, 0x20, 0x0, 0x0,
    0x0, 0x0, 0x0, 0x0, 0x0, 0x0, 0x0, 0x0,
    0x0, 0x5f, 0xff, 0xff, 0xf9, 0x0, 0x0, 0x0,
    0x0, 0x0, 0x0, 0x0, 0x0, 0x0, 0x0, 0x0,
    0xc, 0xff, 0xff, 0xff, 0xf1, 0x0, 0x0, 0x0,
    0x0, 0x0, 0x0, 0x0, 0x0, 0x0, 0x0, 0x2,
    0xff, 0xff, 0xff, 0xff, 0x70, 0x0, 0x0, 0x0,
    0x0, 0x0, 0x0, 0x0, 0x0, 0x0, 0x0, 0xaf,
    0xff, 0xff, 0xff, 0xfe, 0x0, 0x0, 0x0, 0x0,
    0x0, 0x0, 0x0, 0x0, 0x0, 0x0, 0x1f, 0xff,
    0xff, 0xff, 0xff, 0xf5, 0x0, 0x0, 0x0, 0x0,
    0x0, 0x0, 0x0, 0x0, 0x0, 0x8, 0xff, 0xff,
    0xea, 0xff, 0xff, 0xc0, 0x0, 0x0, 0x0, 0x0,
    0x0, 0x0, 0x0, 0x0, 0x0, 0xef, 0xff, 0xf8,
    0x3f, 0xff, 0xff, 0x30, 0x0, 0x0, 0x0, 0x0,
    0x0, 0x0, 0x0, 0x0, 0x5f, 0xff, 0xff, 0x10,
    0xcf, 0xff, 0xfa, 0x0, 0x0, 0x0, 0x0, 0x0,
    0x0, 0x0, 0x0, 0xc, 0xff, 0xff, 0xa0, 0x5,
    0xff, 0xff, 0xf2, 0x0, 0x0, 0x0, 0x0, 0x0,
    0x0, 0x0, 0x3, 0xff, 0xff, 0xf3, 0x0, 0xe,
    0xff, 0xff, 0x80, 0x0, 0x0, 0x0, 0x0, 0x0,
    0x0, 0x0, 0xaf, 0xff, 0xfd, 0x0, 0x0, 0x8f,
    0xff, 0xff, 0x0, 0x0, 0x0, 0x0, 0x0, 0x0,
    0x0, 0x2f, 0xff, 0xff, 0x60, 0x0, 0x1, 0xff,
    0xff, 0xf6, 0x0, 0x0, 0x0, 0x0, 0x0, 0x0,
    0x8, 0xff, 0xff, 0xf0, 0x0, 0x0, 0xa, 0xff,
    0xff, 0xd0, 0x0, 0x0, 0x0, 0x0, 0x0, 0x0,
    0xff, 0xff, 0xf9, 0x0, 0x0, 0x0, 0x3f, 0xff,
    0xff, 0x40, 0x0, 0x0, 0x0, 0x0, 0x0, 0x6f,
    0xff, 0xff, 0x20, 0x0, 0x0, 0x0, 0xdf, 0xff,
    0xfb, 0x0, 0x0, 0x0, 0x0, 0x0, 0xd, 0xff,
    0xff, 0xb0, 0x0, 0x0, 0x0, 0x6, 0xff, 0xff,
    0xf2, 0x0, 0x0, 0x0, 0x0, 0x4, 0xff, 0xff,
    0xf4, 0x0, 0x0, 0x0, 0x0, 0xe, 0xff, 0xff,
    0x90, 0x0, 0x0, 0x0, 0x0, 0xbf, 0xff, 0xff,
    0xff, 0xff, 0xff, 0xff, 0xff, 0xff, 0xff, 0xff,
    0x10, 0x0, 0x0, 0x0, 0x2f, 0xff, 0xff, 0xff,
    0xff, 0xff, 0xff, 0xff, 0xff, 0xff, 0xff, 0xf7,
    0x0, 0x0, 0x0, 0x9, 0xff, 0xff, 0xff, 0xff,
    0xff, 0xff, 0xff, 0xff, 0xff, 0xff, 0xff, 0xe0,
    0x0, 0x0, 0x1, 0xff, 0xff, 0xff, 0xff, 0xff,
    0xff, 0xff, 0xff, 0xff, 0xff, 0xff, 0xff, 0x50,
    0x0, 0x0, 0x7f, 0xff, 0xff, 0xdd, 0xdd, 0xdd,
    0xdd, 0xdd, 0xdd, 0xdd, 0xff, 0xff, 0xfc, 0x0,
    0x0, 0xe, 0xff, 0xff, 0xb0, 0x0, 0x0, 0x0,
    0x0, 0x0, 0x0, 0x6, 0xff, 0xff, 0xf3, 0x0,
    0x5, 0xff, 0xff, 0xf4, 0x0, 0x0, 0x0, 0x0,
    0x0, 0x0, 0x0, 0xe, 0xff, 0xff, 0xa0, 0x0,
    0xcf, 0xff, 0xfd, 0x0, 0x0, 0x0, 0x0, 0x0,
    0x0, 0x0, 0x0, 0x8f, 0xff, 0xff, 0x20, 0x3f,
    0xff, 0xff, 0x50, 0x0, 0x0, 0x0, 0x0, 0x0,
    0x0, 0x0, 0x1, 0xff, 0xff, 0xf8, 0xa, 0xff,
    0xff, 0xe0, 0x0, 0x0, 0x0, 0x0, 0x0, 0x0,
    0x0, 0x0, 0xa, 0xff, 0xff, 0xf0,

    /* U+00C5 "Å" */
    0x0, 0x0, 0x0, 0x0, 0x0, 0x0, 0x4b, 0xef,
    0xc7, 0x0, 0x0, 0x0, 0x0, 0x0, 0x0, 0x0,
    0x0, 0x0, 0x0, 0x0, 0x0, 0x9f, 0xff, 0xff,
    0xfd, 0x10, 0x0, 0x0, 0x0, 0x0, 0x0, 0x0,
    0x0, 0x0, 0x0, 0x0, 0x6f, 0xff, 0xdc, 0xff,
    0xfa, 0x0, 0x0, 0x0, 0x0, 0x0, 0x0, 0x0,
    0x0, 0x0, 0x0, 0xc, 0xff, 0x50, 0x3, 0xff,
    0xf0, 0x0, 0x0, 0x0, 0x0, 0x0, 0x0, 0x0,
    0x0, 0x0, 0x0, 0xff, 0xe0, 0x0, 0xb, 0xff,
    0x30, 0x0, 0x0, 0x0, 0x0, 0x0, 0x0, 0x0,
    0x0, 0x0, 0xf, 0xff, 0x10, 0x0, 0xdf, 0xf3,
    0x0, 0x0, 0x0, 0x0, 0x0, 0x0, 0x0, 0x0,
    0x0, 0x0, 0xaf, 0xfd, 0x65, 0xbf, 0xfe, 0x0,
    0x0, 0x0, 0x0, 0x0, 0x0, 0x0, 0x0, 0x0,
    0x0, 0x2, 0xef, 0xff, 0xff, 0xff, 0x50, 0x0,
    0x0, 0x0, 0x0, 0x0, 0x0, 0x0, 0x0, 0x0,
    0x0, 0x2, 0xef, 0xff, 0xff, 0x40, 0x0, 0x0,
    0x0, 0x0, 0x0, 0x0, 0x0, 0x0, 0x0, 0x0,
    0x0, 0x1f, 0xff, 0xff, 0xf5, 0x0, 0x0, 0x0,
    0x0, 0x0, 0x0, 0x0, 0x0, 0x0, 0x0, 0x0,
    0x8, 0xff, 0xff, 0xff, 0xc0, 0x0, 0x0, 0x0,
    0x0, 0x0, 0x0, 0x0, 0x0, 0x0, 0x0, 0x0,
    0xef, 0xff, 0xff, 0xff, 0x30, 0x0, 0x0, 0x0,
    0x0, 0x0, 0x0, 0x0, 0x0, 0x0, 0x0, 0x6f,
    0xff, 0xff, 0xff, 0xfa, 0x0, 0x0, 0x0, 0x0,
    0x0, 0x0, 0x0, 0x0, 0x0, 0x0, 0xd, 0xff,
    0xff, 0xff, 0xff, 0xf2, 0x0, 0x0, 0x0, 0x0,
    0x0, 0x0, 0x0, 0x0, 0x0, 0x4, 0xff, 0xff,
    0xfd, 0xff, 0xff, 0x90, 0x0, 0x0, 0x0, 0x0,
    0x0, 0x0, 0x0, 0x0, 0x0, 0xcf, 0xff, 0xfa,
    0x5f, 0xff, 0xff, 0x10, 0x0, 0x0, 0x0, 0x0,
    0x0, 0x0, 0x0, 0x0, 0x3f, 0xff, 0xff, 0x30,
    0xef, 0xff, 0xf7, 0x0, 0x0, 0x0, 0x0, 0x0,
    0x0, 0x0, 0x0, 0xa, 0xff, 0xff, 0xc0, 0x7,
    0xff, 0xff, 0xe0, 0x0, 0x0, 0x0, 0x0, 0x0,
    0x0, 0x0, 0x1, 0xff, 0xff, 0xf5, 0x0, 0x1f,
    0xff, 0xff, 0x50, 0x0, 0x0, 0x0, 0x0, 0x0,
    0x0, 0x0, 0x8f, 0xff, 0xfe, 0x0, 0x0, 0x9f,
    0xff, 0xfd, 0x0, 0x0, 0x0, 0x0, 0x0, 0x0,
    0x0, 0xe, 0xff, 0xff, 0x70, 0x0, 0x2, 0xff,
    0xff, 0xf4, 0x0, 0x0, 0x0, 0x0, 0x0, 0x0,
    0x6, 0xff, 0xff, 0xf1, 0x0, 0x0, 0xb, 0xff,
    0xff, 0xb0, 0x0, 0x0, 0x0, 0x0, 0x0, 0x0,
    0xdf, 0xff, 0xf9, 0x0, 0x0, 0x0, 0x4f, 0xff,
    0xff, 0x20, 0x0, 0x0, 0x0, 0x0, 0x0, 0x5f,
    0xff, 0xff, 0x20, 0x0, 0x0, 0x0, 0xdf, 0xff,
    0xf9, 0x0, 0x0, 0x0, 0x0, 0x0, 0xc, 0xff,
    0xff, 0xb0, 0x0, 0x0, 0x0, 0x6, 0xff, 0xff,
    0xf1, 0x0, 0x0, 0x0, 0x0, 0x3, 0xff, 0xff,
    0xf4, 0x0, 0x0, 0x0, 0x0, 0xe, 0xff, 0xff,
    0x80, 0x0, 0x0, 0x0, 0x0, 0xaf, 0xff, 0xff,
    0xff, 0xff, 0xff, 0xff, 0xff, 0xff, 0xff, 0xfe,
    0x0, 0x0, 0x0, 0x0, 0x1f, 0xff, 0xff, 0xff,
    0xff, 0xff, 0xff, 0xff, 0xff, 0xff, 0xff, 0xf6,
    0x0, 0x0, 0x0, 0x8, 0xff, 0xff, 0xff, 0xff,
    0xff, 0xff, 0xff, 0xff, 0xff, 0xff, 0xff, 0xd0,
    0x0, 0x0, 0x0, 0xff, 0xff, 0xff, 0xff, 0xff,
    0xff, 0xff, 0xff, 0xff, 0xff, 0xff, 0xff, 0x40,
    0x0, 0x0, 0x7f, 0xff, 0xff, 0xdd, 0xdd, 0xdd,
    0xdd, 0xdd, 0xdd, 0xdd, 0xff, 0xff, 0xfc, 0x0,
    0x0, 0xd, 0xff, 0xff, 0xb0, 0x0, 0x0, 0x0,
    0x0, 0x0, 0x0, 0x6, 0xff, 0xff, 0xf3, 0x0,
    0x5, 0xff, 0xff, 0xf4, 0x0, 0x0, 0x0, 0x0,
    0x0, 0x0, 0x0, 0xe, 0xff, 0xff, 0xa0, 0x0,
    0xcf, 0xff, 0xfd, 0x0, 0x0, 0x0, 0x0, 0x0,
    0x0, 0x0, 0x0, 0x8f, 0xff, 0xff, 0x10, 0x3f,
    0xff, 0xff, 0x50, 0x0, 0x0, 0x0, 0x0, 0x0,
    0x0, 0x0, 0x1, 0xff, 0xff, 0xf8, 0xa, 0xff,
    0xff, 0xe0, 0x0, 0x0, 0x0, 0x0, 0x0, 0x0,
    0x0, 0x0, 0xa, 0xff, 0xff, 0xf0,

    /* U+00C6 "Æ" */
    0x0, 0x0, 0x0, 0x0, 0x0, 0x0, 0x0, 0x0,
    0xc, 0xff, 0xff, 0xff, 0xff, 0xff, 0xff, 0xff,
    0xff, 0x50, 0x0, 0x0, 0x0, 0x0, 0x0, 0x0,
    0x0, 0x6, 0xff, 0xff, 0xff, 0xff, 0xff, 0xff,
    0xff, 0xff, 0xf5, 0x0, 0x0, 0x0, 0x0, 0x0,
    0x0, 0x0, 0x1, 0xff, 0xff, 0xff, 0xff, 0xff,
    0xff, 0xff, 0xff, 0xff, 0x50, 0x0, 0x0, 0x0,
    0x0, 0x0, 0x0, 0x0, 0xaf, 0xff, 0xff, 0xff,
    0xff, 0xff, 0xff, 0xff, 0xff, 0xf5, 0x0, 0x0,
    0x0, 0x0, 0x0, 0x0, 0x0, 0x4f, 0xff, 0xff,
    0xff, 0xfe, 0xee, 0xee, 0xee, 0xee, 0xee, 0x40,
    0x0, 0x0, 0x0, 0x0, 0x0, 0x0, 0xd, 0xff,
    0xff, 0xff, 0xff, 0x0, 0x0, 0x0, 0x0, 0x0,
    0x0, 0x0, 0x0, 0x0, 0x0, 0x0, 0x0, 0x8,
    0xff, 0xff, 0xff, 0xff, 0xf0, 0x0, 0x0, 0x0,
    0x0, 0x0, 0x0, 0x0, 0x0, 0x0, 0x0, 0x0,
    0x2, 0xff, 0xff, 0xf9, 0xff, 0xff, 0x0, 0x0,
    0x0, 0x0, 0x0, 0x0, 0x0, 0x0, 0x0, 0x0,
    0x0, 0x0, 0xcf, 0xff, 0xf7, 0x9f, 0xff, 0xf0,
    0x0, 0x0, 0x0, 0x0, 0x0, 0x0, 0x0, 0x0,
    0x0, 0x0, 0x0, 0x5f, 0xff, 0xfe, 0xa, 0xff,
    0xff, 0x0, 0x0, 0x0, 0x0, 0x0, 0x0, 0x0,
    0x0, 0x0, 0x0, 0x0, 0x1e, 0xff, 0xff, 0x60,
    0xbf, 0xff, 0xf0, 0x0, 0x0, 0x0, 0x0, 0x0,
    0x0, 0x0, 0x0, 0x0, 0x0, 0x9, 0xff, 0xff,
    0xd0, 0xc, 0xff, 0xff, 0x0, 0x0, 0x0, 0x0,
    0x0, 0x0, 0x0, 0x0, 0x0, 0x0, 0x3, 0xff,
    0xff, 0xf5, 0x0, 0xdf, 0xff, 0xff, 0xff, 0xff,
    0xff, 0xff, 0xfe, 0x0, 0x0, 0x0, 0x0, 0x0,
    0xdf, 0xff, 0xfc, 0x0, 0xd, 0xff, 0xff, 0xff,
    0xff, 0xff, 0xff, 0xff, 0xe0, 0x0, 0x0, 0x0,
    0x0, 0x7f, 0xff, 0xff, 0x40, 0x0, 0xdf, 0xff,
    0xff, 0xff, 0xff, 0xff, 0xff, 0xfe, 0x0, 0x0,
    0x0, 0x0, 0x1f, 0xff, 0xff, 0xc0, 0x0, 0xd,
    0xff, 0xff, 0xff, 0xff, 0xff, 0xff, 0xff, 0xe0,
    0x0, 0x0, 0x0, 0xb, 0xff, 0xff, 0xf3, 0x0,
    0x0, 0xdf, 0xff, 0xfc, 0xcc, 0xcc, 0xcc, 0xcc,
    0xcb, 0x0, 0x0, 0x0, 0x5, 0xff, 0xff, 0xfa,
    0x0, 0x0, 0xd, 0xff, 0xff, 0x0, 0x0, 0x0,
    0x0, 0x0, 0x0, 0x0, 0x0, 0x0, 0xef, 0xff,
    0xff, 0xff, 0xff, 0xff, 0xff, 0xff, 0xf0, 0x0,
    0x0, 0x0, 0x0, 0x0, 0x0, 0x0, 0x0, 0x8f,
    0xff, 0xff, 0xff, 0xff, 0xff, 0xff, 0xff, 0xff,
    0x0, 0x0, 0x0, 0x0, 0x0, 0x0, 0x0, 0x0,
    0x3f, 0xff, 0xff, 0xff, 0xff, 0xff, 0xff, 0xff,
    0xff, 0xf0, 0x0, 0x0, 0x0, 0x0, 0x0, 0x0,
    0x0, 0xc, 0xff, 0xff, 0xff, 0xff, 0xff, 0xff,
    0xff, 0xff, 0xff, 0x0, 0x0, 0x0, 0x0, 0x0,
    0x0, 0x0, 0x6, 0xff, 0xff, 0xfc, 0x99, 0x99,
    0x99, 0x99, 0xff, 0xff, 0xf0, 0x0, 0x0, 0x0,
    0x0, 0x0, 0x0, 0x1, 0xef, 0xff, 0xfe, 0x10,
    0x0, 0x0, 0x0, 0xd, 0xff, 0xff, 0xff, 0xff,
    0xff, 0xff, 0xff, 0xf7, 0x0, 0xaf, 0xff, 0xff,
    0x50, 0x0, 0x0, 0x0, 0x0, 0xdf, 0xff, 0xff,
    0xff, 0xff, 0xff, 0xff, 0xff, 0x70, 0x4f, 0xff,
    0xff, 0xa0, 0x0, 0x0, 0x0, 0x0, 0xd, 0xff,
    0xff, 0xff, 0xff, 0xff, 0xff, 0xff, 0xf7, 0xd,
    0xff, 0xff, 0xe1, 0x0, 0x0, 0x0, 0x0, 0x0,
    0xdf, 0xff, 0xff, 0xff, 0xff, 0xff, 0xff, 0xff,
    0x78, 0xff, 0xff, 0xf6, 0x0, 0x0, 0x0, 0x0,
    0x0, 0xd, 0xff, 0xff, 0xff, 0xff, 0xff, 0xff,
    0xff, 0xf7,

    /* U+00C7 "Ç" */
    0x0, 0x0, 0x0, 0x0, 0x0, 0x3, 0x46, 0x76,
    0x42, 0x0, 0x0, 0x0, 0x0, 0x0, 0x0, 0x0,
    0x5, 0xaf, 0xff, 0xff, 0xff, 0xfd, 0x92, 0x0,
    0x0, 0x0, 0x0, 0x0, 0x4d, 0xff, 0xff, 0xff,
    0xff, 0xff, 0xff, 0xf9, 0x10, 0x0, 0x0, 0x0,
    0x9f, 0xff, 0xff, 0xff, 0xff, 0xff, 0xff, 0xff,
    0xfe, 0x30, 0x0, 0x0, 0xaf, 0xff, 0xff, 0xff,
    0xff, 0xff, 0xff, 0xff, 0xff, 0xff, 0x40, 0x0,
    0x9f, 0xff, 0xff, 0xff, 0xea, 0x97, 0x8a, 0xef,
    0xff, 0xff, 0xc0, 0x0, 0x5f, 0xff, 0xff, 0xfd,
    0x40, 0x0, 0x0, 0x0, 0x5d, 0xff, 0xc0, 0x0,
    0xe, 0xff, 0xff, 0xf8, 0x0, 0x0, 0x0, 0x0,
    0x0, 0x8, 0xc0, 0x0, 0x6, 0xff, 0xff, 0xf8,
    0x0, 0x0, 0x0, 0x0, 0x0, 0x0, 0x0, 0x0,
    0x0, 0xdf, 0xff, 0xfc, 0x0, 0x0, 0x0, 0x0,
    0x0, 0x0, 0x0, 0x0, 0x0, 0x2f, 0xff, 0xff,
    0x30, 0x0, 0x0, 0x0, 0x0, 0x0, 0x0, 0x0,
    0x0, 0x6, 0xff, 0xff, 0xd0, 0x0, 0x0, 0x0,
    0x0, 0x0, 0x0, 0x0, 0x0, 0x0, 0xaf, 0xff,
    0xf8, 0x0, 0x0, 0x0, 0x0, 0x0, 0x0, 0x0,
    0x0, 0x0, 0xb, 0xff, 0xff, 0x50, 0x0, 0x0,
    0x0, 0x0, 0x0, 0x0, 0x0, 0x0, 0x0, 0xdf,
    0xff, 0xf3, 0x0, 0x0, 0x0, 0x0, 0x0, 0x0,
    0x0, 0x0, 0x0, 0xd, 0xff, 0xff, 0x30, 0x0,
    0x0, 0x0, 0x0, 0x0, 0x0, 0x0, 0x0, 0x0,
    0xcf, 0xff, 0xf4, 0x0, 0x0, 0x0, 0x0, 0x0,
    0x0, 0x0, 0x0, 0x0, 0xb, 0xff, 0xff, 0x70,
    0x0, 0x0, 0x0, 0x0, 0x0, 0x0, 0x0, 0x0,
    0x0, 0x8f, 0xff, 0xfb, 0x0, 0x0, 0x0, 0x0,
    0x0, 0x0, 0x0, 0x0, 0x0, 0x4, 0xff, 0xff,
    0xf1, 0x0, 0x0, 0x0, 0x0, 0x0, 0x0, 0x0,
    0x0, 0x0, 0xf, 0xff, 0xff, 0x90, 0x0, 0x0,
    0x0, 0x0, 0x0, 0x0, 0x0, 0x0, 0x0, 0x9f,
    0xff, 0xff, 0x40, 0x0, 0x0, 0x0, 0x0, 0x0,
    0x0, 0x0, 0x0, 0x2, 0xff, 0xff, 0xff, 0x40,
    0x0, 0x0, 0x0, 0x0, 0x0, 0x5e, 0x20, 0x0,
    0x8, 0xff, 0xff, 0xff, 0x91, 0x0, 0x0, 0x0,
    0x2, 0xaf, 0xfe, 0x20, 0x0, 0xd, 0xff, 0xff,
    0xff, 0xfc, 0x86, 0x56, 0x8d, 0xff, 0xff, 0xfe,
    0x20, 0x0, 0x1e, 0xff, 0xff, 0xff, 0xff, 0xff,
    0xff, 0xff, 0xff, 0xff, 0xfb, 0x0, 0x0, 0x2c,
    0xff, 0xff, 0xff, 0xff, 0xff, 0xff, 0xff, 0xff,
    0xfb, 0x0, 0x0, 0x0, 0x8, 0xff, 0xff, 0xff,
    0xff, 0xff, 0xff, 0xff, 0xe6, 0x0, 0x0, 0x0,
    0x0, 0x1, 0x7d, 0xff, 0xff, 0xff, 0xff, 0xfc,
    0x70, 0x0, 0x0, 0x0, 0x0, 0x0, 0x0, 0x0,
    0x6f, 0xff, 0x96, 0x41, 0x0, 0x0, 0x0, 0x0,
    0x0, 0x0, 0x0, 0x0, 0x7, 0xff, 0xf0, 0x0,
    0x0, 0x0, 0x0, 0x0, 0x0, 0x0, 0x0, 0x0,
    0x0, 0xcf, 0xfe, 0x73, 0x0, 0x0, 0x0, 0x0,
    0x0, 0x0, 0x0, 0x0, 0x0, 0x1f, 0xff, 0xff,
    0xf9, 0x0, 0x0, 0x0, 0x0, 0x0, 0x0, 0x0,
    0x0, 0x1, 0xcd, 0xbe, 0xff, 0xf6, 0x0, 0x0,
    0x0, 0x0, 0x0, 0x0, 0x0, 0x0, 0x0, 0x0,
    0x1f, 0xff, 0xb0, 0x0, 0x0, 0x0, 0x0, 0x0,
    0x0, 0x0, 0x7, 0x0, 0x1, 0xff, 0xfc, 0x0,
    0x0, 0x0, 0x0, 0x0, 0x0, 0x0, 0x1c, 0xfd,
    0x87, 0xdf, 0xff, 0x90, 0x0, 0x0, 0x0, 0x0,
    0x0, 0x0, 0x3, 0xff, 0xff, 0xff, 0xff, 0xf2,
    0x0, 0x0, 0x0, 0x0, 0x0, 0x0, 0x0, 0x3,
    0xdf, 0xff, 0xff, 0xf5, 0x0, 0x0, 0x0, 0x0,
    0x0, 0x0, 0x0, 0x0, 0x0, 0x5a, 0xbb, 0x71,
    0x0, 0x0, 0x0, 0x0, 0x0, 0x0, 0x0, 0x0,
    0x0, 0x0, 0x0, 0x0, 0x0, 0x0, 0x0, 0x0,
    0x0,

    /* U+00C8 "È" */
    0x0, 0x0, 0x3, 0xff, 0xff, 0xf6, 0x0, 0x0,
    0x0, 0x0, 0x0, 0x0, 0x0, 0x0, 0x6f, 0xff,
    0xfe, 0x0, 0x0, 0x0, 0x0, 0x0, 0x0, 0x0,
    0x0, 0xa, 0xff, 0xff, 0x80, 0x0, 0x0, 0x0,
    0x0, 0x0, 0x0, 0x0, 0x0, 0xcf, 0xff, 0xf1,
    0x0, 0x0, 0x0, 0x0, 0x0, 0x0, 0x0, 0x0,
    0x1e, 0xff, 0xf9, 0x0, 0x0, 0x0, 0x0, 0x0,
    0x0, 0x0, 0x0, 0x3, 0x99, 0x99, 0x0, 0x0,
    0x0, 0x0, 0x0, 0x0, 0x0, 0x0, 0x0, 0x0,
    0x0, 0x0, 0x0, 0x0, 0x0, 0x0, 0x0, 0x0,
    0x0, 0x0, 0x0, 0x0, 0x0, 0x0, 0x0, 0x0,
    0x2f, 0xff, 0xff, 0xff, 0xff, 0xff, 0xff, 0xff,
    0xff, 0xff, 0xf4, 0x2f, 0xff, 0xff, 0xff, 0xff,
    0xff, 0xff, 0xff, 0xff, 0xff, 0xf4, 0x2f, 0xff,
    0xff, 0xff, 0xff, 0xff, 0xff, 0xff, 0xff, 0xff,
    0xf4, 0x2f, 0xff, 0xff, 0xff, 0xff, 0xff, 0xff,
    0xff, 0xff, 0xff, 0xf4, 0x2f, 0xff, 0xff, 0xff,
    0xff, 0xff, 0xff, 0xff, 0xff, 0xff, 0xf4, 0x2f,
    0xff, 0xff, 0x0, 0x0, 0x0, 0x0, 0x0, 0x0,
    0x0, 0x0, 0x2f, 0xff, 0xfe, 0x0, 0x0, 0x0,
    0x0, 0x0, 0x0, 0x0, 0x0, 0x2f, 0xff, 0xfe,
    0x0, 0x0, 0x0, 0x0, 0x0, 0x0, 0x0, 0x0,
    0x2f, 0xff, 0xfe, 0x0, 0x0, 0x0, 0x0, 0x0,
    0x0, 0x0, 0x0, 0x2f, 0xff, 0xfe, 0x0, 0x0,
    0x0, 0x0, 0x0, 0x0, 0x0, 0x0, 0x2f, 0xff,
    0xfe, 0x0, 0x0, 0x0, 0x0, 0x0, 0x0, 0x0,
    0x0, 0x2f, 0xff, 0xfe, 0x0, 0x0, 0x0, 0x0,
    0x0, 0x0, 0x0, 0x0, 0x2f, 0xff, 0xff, 0xff,
    0xff, 0xff, 0xff, 0xff, 0xff, 0xff, 0xb0, 0x2f,
    0xff, 0xff, 0xff, 0xff, 0xff, 0xff, 0xff, 0xff,
    0xff, 0xb0, 0x2f, 0xff, 0xff, 0xff, 0xff, 0xff,
    0xff, 0xff, 0xff, 0xff, 0xb0, 0x2f, 0xff, 0xff,
    0xff, 0xff, 0xff, 0xff, 0xff, 0xff, 0xff, 0xb0,
    0x2f, 0xff, 0xff, 0xdd, 0xdd, 0xdd, 0xdd, 0xdd,
    0xdd, 0xdd, 0x90, 0x2f, 0xff, 0xfe, 0x0, 0x0,
    0x0, 0x0, 0x0, 0x0, 0x0, 0x0, 0x2f, 0xff,
    0xfe, 0x0, 0x0, 0x0, 0x0, 0x0, 0x0, 0x0,
    0x0, 0x2f, 0xff, 0xfe, 0x0, 0x0, 0x0, 0x0,
    0x0, 0x0, 0x0, 0x0, 0x2f, 0xff, 0xfe, 0x0,
    0x0, 0x0, 0x0, 0x0, 0x0, 0x0, 0x0, 0x2f,
    0xff, 0xfe, 0x0, 0x0, 0x0, 0x0, 0x0, 0x0,
    0x0, 0x0, 0x2f, 0xff, 0xff, 0x11, 0x11, 0x11,
    0x11, 0x11, 0x11, 0x11, 0x10, 0x2f, 0xff, 0xff,
    0xff, 0xff, 0xff, 0xff, 0xff, 0xff, 0xff, 0xf4,
    0x2f, 0xff, 0xff, 0xff, 0xff, 0xff, 0xff, 0xff,
    0xff, 0xff, 0xf4, 0x2f, 0xff, 0xff, 0xff, 0xff,
    0xff, 0xff, 0xff, 0xff, 0xff, 0xf4, 0x2f, 0xff,
    0xff, 0xff, 0xff, 0xff, 0xff, 0xff, 0xff, 0xff,
    0xf4, 0x2f, 0xff, 0xff, 0xff, 0xff, 0xff, 0xff,
    0xff, 0xff, 0xff, 0xf4,

    /* U+00C9 "É" */
    0x0, 0x0, 0x0, 0x0, 0x0, 0x6, 0xff, 0xff,
    0xf2, 0x0, 0x0, 0x0, 0x0, 0x0, 0x0, 0x0,
    0xe, 0xff, 0xff, 0x50, 0x0, 0x0, 0x0, 0x0,
    0x0, 0x0, 0x0, 0x7f, 0xff, 0xf8, 0x0, 0x0,
    0x0, 0x0, 0x0, 0x0, 0x0, 0x0, 0xef, 0xff,
    0xb0, 0x0, 0x0, 0x0, 0x0, 0x0, 0x0, 0x0,
    0x7, 0xff, 0xfe, 0x10, 0x0, 0x0, 0x0, 0x0,
    0x0, 0x0, 0x0, 0x7, 0x77, 0x73, 0x0, 0x0,
    0x0, 0x0, 0x0, 0x0, 0x0, 0x0, 0x0, 0x0,
    0x0, 0x0, 0x0, 0x0, 0x0, 0x0, 0x0, 0x0,
    0x0, 0x0, 0x0, 0x0, 0x0, 0x0, 0x0, 0x0,
    0x2f, 0xff, 0xff, 0xff, 0xff, 0xff, 0xff, 0xff,
    0xff, 0xff, 0xf4, 0x2f, 0xff, 0xff, 0xff, 0xff,
    0xff, 0xff, 0xff, 0xff, 0xff, 0xf4, 0x2f, 0xff,
    0xff, 0xff, 0xff, 0xff, 0xff, 0xff, 0xff, 0xff,
    0xf4, 0x2f, 0xff, 0xff, 0xff, 0xff, 0xff, 0xff,
    0xff, 0xff, 0xff, 0xf4, 0x2f, 0xff, 0xff, 0xff,
    0xff, 0xff, 0xff, 0xff, 0xff, 0xff, 0xf4, 0x2f,
    0xff, 0xff, 0x0, 0x0, 0x0, 0x0, 0x0, 0x0,
    0x0, 0x0, 0x2f, 0xff, 0xff, 0x0, 0x0, 0x0,
    0x0, 0x0, 0x0, 0x0, 0x0, 0x2f, 0xff, 0xff,
    0x0, 0x0, 0x0, 0x0, 0x0, 0x0, 0x0, 0x0,
    0x2f, 0xff, 0xff, 0x0, 0x0, 0x0, 0x0, 0x0,
    0x0, 0x0, 0x0, 0x2f, 0xff, 0xff, 0x0, 0x0,
    0x0, 0x0, 0x0, 0x0, 0x0, 0x0, 0x2f, 0xff,
    0xff, 0x0, 0x0, 0x0, 0x0, 0x0, 0x0, 0x0,
    0x0, 0x2f, 0xff, 0xff, 0x0, 0x0, 0x0, 0x0,
    0x0, 0x0, 0x0, 0x0, 0x2f, 0xff, 0xff, 0xff,
    0xff, 0xff, 0xff, 0xff, 0xff, 0xff, 0xb0, 0x2f,
    0xff, 0xff, 0xff, 0xff, 0xff, 0xff, 0xff, 0xff,
    0xff, 0xb0, 0x2f, 0xff, 0xff, 0xff, 0xff, 0xff,
    0xff, 0xff, 0xff, 0xff, 0xb0, 0x2f, 0xff, 0xff,
    0xff, 0xff, 0xff, 0xff, 0xff, 0xff, 0xff, 0xb0,
    0x2f, 0xff, 0xff, 0xdd, 0xdd, 0xdd, 0xdd, 0xdd,
    0xdd, 0xdd, 0x90, 0x2f, 0xff, 0xff, 0x0, 0x0,
    0x0, 0x0, 0x0, 0x0, 0x0, 0x0, 0x2f, 0xff,
    0xff, 0x0, 0x0, 0x0, 0x0, 0x0, 0x0, 0x0,
    0x0, 0x2f, 0xff, 0xff, 0x0, 0x0, 0x0, 0x0,
    0x0, 0x0, 0x0, 0x0, 0x2f, 0xff, 0xff, 0x0,
    0x0, 0x0, 0x0, 0x0, 0x0, 0x0, 0x0, 0x2f,
    0xff, 0xff, 0x0, 0x0, 0x0, 0x0, 0x0, 0x0,
    0x0, 0x0, 0x2f, 0xff, 0xff, 0x22, 0x22, 0x22,
    0x22, 0x22, 0x22, 0x22, 0x20, 0x2f, 0xff, 0xff,
    0xff, 0xff, 0xff, 0xff, 0xff, 0xff, 0xff, 0xf4,
    0x2f, 0xff, 0xff, 0xff, 0xff, 0xff, 0xff, 0xff,
    0xff, 0xff, 0xf4, 0x2f, 0xff, 0xff, 0xff, 0xff,
    0xff, 0xff, 0xff, 0xff, 0xff, 0xf4, 0x2f, 0xff,
    0xff, 0xff, 0xff, 0xff, 0xff, 0xff, 0xff, 0xff,
    0xf4, 0x2f, 0xff, 0xff, 0xff, 0xff, 0xff, 0xff,
    0xff, 0xff, 0xff, 0xf4,

    /* U+00CA "Ê" */
    0x0, 0x0, 0x0, 0x0, 0x0, 0xcf, 0xfc, 0x10,
    0x0, 0x0, 0x0, 0x0, 0x0, 0x0, 0x0, 0x1c,
    0xff, 0xff, 0xd1, 0x0, 0x0, 0x0, 0x0, 0x0,
    0x0, 0x1, 0xdf, 0xff, 0xff, 0xfe, 0x20, 0x0,
    0x0, 0x0, 0x0, 0x0, 0x1d, 0xff, 0xfb, 0xcf,
    0xff, 0xe3, 0x0, 0x0, 0x0, 0x0, 0x2, 0xef,
    0xff, 0xb0, 0xb, 0xff, 0xff, 0x40, 0x0, 0x0,
    0x0, 0x6, 0x77, 0x77, 0x0, 0x0, 0x77, 0x77,
    0x70, 0x0, 0x0, 0x0, 0x0, 0x0, 0x0, 0x0,
    0x0, 0x0, 0x0, 0x0, 0x0, 0x0, 0x0, 0x0,
    0x0, 0x0, 0x0, 0x0, 0x0, 0x0, 0x0, 0x0,
    0x2f, 0xff, 0xff, 0xff, 0xff, 0xff, 0xff, 0xff,
    0xff, 0xff, 0xf4, 0x2f, 0xff, 0xff, 0xff, 0xff,
    0xff, 0xff, 0xff, 0xff, 0xff, 0xf4, 0x2f, 0xff,
    0xff, 0xff, 0xff, 0xff, 0xff, 0xff, 0xff, 0xff,
    0xf4, 0x2f, 0xff, 0xff, 0xff, 0xff, 0xff, 0xff,
    0xff, 0xff, 0xff, 0xf4, 0x2f, 0xff, 0xff, 0xff,
    0xff, 0xff, 0xff, 0xff, 0xff, 0xff, 0xf4, 0x2f,
    0xff, 0xff, 0x0, 0x0, 0x0, 0x0, 0x0, 0x0,
    0x0, 0x0, 0x2f, 0xff, 0xfe, 0x0, 0x0, 0x0,
    0x0, 0x0, 0x0, 0x0, 0x0, 0x2f, 0xff, 0xfe,
    0x0, 0x0, 0x0, 0x0, 0x0, 0x0, 0x0, 0x0,
    0x2f, 0xff, 0xfe, 0x0, 0x0, 0x0, 0x0, 0x0,
    0x0, 0x0, 0x0, 0x2f, 0xff, 0xfe, 0x0, 0x0,
    0x0, 0x0, 0x0, 0x0, 0x0, 0x0, 0x2f, 0xff,
    0xfe, 0x0, 0x0, 0x0, 0x0, 0x0, 0x0, 0x0,
    0x0, 0x2f, 0xff, 0xfe, 0x0, 0x0, 0x0, 0x0,
    0x0, 0x0, 0x0, 0x0, 0x2f, 0xff, 0xff, 0xff,
    0xff, 0xff, 0xff, 0xff, 0xff, 0xff, 0xb0, 0x2f,
    0xff, 0xff, 0xff, 0xff, 0xff, 0xff, 0xff, 0xff,
    0xff, 0xb0, 0x2f, 0xff, 0xff, 0xff, 0xff, 0xff,
    0xff, 0xff, 0xff, 0xff, 0xb0, 0x2f, 0xff, 0xff,
    0xff, 0xff, 0xff, 0xff, 0xff, 0xff, 0xff, 0xb0,
    0x2f, 0xff, 0xff, 0xdd, 0xdd, 0xdd, 0xdd, 0xdd,
    0xdd, 0xdd, 0x90, 0x2f, 0xff, 0xfe, 0x0, 0x0,
    0x0, 0x0, 0x0, 0x0, 0x0, 0x0, 0x2f, 0xff,
    0xfe, 0x0, 0x0, 0x0, 0x0, 0x0, 0x0, 0x0,
    0x0, 0x2f, 0xff, 0xfe, 0x0, 0x0, 0x0, 0x0,
    0x0, 0x0, 0x0, 0x0, 0x2f, 0xff, 0xfe, 0x0,
    0x0, 0x0, 0x0, 0x0, 0x0, 0x0, 0x0, 0x2f,
    0xff, 0xfe, 0x0, 0x0, 0x0, 0x0, 0x0, 0x0,
    0x0, 0x0, 0x2f, 0xff, 0xff, 0x11, 0x11, 0x11,
    0x11, 0x11, 0x11, 0x11, 0x10, 0x2f, 0xff, 0xff,
    0xff, 0xff, 0xff, 0xff, 0xff, 0xff, 0xff, 0xf4,
    0x2f, 0xff, 0xff, 0xff, 0xff, 0xff, 0xff, 0xff,
    0xff, 0xff, 0xf4, 0x2f, 0xff, 0xff, 0xff, 0xff,
    0xff, 0xff, 0xff, 0xff, 0xff, 0xf4, 0x2f, 0xff,
    0xff, 0xff, 0xff, 0xff, 0xff, 0xff, 0xff, 0xff,
    0xf4, 0x2f, 0xff, 0xff, 0xff, 0xff, 0xff, 0xff,
    0xff, 0xff, 0xff, 0xf4,

    /* U+00CB "Ë" */
    0x0, 0x0, 0x0, 0x0, 0x0, 0x0, 0x0, 0x0,
    0x0, 0x0, 0x0, 0x0, 0x0, 0x2c, 0xfe, 0x40,
    0x0, 0x0, 0x4e, 0xfc, 0x20, 0x0, 0x0, 0x0,
    0xcf, 0xff, 0xf1, 0x0, 0x1, 0xff, 0xff, 0xc0,
    0x0, 0x0, 0x0, 0xff, 0xff, 0xf5, 0x0, 0x5,
    0xff, 0xff, 0xf0, 0x0, 0x0, 0x0, 0xff, 0xff,
    0xf3, 0x0, 0x3, 0xff, 0xff, 0xe0, 0x0, 0x0,
    0x0, 0x7f, 0xff, 0xc0, 0x0, 0x0, 0xcf, 0xff,
    0x70, 0x0, 0x0, 0x0, 0x4, 0x86, 0x0, 0x0,
    0x0, 0x6, 0x84, 0x0, 0x0, 0x0, 0x0, 0x0,
    0x0, 0x0, 0x0, 0x0, 0x0, 0x0, 0x0, 0x0,
    0x0, 0x0, 0x0, 0x0, 0x0, 0x0, 0x0, 0x0,
    0x0, 0x0, 0x0, 0x2f, 0xff, 0xff, 0xff, 0xff,
    0xff, 0xff, 0xff, 0xff, 0xff, 0xf4, 0x2f, 0xff,
    0xff, 0xff, 0xff, 0xff, 0xff, 0xff, 0xff, 0xff,
    0xf4, 0x2f, 0xff, 0xff, 0xff, 0xff, 0xff, 0xff,
    0xff, 0xff, 0xff, 0xf4, 0x2f, 0xff, 0xff, 0xff,
    0xff, 0xff, 0xff, 0xff, 0xff, 0xff, 0xf4, 0x2f,
    0xff, 0xff, 0xff, 0xff, 0xff, 0xff, 0xff, 0xff,
    0xff, 0xf4, 0x2f, 0xff, 0xff, 0x0, 0x0, 0x0,
    0x0, 0x0, 0x0, 0x0, 0x0, 0x2f, 0xff, 0xff,
    0x0, 0x0, 0x0, 0x0, 0x0, 0x0, 0x0, 0x0,
    0x2f, 0xff, 0xff, 0x0, 0x0, 0x0, 0x0, 0x0,
    0x0, 0x0, 0x0, 0x2f, 0xff, 0xff, 0x0, 0x0,
    0x0, 0x0, 0x0, 0x0, 0x0, 0x0, 0x2f, 0xff,
    0xff, 0x0, 0x0, 0x0, 0x0, 0x0, 0x0, 0x0,
    0x0, 0x2f, 0xff, 0xff, 0x0, 0x0, 0x0, 0x0,
    0x0, 0x0, 0x0, 0x0, 0x2f, 0xff, 0xff, 0x0,
    0x0, 0x0, 0x0, 0x0, 0x0, 0x0, 0x0, 0x2f,
    0xff, 0xff, 0xff, 0xff, 0xff, 0xff, 0xff, 0xff,
    0xff, 0xb0, 0x2f, 0xff, 0xff, 0xff, 0xff, 0xff,
    0xff, 0xff, 0xff, 0xff, 0xb0, 0x2f, 0xff, 0xff,
    0xff, 0xff, 0xff, 0xff, 0xff, 0xff, 0xff, 0xb0,
    0x2f, 0xff, 0xff, 0xff, 0xff, 0xff, 0xff, 0xff,
    0xff, 0xff, 0xb0, 0x2f, 0xff, 0xff, 0xdd, 0xdd,
    0xdd, 0xdd, 0xdd, 0xdd, 0xdd, 0x90, 0x2f, 0xff,
    0xff, 0x0, 0x0, 0x0, 0x0, 0x0, 0x0, 0x0,
    0x0, 0x2f, 0xff, 0xff, 0x0, 0x0, 0x0, 0x0,
    0x0, 0x0, 0x0, 0x0, 0x2f, 0xff, 0xff, 0x0,
    0x0, 0x0, 0x0, 0x0, 0x0, 0x0, 0x0, 0x2f,
    0xff, 0xff, 0x0, 0x0, 0x0, 0x0, 0x0, 0x0,
    0x0, 0x0, 0x2f, 0xff, 0xff, 0x0, 0x0, 0x0,
    0x0, 0x0, 0x0, 0x0, 0x0, 0x2f, 0xff, 0xff,
    0x22, 0x22, 0x22, 0x22, 0x22, 0x22, 0x22, 0x20,
    0x2f, 0xff, 0xff, 0xff, 0xff, 0xff, 0xff, 0xff,
    0xff, 0xff, 0xf4, 0x2f, 0xff, 0xff, 0xff, 0xff,
    0xff, 0xff, 0xff, 0xff, 0xff, 0xf4, 0x2f, 0xff,
    0xff, 0xff, 0xff, 0xff, 0xff, 0xff, 0xff, 0xff,
    0xf4, 0x2f, 0xff, 0xff, 0xff, 0xff, 0xff, 0xff,
    0xff, 0xff, 0xff, 0xf4, 0x2f, 0xff, 0xff, 0xff,
    0xff, 0xff, 0xff, 0xff, 0xff, 0xff, 0xf4,

    /* U+00CC "Ì" */
    0x69, 0x99, 0x99, 0x0, 0x0, 0x1e, 0xff, 0xff,
    0x70, 0x0, 0x4, 0xff, 0xff, 0xe0, 0x0, 0x0,
    0x7f, 0xff, 0xf8, 0x0, 0x0, 0xa, 0xff, 0xff,
    0x10, 0x0, 0x0, 0xdf, 0xff, 0x90, 0x0, 0x0,
    0x0, 0x0, 0x0, 0x0, 0x0, 0x0, 0x0, 0x0,
    0x0, 0x0, 0xff, 0xff, 0xf0, 0x0, 0x0, 0xff,
    0xff, 0xf0, 0x0, 0x0, 0xff, 0xff, 0xf0, 0x0,
    0x0, 0xff, 0xff, 0xf0, 0x0, 0x0, 0xff, 0xff,
    0xf0, 0x0, 0x0, 0xff, 0xff, 0xf0, 0x0, 0x0,
    0xff, 0xff, 0xf0, 0x0, 0x0, 0xff, 0xff, 0xf0,
    0x0, 0x0, 0xff, 0xff, 0xf0, 0x0, 0x0, 0xff,
    0xff, 0xf0, 0x0, 0x0, 0xff, 0xff, 0xf0, 0x0,
    0x0, 0xff, 0xff, 0xf0, 0x0, 0x0, 0xff, 0xff,
    0xf0, 0x0, 0x0, 0xff, 0xff, 0xf0, 0x0, 0x0,
    0xff, 0xff, 0xf0, 0x0, 0x0, 0xff, 0xff, 0xf0,
    0x0, 0x0, 0xff, 0xff, 0xf0, 0x0, 0x0, 0xff,
    0xff, 0xf0, 0x0, 0x0, 0xff, 0xff, 0xf0, 0x0,
    0x0, 0xff, 0xff, 0xf0, 0x0, 0x0, 0xff, 0xff,
    0xf0, 0x0, 0x0, 0xff, 0xff, 0xf0, 0x0, 0x0,
    0xff, 0xff, 0xf0, 0x0, 0x0, 0xff, 0xff, 0xf0,
    0x0, 0x0, 0xff, 0xff, 0xf0, 0x0, 0x0, 0xff,
    0xff, 0xf0, 0x0, 0x0, 0xff, 0xff, 0xf0, 0x0,
    0x0, 0xff, 0xff, 0xf0,

    /* U+00CD "Í" */
    0x0, 0x0, 0x77, 0x77, 0x74, 0x0, 0x7, 0xff,
    0xff, 0xd0, 0x0, 0x1f, 0xff, 0xfe, 0x10, 0x0,
    0xaf, 0xff, 0xf3, 0x0, 0x3, 0xff, 0xff, 0x40,
    0x0, 0x5, 0x77, 0x75, 0x0, 0x0, 0x0, 0x0,
    0x0, 0x0, 0x0, 0x0, 0x0, 0x0, 0x0, 0x0,
    0xf, 0xff, 0xff, 0x10, 0x0, 0xf, 0xff, 0xff,
    0x10, 0x0, 0xf, 0xff, 0xff, 0x10, 0x0, 0xf,
    0xff, 0xff, 0x10, 0x0, 0xf, 0xff, 0xff, 0x10,
    0x0, 0xf, 0xff, 0xff, 0x10, 0x0, 0xf, 0xff,
    0xff, 0x10, 0x0, 0xf, 0xff, 0xff, 0x10, 0x0,
    0xf, 0xff, 0xff, 0x10, 0x0, 0xf, 0xff, 0xff,
    0x10, 0x0, 0xf, 0xff, 0xff, 0x10, 0x0, 0xf,
    0xff, 0xff, 0x10, 0x0, 0xf, 0xff, 0xff, 0x10,
    0x0, 0xf, 0xff, 0xff, 0x10, 0x0, 0xf, 0xff,
    0xff, 0x10, 0x0, 0xf, 0xff, 0xff, 0x10, 0x0,
    0xf, 0xff, 0xff, 0x10, 0x0, 0xf, 0xff, 0xff,
    0x10, 0x0, 0xf, 0xff, 0xff, 0x10, 0x0, 0xf,
    0xff, 0xff, 0x10, 0x0, 0xf, 0xff, 0xff, 0x10,
    0x0, 0xf, 0xff, 0xff, 0x10, 0x0, 0xf, 0xff,
    0xff, 0x10, 0x0, 0xf, 0xff, 0xff, 0x10, 0x0,
    0xf, 0xff, 0xff, 0x10, 0x0, 0xf, 0xff, 0xff,
    0x10, 0x0, 0xf, 0xff, 0xff, 0x10, 0x0, 0xf,
    0xff, 0xff, 0x10, 0x0,

    /* U+00CE "Î" */
    0x0, 0x0, 0x0, 0x77, 0x71, 0x0, 0x0, 0x0,
    0x0, 0x0, 0xbf, 0xff, 0xd2, 0x0, 0x0, 0x0,
    0x0, 0xcf, 0xff, 0xff, 0xe2, 0x0, 0x0, 0x1,
    0xcf, 0xff, 0xff, 0xff, 0xe3, 0x0, 0x1, 0xdf,
    0xff, 0xc1, 0xbf, 0xff, 0xf4, 0x1, 0xdf, 0xff,
    0xc1, 0x0, 0xaf, 0xff, 0xf5, 0x0, 0x0, 0x0,
    0x0, 0x0, 0x0, 0x0, 0x0, 0x0, 0x0, 0x0,
    0x0, 0x0, 0x0, 0x0, 0x0, 0x0, 0xf, 0xff,
    0xff, 0x0, 0x0, 0x0, 0x0, 0x0, 0xff, 0xff,
    0xf0, 0x0, 0x0, 0x0, 0x0, 0xf, 0xff, 0xff,
    0x0, 0x0, 0x0, 0x0, 0x0, 0xff, 0xff, 0xf0,
    0x0, 0x0, 0x0, 0x0, 0xf, 0xff, 0xff, 0x0,
    0x0, 0x0, 0x0, 0x0, 0xff, 0xff, 0xf0, 0x0,
    0x0, 0x0, 0x0, 0xf, 0xff, 0xff, 0x0, 0x0,
    0x0, 0x0, 0x0, 0xff, 0xff, 0xf0, 0x0, 0x0,
    0x0, 0x0, 0xf, 0xff, 0xff, 0x0, 0x0, 0x0,
    0x0, 0x0, 0xff, 0xff, 0xf0, 0x0, 0x0, 0x0,
    0x0, 0xf, 0xff, 0xff, 0x0, 0x0, 0x0, 0x0,
    0x0, 0xff, 0xff, 0xf0, 0x0, 0x0, 0x0, 0x0,
    0xf, 0xff, 0xff, 0x0, 0x0, 0x0, 0x0, 0x0,
    0xff, 0xff, 0xf0, 0x0, 0x0, 0x0, 0x0, 0xf,
    0xff, 0xff, 0x0, 0x0, 0x0, 0x0, 0x0, 0xff,
    0xff, 0xf0, 0x0, 0x0, 0x0, 0x0, 0xf, 0xff,
    0xff, 0x0, 0x0, 0x0, 0x0, 0x0, 0xff, 0xff,
    0xf0, 0x0, 0x0, 0x0, 0x0, 0xf, 0xff, 0xff,
    0x0, 0x0, 0x0, 0x0, 0x0, 0xff, 0xff, 0xf0,
    0x0, 0x0, 0x0, 0x0, 0xf, 0xff, 0xff, 0x0,
    0x0, 0x0, 0x0, 0x0, 0xff, 0xff, 0xf0, 0x0,
    0x0, 0x0, 0x0, 0xf, 0xff, 0xff, 0x0, 0x0,
    0x0, 0x0, 0x0, 0xff, 0xff, 0xf0, 0x0, 0x0,
    0x0, 0x0, 0xf, 0xff, 0xff, 0x0, 0x0, 0x0,
    0x0, 0x0, 0xff, 0xff, 0xf0, 0x0, 0x0, 0x0,
    0x0, 0xf, 0xff, 0xff, 0x0, 0x0, 0x0, 0x0,
    0x0, 0xff, 0xff, 0xf0, 0x0, 0x0,

    /* U+00CF "Ï" */
    0x0, 0x0, 0x0, 0x0, 0x0, 0x0, 0x0, 0x0,
    0x6, 0x73, 0x0, 0x0, 0x4, 0x85, 0x0, 0xd,
    0xff, 0xf4, 0x0, 0x9, 0xff, 0xfa, 0x6, 0xff,
    0xff, 0xc0, 0x0, 0xff, 0xff, 0xf1, 0x7f, 0xff,
    0xfd, 0x0, 0x2f, 0xff, 0xff, 0x33, 0xff, 0xff,
    0x90, 0x0, 0xef, 0xff, 0xe0, 0x7, 0xff, 0xb1,
    0x0, 0x3, 0xdf, 0xd4, 0x0, 0x0, 0x0, 0x0,
    0x0, 0x0, 0x0, 0x0, 0x0, 0x0, 0x0, 0x0,
    0x0, 0x0, 0x0, 0x0, 0x0, 0x0, 0xff, 0xff,
    0xf1, 0x0, 0x0, 0x0, 0x0, 0xf, 0xff, 0xff,
    0x10, 0x0, 0x0, 0x0, 0x0, 0xff, 0xff, 0xf1,
    0x0, 0x0, 0x0, 0x0, 0xf, 0xff, 0xff, 0x10,
    0x0, 0x0, 0x0, 0x0, 0xff, 0xff, 0xf1, 0x0,
    0x0, 0x0, 0x0, 0xf, 0xff, 0xff, 0x10, 0x0,
    0x0, 0x0, 0x0, 0xff, 0xff, 0xf1, 0x0, 0x0,
    0x0, 0x0, 0xf, 0xff, 0xff, 0x10, 0x0, 0x0,
    0x0, 0x0, 0xff, 0xff, 0xf1, 0x0, 0x0, 0x0,
    0x0, 0xf, 0xff, 0xff, 0x10, 0x0, 0x0, 0x0,
    0x0, 0xff, 0xff, 0xf1, 0x0, 0x0, 0x0, 0x0,
    0xf, 0xff, 0xff, 0x10, 0x0, 0x0, 0x0, 0x0,
    0xff, 0xff, 0xf1, 0x0, 0x0, 0x0, 0x0, 0xf,
    0xff, 0xff, 0x10, 0x0, 0x0, 0x0, 0x0, 0xff,
    0xff, 0xf1, 0x0, 0x0, 0x0, 0x0, 0xf, 0xff,
    0xff, 0x10, 0x0, 0x0, 0x0, 0x0, 0xff, 0xff,
    0xf1, 0x0, 0x0, 0x0, 0x0, 0xf, 0xff, 0xff,
    0x10, 0x0, 0x0, 0x0, 0x0, 0xff, 0xff, 0xf1,
    0x0, 0x0, 0x0, 0x0, 0xf, 0xff, 0xff, 0x10,
    0x0, 0x0, 0x0, 0x0, 0xff, 0xff, 0xf1, 0x0,
    0x0, 0x0, 0x0, 0xf, 0xff, 0xff, 0x10, 0x0,
    0x0, 0x0, 0x0, 0xff, 0xff, 0xf1, 0x0, 0x0,
    0x0, 0x0, 0xf, 0xff, 0xff, 0x10, 0x0, 0x0,
    0x0, 0x0, 0xff, 0xff, 0xf1, 0x0, 0x0, 0x0,
    0x0, 0xf, 0xff, 0xff, 0x10, 0x0, 0x0, 0x0,
    0x0, 0xff, 0xff, 0xf1, 0x0, 0x0, 0x0, 0x0,
    0xf, 0xff, 0xff, 0x10, 0x0, 0x0,

    /* U+00D0 "Ð" */
    0x0, 0xb, 0xff, 0xff, 0xff, 0xff, 0xff, 0xed,
    0xb7, 0x30, 0x0, 0x0, 0x0, 0x0, 0x0, 0xb,
    0xff, 0xff, 0xff, 0xff, 0xff, 0xff, 0xff, 0xfe,
    0x60, 0x0, 0x0, 0x0, 0x0, 0xb, 0xff, 0xff,
    0xff, 0xff, 0xff, 0xff, 0xff, 0xff, 0xfd, 0x30,
    0x0, 0x0, 0x0, 0xb, 0xff, 0xff, 0xff, 0xff,
    0xff, 0xff, 0xff, 0xff, 0xff, 0xf5, 0x0, 0x0,
    0x0, 0xb, 0xff, 0xff, 0xcb, 0xbb, 0xbb, 0xce,
    0xff, 0xff, 0xff, 0xff, 0x50, 0x0, 0x0, 0xb,
    0xff, 0xff, 0x30, 0x0, 0x0, 0x0, 0x16, 0xdf,
    0xff, 0xff, 0xf2, 0x0, 0x0, 0xb, 0xff, 0xff,
    0x30, 0x0, 0x0, 0x0, 0x0, 0x8, 0xff, 0xff,
    0xfb, 0x0, 0x0, 0xb, 0xff, 0xff, 0x30, 0x0,
    0x0, 0x0, 0x0, 0x0, 0x8f, 0xff, 0xff, 0x30,
    0x0, 0xb, 0xff, 0xff, 0x30, 0x0, 0x0, 0x0,
    0x0, 0x0, 0xc, 0xff, 0xff, 0xa0, 0x0, 0xb,
    0xff, 0xff, 0x30, 0x0, 0x0, 0x0, 0x0, 0x0,
    0x4, 0xff, 0xff, 0xe0, 0x0, 0xb, 0xff, 0xff,
    0x30, 0x0, 0x0, 0x0, 0x0, 0x0, 0x0, 0xff,
    0xff, 0xf3, 0x0, 0xb, 0xff, 0xff, 0x30, 0x0,
    0x0, 0x0, 0x0, 0x0, 0x0, 0xbf, 0xff, 0xf5,
    0x7f, 0xff, 0xff, 0xff, 0xff, 0xff, 0xf7, 0x0,
    0x0, 0x0, 0x0, 0xaf, 0xff, 0xf6, 0x7f, 0xff,
    0xff, 0xff, 0xff, 0xff, 0xf7, 0x0, 0x0, 0x0,
    0x0, 0x9f, 0xff, 0xf7, 0x7f, 0xff, 0xff, 0xff,
    0xff, 0xff, 0xf7, 0x0, 0x0, 0x0, 0x0, 0x9f,
    0xff, 0xf6, 0x7f, 0xff, 0xff, 0xff, 0xff, 0xff,
    0xf7, 0x0, 0x0, 0x0, 0x0, 0xbf, 0xff, 0xf5,
    0x36, 0x6d, 0xff, 0xff, 0x86, 0x66, 0x63, 0x0,
    0x0, 0x0, 0x0, 0xef, 0xff, 0xf3, 0x0, 0xb,
    0xff, 0xff, 0x30, 0x0, 0x0, 0x0, 0x0, 0x0,
    0x2, 0xff, 0xff, 0xf0, 0x0, 0xb, 0xff, 0xff,
    0x30, 0x0, 0x0, 0x0, 0x0, 0x0, 0x8, 0xff,
    0xff, 0xc0, 0x0, 0xb, 0xff, 0xff, 0x30, 0x0,
    0x0, 0x0, 0x0, 0x0, 0x1f, 0xff, 0xff, 0x70,
    0x0, 0xb, 0xff, 0xff, 0x30, 0x0, 0x0, 0x0,
    0x0, 0x0, 0xcf, 0xff, 0xff, 0x0, 0x0, 0xb,
    0xff, 0xff, 0x30, 0x0, 0x0, 0x0, 0x0, 0x1c,
    0xff, 0xff, 0xf8, 0x0, 0x0, 0xb, 0xff, 0xff,
    0x30, 0x0, 0x0, 0x0, 0x39, 0xff, 0xff, 0xff,
    0xd0, 0x0, 0x0, 0xb, 0xff, 0xff, 0xdc, 0xcc,
    0xcc, 0xdf, 0xff, 0xff, 0xff, 0xff, 0x20, 0x0,
    0x0, 0xb, 0xff, 0xff, 0xff, 0xff, 0xff, 0xff,
    0xff, 0xff, 0xff, 0xe3, 0x0, 0x0, 0x0, 0xb,
    0xff, 0xff, 0xff, 0xff, 0xff, 0xff, 0xff, 0xff,
    0xfc, 0x20, 0x0, 0x0, 0x0, 0xb, 0xff, 0xff,
    0xff, 0xff, 0xff, 0xff, 0xff, 0xfd, 0x50, 0x0,
    0x0, 0x0, 0x0, 0xb, 0xff, 0xff, 0xff, 0xff,
    0xff, 0xec, 0xb7, 0x20, 0x0, 0x0, 0x0, 0x0,

    /* U+00D1 "Ñ" */
    0x0, 0x0, 0x0, 0x0, 0x0, 0x0, 0x0, 0x0,
    0x0, 0x0, 0x0, 0x0, 0x0, 0x0, 0x0, 0x2a,
    0xcb, 0x60, 0x0, 0x83, 0x0, 0x0, 0x0, 0x0,
    0x0, 0x0, 0x3f, 0xff, 0xff, 0xea, 0xcf, 0xfb,
    0x20, 0x0, 0x0, 0x0, 0x0, 0xd, 0xff, 0xff,
    0xff, 0xff, 0xff, 0xf2, 0x0, 0x0, 0x0, 0x0,
    0x4, 0xff, 0xff, 0xef, 0xff, 0xff, 0xf9, 0x0,
    0x0, 0x0, 0x0, 0x0, 0x2, 0xbe, 0x20, 0x3b,
    0xff, 0xfa, 0x0, 0x0, 0x0, 0x0, 0x0, 0x0,
    0x0, 0x10, 0x0, 0x2, 0x42, 0x0, 0x0, 0x0,
    0x0, 0x0, 0x0, 0x0, 0x0, 0x0, 0x0, 0x0,
    0x0, 0x0, 0x0, 0x0, 0x0, 0x0, 0x0, 0x0,
    0x0, 0x0, 0x0, 0x0, 0x0, 0x0, 0x0, 0xb,
    0xff, 0xfd, 0x0, 0x0, 0x0, 0x0, 0x0, 0x0,
    0x2f, 0xff, 0xff, 0xbf, 0xff, 0xf9, 0x0, 0x0,
    0x0, 0x0, 0x0, 0x2, 0xff, 0xff, 0xfb, 0xff,
    0xff, 0xf6, 0x0, 0x0, 0x0, 0x0, 0x0, 0x2f,
    0xff, 0xff, 0xbf, 0xff, 0xff, 0xf3, 0x0, 0x0,
    0x0, 0x0, 0x2, 0xff, 0xff, 0xfb, 0xff, 0xff,
    0xff, 0xd1, 0x0, 0x0, 0x0, 0x0, 0x2f, 0xff,
    0xff, 0xbf, 0xff, 0xff, 0xff, 0xb0, 0x0, 0x0,
    0x0, 0x2, 0xff, 0xff, 0xfb, 0xff, 0xff, 0xff,
    0xff, 0x70, 0x0, 0x0, 0x0, 0x2f, 0xff, 0xff,
    0xbf, 0xff, 0xff, 0xff, 0xff, 0x40, 0x0, 0x0,
    0x2, 0xff, 0xff, 0xfb, 0xff, 0xff, 0xff, 0xff,
    0xfe, 0x10, 0x0, 0x0, 0x2f, 0xff, 0xff, 0xbf,
    0xff, 0xfb, 0xff, 0xff, 0xfc, 0x0, 0x0, 0x2,
    0xff, 0xff, 0xfb, 0xff, 0xff, 0x78, 0xff, 0xff,
    0xf8, 0x0, 0x0, 0x2f, 0xff, 0xff, 0xbf, 0xff,
    0xf7, 0xb, 0xff, 0xff, 0xf5, 0x0, 0x2, 0xff,
    0xff, 0xfb, 0xff, 0xff, 0x70, 0x1e, 0xff, 0xff,
    0xf2, 0x0, 0x2f, 0xff, 0xff, 0xbf, 0xff, 0xf7,
    0x0, 0x3f, 0xff, 0xff, 0xd0, 0x2, 0xff, 0xff,
    0xfb, 0xff, 0xff, 0x70, 0x0, 0x7f, 0xff, 0xff,
    0xa0, 0x2f, 0xff, 0xff, 0xbf, 0xff, 0xf7, 0x0,
    0x0, 0xbf, 0xff, 0xff, 0x62, 0xff, 0xff, 0xfb,
    0xff, 0xff, 0x70, 0x0, 0x1, 0xdf, 0xff, 0xff,
    0x5f, 0xff, 0xff, 0xbf, 0xff, 0xf7, 0x0, 0x0,
    0x3, 0xff, 0xff, 0xff, 0xff, 0xff, 0xfb, 0xff,
    0xff, 0x70, 0x0, 0x0, 0x6, 0xff, 0xff, 0xff,
    0xff, 0xff, 0xbf, 0xff, 0xf7, 0x0, 0x0, 0x0,
    0xa, 0xff, 0xff, 0xff, 0xff, 0xfb, 0xff, 0xff,
    0x70, 0x0, 0x0, 0x0, 0xd, 0xff, 0xff, 0xff,
    0xff, 0xbf, 0xff, 0xf7, 0x0, 0x0, 0x0, 0x0,
    0x2f, 0xff, 0xff, 0xff, 0xfb, 0xff, 0xff, 0x70,
    0x0, 0x0, 0x0, 0x0, 0x6f, 0xff, 0xff, 0xff,
    0xbf, 0xff, 0xf7, 0x0, 0x0, 0x0, 0x0, 0x0,
    0x9f, 0xff, 0xff, 0xfb, 0xff, 0xff, 0x70, 0x0,
    0x0, 0x0, 0x0, 0x0, 0xdf, 0xff, 0xff, 0xbf,
    0xff, 0xf7, 0x0, 0x0, 0x0, 0x0, 0x0, 0x2,
    0xff, 0xff, 0xfb, 0xff, 0xff, 0x70, 0x0, 0x0,
    0x0, 0x0, 0x0, 0x5, 0xff, 0xff, 0xbf, 0xff,
    0xf7, 0x0, 0x0, 0x0, 0x0, 0x0, 0x0, 0x9,
    0xff, 0xf0,

    /* U+00D2 "Ò" */
    0x0, 0x0, 0x0, 0x0, 0x8, 0x99, 0x99, 0x70,
    0x0, 0x0, 0x0, 0x0, 0x0, 0x0, 0x0, 0x0,
    0x0, 0x0, 0x0, 0x4f, 0xff, 0xff, 0x40, 0x0,
    0x0, 0x0, 0x0, 0x0, 0x0, 0x0, 0x0, 0x0,
    0x0, 0x0, 0x7f, 0xff, 0xfc, 0x0, 0x0, 0x0,
    0x0, 0x0, 0x0, 0x0, 0x0, 0x0, 0x0, 0x0,
    0x0, 0xaf, 0xff, 0xf5, 0x0, 0x0, 0x0, 0x0,
    0x0, 0x0, 0x0, 0x0, 0x0, 0x0, 0x0, 0x0,
    0xcf, 0xff, 0xd0, 0x0, 0x0, 0x0, 0x0, 0x0,
    0x0, 0x0, 0x0, 0x0, 0x0, 0x0, 0x2, 0xef,
    0xff, 0x60, 0x0, 0x0, 0x0, 0x0, 0x0, 0x0,
    0x0, 0x0, 0x0, 0x0, 0x0, 0x0, 0x0, 0x0,
    0x0, 0x0, 0x0, 0x0, 0x0, 0x0, 0x0, 0x0,
    0x0, 0x0, 0x0, 0x0, 0x0, 0x0, 0x0, 0x0,
    0x0, 0x0, 0x0, 0x0, 0x0, 0x0, 0x0, 0x0,
    0x0, 0x2, 0x45, 0x76, 0x53, 0x0, 0x0, 0x0,
    0x0, 0x0, 0x0, 0x0, 0x0, 0x0, 0x2, 0x8d,
    0xff, 0xff, 0xff, 0xff, 0xb5, 0x0, 0x0, 0x0,
    0x0, 0x0, 0x0, 0x0, 0x19, 0xff, 0xff, 0xff,
    0xff, 0xff, 0xff, 0xfd, 0x40, 0x0, 0x0, 0x0,
    0x0, 0x0, 0x3e, 0xff, 0xff, 0xff, 0xff, 0xff,
    0xff, 0xff, 0xff, 0x90, 0x0, 0x0, 0x0, 0x0,
    0x4f, 0xff, 0xff, 0xff, 0xff, 0xff, 0xff, 0xff,
    0xff, 0xff, 0xa0, 0x0, 0x0, 0x0, 0x2f, 0xff,
    0xff, 0xff, 0xd8, 0x54, 0x56, 0xaf, 0xff, 0xff,
    0xff, 0x90, 0x0, 0x0, 0xc, 0xff, 0xff, 0xfd,
    0x30, 0x0, 0x0, 0x0, 0x8, 0xff, 0xff, 0xff,
    0x40, 0x0, 0x6, 0xff, 0xff, 0xfb, 0x0, 0x0,
    0x0, 0x0, 0x0, 0x4, 0xff, 0xff, 0xfe, 0x0,
    0x0, 0xdf, 0xff, 0xfc, 0x0, 0x0, 0x0, 0x0,
    0x0, 0x0, 0x5, 0xff, 0xff, 0xf5, 0x0, 0x4f,
    0xff, 0xff, 0x30, 0x0, 0x0, 0x0, 0x0, 0x0,
    0x0, 0xb, 0xff, 0xff, 0xc0, 0x9, 0xff, 0xff,
    0xa0, 0x0, 0x0, 0x0, 0x0, 0x0, 0x0, 0x0,
    0x3f, 0xff, 0xff, 0x10, 0xdf, 0xff, 0xf4, 0x0,
    0x0, 0x0, 0x0, 0x0, 0x0, 0x0, 0x0, 0xdf,
    0xff, 0xf5, 0x1f, 0xff, 0xff, 0x0, 0x0, 0x0,
    0x0, 0x0, 0x0, 0x0, 0x0, 0x9, 0xff, 0xff,
    0x82, 0xff, 0xff, 0xd0, 0x0, 0x0, 0x0, 0x0,
    0x0, 0x0, 0x0, 0x0, 0x7f, 0xff, 0xfa, 0x3f,
    0xff, 0xfc, 0x0, 0x0, 0x0, 0x0, 0x0, 0x0,
    0x0, 0x0, 0x5, 0xff, 0xff, 0xb4, 0xff, 0xff,
    0xc0, 0x0, 0x0, 0x0, 0x0, 0x0, 0x0, 0x0,
    0x0, 0x6f, 0xff, 0xfb, 0x3f, 0xff, 0xff, 0x0,
    0x0, 0x0, 0x0, 0x0, 0x0, 0x0, 0x0, 0x8,
    0xff, 0xff, 0xa1, 0xff, 0xff, 0xf2, 0x0, 0x0,
    0x0, 0x0, 0x0, 0x0, 0x0, 0x0, 0xaf, 0xff,
    0xf8, 0xe, 0xff, 0xff, 0x40, 0x0, 0x0, 0x0,
    0x0, 0x0, 0x0, 0x0, 0xd, 0xff, 0xff, 0x50,
    0xbf, 0xff, 0xfa, 0x0, 0x0, 0x0, 0x0, 0x0,
    0x0, 0x0, 0x3, 0xff, 0xff, 0xf1, 0x6, 0xff,
    0xff, 0xf2, 0x0, 0x0, 0x0, 0x0, 0x0, 0x0,
    0x0, 0xaf, 0xff, 0xfd, 0x0, 0xf, 0xff, 0xff,
    0xc0, 0x0, 0x0, 0x0, 0x0, 0x0, 0x0, 0x4f,
    0xff, 0xff, 0x60, 0x0, 0x9f, 0xff, 0xff, 0xa0,
    0x0, 0x0, 0x0, 0x0, 0x0, 0x3f, 0xff, 0xff,
    0xe0, 0x0, 0x1, 0xef, 0xff, 0xff, 0xc3, 0x0,
    0x0, 0x0, 0x0, 0x8f, 0xff, 0xff, 0xf5, 0x0,
    0x0, 0x4, 0xff, 0xff, 0xff, 0xfd, 0x86, 0x45,
    0x7a, 0xff, 0xff, 0xff, 0xfa, 0x0, 0x0, 0x0,
    0x6, 0xff, 0xff, 0xff, 0xff, 0xff, 0xff, 0xff,
    0xff, 0xff, 0xfb, 0x0, 0x0, 0x0, 0x0, 0x5,
    0xff, 0xff, 0xff, 0xff, 0xff, 0xff, 0xff, 0xff,
    0xfb, 0x0, 0x0, 0x0, 0x0, 0x0, 0x2, 0xbf,
    0xff, 0xff, 0xff, 0xff, 0xff, 0xff, 0xe5, 0x0,
    0x0, 0x0, 0x0, 0x0, 0x0, 0x0, 0x49, 0xef,
    0xff, 0xff, 0xff, 0xfb, 0x60, 0x0, 0x0, 0x0,
    0x0, 0x0, 0x0, 0x0, 0x0, 0x0, 0x24, 0x67,
    0x65, 0x31, 0x0, 0x0, 0x0, 0x0, 0x0,

    /* U+00D3 "Ó" */
    0x0, 0x0, 0x0, 0x0, 0x0, 0x0, 0x0, 0xd,
    0xff, 0xff, 0x90, 0x0, 0x0, 0x0, 0x0, 0x0,
    0x0, 0x0, 0x0, 0x0, 0x0, 0x7, 0xff, 0xff,
    0xb0, 0x0, 0x0, 0x0, 0x0, 0x0, 0x0, 0x0,
    0x0, 0x0, 0x0, 0x1, 0xff, 0xff, 0xd0, 0x0,
    0x0, 0x0, 0x0, 0x0, 0x0, 0x0, 0x0, 0x0,
    0x0, 0x0, 0x9f, 0xff, 0xe1, 0x0, 0x0, 0x0,
    0x0, 0x0, 0x0, 0x0, 0x0, 0x0, 0x0, 0x0,
    0x3f, 0xff, 0xf3, 0x0, 0x0, 0x0, 0x0, 0x0,
    0x0, 0x0, 0x0, 0x0, 0x0, 0x0, 0x0, 0x0,
    0x0, 0x0, 0x0, 0x0, 0x0, 0x0, 0x0, 0x0,
    0x0, 0x0, 0x0, 0x0, 0x0, 0x0, 0x0, 0x0,
    0x0, 0x0, 0x0, 0x0, 0x0, 0x0, 0x0, 0x0,
    0x0, 0x0, 0x0, 0x24, 0x67, 0x65, 0x30, 0x0,
    0x0, 0x0, 0x0, 0x0, 0x0, 0x0, 0x0, 0x0,
    0x28, 0xdf, 0xff, 0xff, 0xff, 0xfb, 0x50, 0x0,
    0x0, 0x0, 0x0, 0x0, 0x0, 0x1, 0x9f, 0xff,
    0xff, 0xff, 0xff, 0xff, 0xff, 0xd4, 0x0, 0x0,
    0x0, 0x0, 0x0, 0x3, 0xef, 0xff, 0xff, 0xff,
    0xff, 0xff, 0xff, 0xff, 0xf9, 0x0, 0x0, 0x0,
    0x0, 0x4, 0xff, 0xff, 0xff, 0xff, 0xff, 0xff,
    0xff, 0xff, 0xff, 0xfa, 0x0, 0x0, 0x0, 0x2,
    0xff, 0xff, 0xff, 0xfd, 0x85, 0x45, 0x6a, 0xff,
    0xff, 0xff, 0xf9, 0x0, 0x0, 0x0, 0xcf, 0xff,
    0xff, 0xd3, 0x0, 0x0, 0x0, 0x0, 0x8f, 0xff,
    0xff, 0xf4, 0x0, 0x0, 0x6f, 0xff, 0xff, 0xb0,
    0x0, 0x0, 0x0, 0x0, 0x0, 0x4f, 0xff, 0xff,
    0xe0, 0x0, 0xd, 0xff, 0xff, 0xc0, 0x0, 0x0,
    0x0, 0x0, 0x0, 0x0, 0x5f, 0xff, 0xff, 0x50,
    0x4, 0xff, 0xff, 0xf3, 0x0, 0x0, 0x0, 0x0,
    0x0, 0x0, 0x0, 0xbf, 0xff, 0xfc, 0x0, 0x9f,
    0xff, 0xfa, 0x0, 0x0, 0x0, 0x0, 0x0, 0x0,
    0x0, 0x3, 0xff, 0xff, 0xf1, 0xd, 0xff, 0xff,
    0x40, 0x0, 0x0, 0x0, 0x0, 0x0, 0x0, 0x0,
    0xd, 0xff, 0xff, 0x51, 0xff, 0xff, 0xf0, 0x0,
    0x0, 0x0, 0x0, 0x0, 0x0, 0x0, 0x0, 0x9f,
    0xff, 0xf8, 0x2f, 0xff, 0xfd, 0x0, 0x0, 0x0,
    0x0, 0x0, 0x0, 0x0, 0x0, 0x7, 0xff, 0xff,
    0xa3, 0xff, 0xff, 0xc0, 0x0, 0x0, 0x0, 0x0,
    0x0, 0x0, 0x0, 0x0, 0x5f, 0xff, 0xfb, 0x4f,
    0xff, 0xfc, 0x0, 0x0, 0x0, 0x0, 0x0, 0x0,
    0x0, 0x0, 0x6, 0xff, 0xff, 0xb3, 0xff, 0xff,
    0xf0, 0x0, 0x0, 0x0, 0x0, 0x0, 0x0, 0x0,
    0x0, 0x8f, 0xff, 0xfa, 0x1f, 0xff, 0xff, 0x20,
    0x0, 0x0, 0x0, 0x0, 0x0, 0x0, 0x0, 0xa,
    0xff, 0xff, 0x80, 0xef, 0xff, 0xf4, 0x0, 0x0,
    0x0, 0x0, 0x0, 0x0, 0x0, 0x0, 0xdf, 0xff,
    0xf5, 0xb, 0xff, 0xff, 0xa0, 0x0, 0x0, 0x0,
    0x0, 0x0, 0x0, 0x0, 0x3f, 0xff, 0xff, 0x10,
    0x6f, 0xff, 0xff, 0x20, 0x0, 0x0, 0x0, 0x0,
    0x0, 0x0, 0xa, 0xff, 0xff, 0xd0, 0x0, 0xff,
    0xff, 0xfc, 0x0, 0x0, 0x0, 0x0, 0x0, 0x0,
    0x4, 0xff, 0xff, 0xf6, 0x0, 0x9, 0xff, 0xff,
    0xfa, 0x0, 0x0, 0x0, 0x0, 0x0, 0x3, 0xff,
    0xff, 0xfe, 0x0, 0x0, 0x1e, 0xff, 0xff, 0xfc,
    0x30, 0x0, 0x0, 0x0, 0x8, 0xff, 0xff, 0xff,
    0x50, 0x0, 0x0, 0x4f, 0xff, 0xff, 0xff, 0xd8,
    0x64, 0x57, 0xaf, 0xff, 0xff, 0xff, 0xa0, 0x0,
    0x0, 0x0, 0x6f, 0xff, 0xff, 0xff, 0xff, 0xff,
    0xff, 0xff, 0xff, 0xff, 0xb0, 0x0, 0x0, 0x0,
    0x0, 0x5f, 0xff, 0xff, 0xff, 0xff, 0xff, 0xff,
    0xff, 0xff, 0xb0, 0x0, 0x0, 0x0, 0x0, 0x0,
    0x2b, 0xff, 0xff, 0xff, 0xff, 0xff, 0xff, 0xfe,
    0x50, 0x0, 0x0, 0x0, 0x0, 0x0, 0x0, 0x4,
    0x9e, 0xff, 0xff, 0xff, 0xff, 0xb6, 0x0, 0x0,
    0x0, 0x0, 0x0, 0x0, 0x0, 0x0, 0x0, 0x2,
    0x46, 0x76, 0x53, 0x10, 0x0, 0x0, 0x0, 0x0,
    0x0,

    /* U+00D4 "Ô" */
    0x0, 0x0, 0x0, 0x0, 0x0, 0x0, 0x2, 0x77,
    0x60, 0x0, 0x0, 0x0, 0x0, 0x0, 0x0, 0x0,
    0x0, 0x0, 0x0, 0x0, 0x3, 0xef, 0xff, 0x90,
    0x0, 0x0, 0x0, 0x0, 0x0, 0x0, 0x0, 0x0,
    0x0, 0x0, 0x4, 0xff, 0xff, 0xff, 0xa0, 0x0,
    0x0, 0x0, 0x0, 0x0, 0x0, 0x0, 0x0, 0x0,
    0x4, 0xff, 0xff, 0xff, 0xff, 0xb0, 0x0, 0x0,
    0x0, 0x0, 0x0, 0x0, 0x0, 0x0, 0x5, 0xff,
    0xff, 0x73, 0xef, 0xff, 0xc1, 0x0, 0x0, 0x0,
    0x0, 0x0, 0x0, 0x0, 0x6, 0xff, 0xff, 0x70,
    0x2, 0xef, 0xff, 0xd1, 0x0, 0x0, 0x0, 0x0,
    0x0, 0x0, 0x0, 0x0, 0x0, 0x0, 0x0, 0x0,
    0x0, 0x0, 0x0, 0x0, 0x0, 0x0, 0x0, 0x0,
    0x0, 0x0, 0x0, 0x0, 0x0, 0x0, 0x0, 0x0,
    0x0, 0x0, 0x0, 0x0, 0x0, 0x0, 0x0, 0x0,
    0x0, 0x2, 0x45, 0x76, 0x53, 0x0, 0x0, 0x0,
    0x0, 0x0, 0x0, 0x0, 0x0, 0x0, 0x2, 0x8d,
    0xff, 0xff, 0xff, 0xff, 0xb5, 0x0, 0x0, 0x0,
    0x0, 0x0, 0x0, 0x0, 0x19, 0xff, 0xff, 0xff,
    0xff, 0xff, 0xff, 0xfd, 0x40, 0x0, 0x0, 0x0,
    0x0, 0x0, 0x3e, 0xff, 0xff, 0xff, 0xff, 0xff,
    0xff, 0xff, 0xff, 0x90, 0x0, 0x0, 0x0, 0x0,
    0x4f, 0xff, 0xff, 0xff, 0xff, 0xff, 0xff, 0xff,
    0xff, 0xff, 0xa0, 0x0, 0x0, 0x0, 0x2f, 0xff,
    0xff, 0xff, 0xd8, 0x54, 0x56, 0xaf, 0xff, 0xff,
    0xff, 0x90, 0x0, 0x0, 0xc, 0xff, 0xff, 0xfd,
    0x30, 0x0, 0x0, 0x0, 0x8, 0xff, 0xff, 0xff,
    0x40, 0x0, 0x6, 0xff, 0xff, 0xfb, 0x0, 0x0,
    0x0, 0x0, 0x0, 0x4, 0xff, 0xff, 0xfe, 0x0,
    0x0, 0xdf, 0xff, 0xfc, 0x0, 0x0, 0x0, 0x0,
    0x0, 0x0, 0x5, 0xff, 0xff, 0xf5, 0x0, 0x4f,
    0xff, 0xff, 0x30, 0x0, 0x0, 0x0, 0x0, 0x0,
    0x0, 0xb, 0xff, 0xff, 0xc0, 0x9, 0xff, 0xff,
    0xa0, 0x0, 0x0, 0x0, 0x0, 0x0, 0x0, 0x0,
    0x3f, 0xff, 0xff, 0x10, 0xdf, 0xff, 0xf4, 0x0,
    0x0, 0x0, 0x0, 0x0, 0x0, 0x0, 0x0, 0xdf,
    0xff, 0xf5, 0x1f, 0xff, 0xff, 0x0, 0x0, 0x0,
    0x0, 0x0, 0x0, 0x0, 0x0, 0x9, 0xff, 0xff,
    0x82, 0xff, 0xff, 0xd0, 0x0, 0x0, 0x0, 0x0,
    0x0, 0x0, 0x0, 0x0, 0x7f, 0xff, 0xfa, 0x3f,
    0xff, 0xfc, 0x0, 0x0, 0x0, 0x0, 0x0, 0x0,
    0x0, 0x0, 0x5, 0xff, 0xff, 0xb4, 0xff, 0xff,
    0xc0, 0x0, 0x0, 0x0, 0x0, 0x0, 0x0, 0x0,
    0x0, 0x6f, 0xff, 0xfb, 0x3f, 0xff, 0xff, 0x0,
    0x0, 0x0, 0x0, 0x0, 0x0, 0x0, 0x0, 0x8,
    0xff, 0xff, 0xa1, 0xff, 0xff, 0xf2, 0x0, 0x0,
    0x0, 0x0, 0x0, 0x0, 0x0, 0x0, 0xaf, 0xff,
    0xf8, 0xe, 0xff, 0xff, 0x40, 0x0, 0x0, 0x0,
    0x0, 0x0, 0x0, 0x0, 0xd, 0xff, 0xff, 0x50,
    0xbf, 0xff, 0xfa, 0x0, 0x0, 0x0, 0x0, 0x0,
    0x0, 0x0, 0x3, 0xff, 0xff, 0xf1, 0x6, 0xff,
    0xff, 0xf2, 0x0, 0x0, 0x0, 0x0, 0x0, 0x0,
    0x0, 0xaf, 0xff, 0xfd, 0x0, 0xf, 0xff, 0xff,
    0xc0, 0x0, 0x0, 0x0, 0x0, 0x0, 0x0, 0x4f,
    0xff, 0xff, 0x60, 0x0, 0x9f, 0xff, 0xff, 0xa0,
    0x0, 0x0, 0x0, 0x0, 0x0, 0x3f, 0xff, 0xff,
    0xe0, 0x0, 0x1, 0xef, 0xff, 0xff, 0xc3, 0x0,
    0x0, 0x0, 0x0, 0x8f, 0xff, 0xff, 0xf5, 0x0,
    0x0, 0x4, 0xff, 0xff, 0xff, 0xfd, 0x86, 0x45,
    0x7a, 0xff, 0xff, 0xff, 0xfa, 0x0, 0x0, 0x0,
    0x6, 0xff, 0xff, 0xff, 0xff, 0xff, 0xff, 0xff,
    0xff, 0xff, 0xfb, 0x0, 0x0, 0x0, 0x0, 0x5,
    0xff, 0xff, 0xff, 0xff, 0xff, 0xff, 0xff, 0xff,
    0xfb, 0x0, 0x0, 0x0, 0x0, 0x0, 0x2, 0xbf,
    0xff, 0xff, 0xff, 0xff, 0xff, 0xff, 0xe5, 0x0,
    0x0, 0x0, 0x0, 0x0, 0x0, 0x0, 0x49, 0xef,
    0xff, 0xff, 0xff, 0xfb, 0x60, 0x0, 0x0, 0x0,
    0x0, 0x0, 0x0, 0x0, 0x0, 0x0, 0x24, 0x67,
    0x65, 0x31, 0x0, 0x0, 0x0, 0x0, 0x0,

    /* U+00D5 "Õ" */
    0x0, 0x0, 0x0, 0x0, 0x0, 0x0, 0x0, 0x0,
    0x0, 0x0, 0x0, 0x0, 0x0, 0x0, 0x0, 0x0,
    0x0, 0x0, 0x0, 0x4, 0xcf, 0xe8, 0x20, 0xa,
    0x60, 0x0, 0x0, 0x0, 0x0, 0x0, 0x0, 0x0,
    0x0, 0x4, 0xff, 0xff, 0xff, 0xde, 0xff, 0xe4,
    0x0, 0x0, 0x0, 0x0, 0x0, 0x0, 0x0, 0x0,
    0xef, 0xff, 0xff, 0xff, 0xff, 0xff, 0x10, 0x0,
    0x0, 0x0, 0x0, 0x0, 0x0, 0x0, 0x3e, 0xff,
    0xeb, 0xff, 0xff, 0xff, 0x80, 0x0, 0x0, 0x0,
    0x0, 0x0, 0x0, 0x0, 0x0, 0x8, 0xd1, 0x1,
    0x8f, 0xff, 0x80, 0x0, 0x0, 0x0, 0x0, 0x0,
    0x0, 0x0, 0x0, 0x0, 0x0, 0x0, 0x0, 0x2,
    0x0, 0x0, 0x0, 0x0, 0x0, 0x0, 0x0, 0x0,
    0x0, 0x0, 0x0, 0x0, 0x0, 0x0, 0x0, 0x0,
    0x0, 0x0, 0x0, 0x0, 0x0, 0x0, 0x0, 0x0,
    0x0, 0x2, 0x45, 0x76, 0x53, 0x0, 0x0, 0x0,
    0x0, 0x0, 0x0, 0x0, 0x0, 0x0, 0x2, 0x8d,
    0xff, 0xff, 0xff, 0xff, 0xb5, 0x0, 0x0, 0x0,
    0x0, 0x0, 0x0, 0x0, 0x19, 0xff, 0xff, 0xff,
    0xff, 0xff, 0xff, 0xfd, 0x40, 0x0, 0x0, 0x0,
    0x0, 0x0, 0x3e, 0xff, 0xff, 0xff, 0xff, 0xff,
    0xff, 0xff, 0xff, 0x90, 0x0, 0x0, 0x0, 0x0,
    0x4f, 0xff, 0xff, 0xff, 0xff, 0xff, 0xff, 0xff,
    0xff, 0xff, 0xa0, 0x0, 0x0, 0x0, 0x2f, 0xff,
    0xff, 0xff, 0xd8, 0x54, 0x56, 0xaf, 0xff, 0xff,
    0xff, 0x90, 0x0, 0x0, 0xc, 0xff, 0xff, 0xfd,
    0x30, 0x0, 0x0, 0x0, 0x8, 0xff, 0xff, 0xff,
    0x40, 0x0, 0x6, 0xff, 0xff, 0xfb, 0x0, 0x0,
    0x0, 0x0, 0x0, 0x4, 0xff, 0xff, 0xfe, 0x0,
    0x0, 0xdf, 0xff, 0xfc, 0x0, 0x0, 0x0, 0x0,
    0x0, 0x0, 0x5, 0xff, 0xff, 0xf5, 0x0, 0x4f,
    0xff, 0xff, 0x30, 0x0, 0x0, 0x0, 0x0, 0x0,
    0x0, 0xb, 0xff, 0xff, 0xc0, 0x9, 0xff, 0xff,
    0xa0, 0x0, 0x0, 0x0, 0x0, 0x0, 0x0, 0x0,
    0x3f, 0xff, 0xff, 0x10, 0xdf, 0xff, 0xf4, 0x0,
    0x0, 0x0, 0x0, 0x0, 0x0, 0x0, 0x0, 0xdf,
    0xff, 0xf5, 0x1f, 0xff, 0xff, 0x0, 0x0, 0x0,
    0x0, 0x0, 0x0, 0x0, 0x0, 0x9, 0xff, 0xff,
    0x82, 0xff, 0xff, 0xd0, 0x0, 0x0, 0x0, 0x0,
    0x0, 0x0, 0x0, 0x0, 0x7f, 0xff, 0xfa, 0x3f,
    0xff, 0xfc, 0x0, 0x0, 0x0, 0x0, 0x0, 0x0,
    0x0, 0x0, 0x5, 0xff, 0xff, 0xb4, 0xff, 0xff,
    0xc0, 0x0, 0x0, 0x0, 0x0, 0x0, 0x0, 0x0,
    0x0, 0x6f, 0xff, 0xfb, 0x3f, 0xff, 0xff, 0x0,
    0x0, 0x0, 0x0, 0x0, 0x0, 0x0, 0x0, 0x8,
    0xff, 0xff, 0xa1, 0xff, 0xff, 0xf2, 0x0, 0x0,
    0x0, 0x0, 0x0, 0x0, 0x0, 0x0, 0xaf, 0xff,
    0xf8, 0xe, 0xff, 0xff, 0x40, 0x0, 0x0, 0x0,
    0x0, 0x0, 0x0, 0x0, 0xd, 0xff, 0xff, 0x50,
    0xbf, 0xff, 0xfa, 0x0, 0x0, 0x0, 0x0, 0x0,
    0x0, 0x0, 0x3, 0xff, 0xff, 0xf1, 0x6, 0xff,
    0xff, 0xf2, 0x0, 0x0, 0x0, 0x0, 0x0, 0x0,
    0x0, 0xaf, 0xff, 0xfd, 0x0, 0xf, 0xff, 0xff,
    0xc0, 0x0, 0x0, 0x0, 0x0, 0x0, 0x0, 0x4f,
    0xff, 0xff, 0x60, 0x0, 0x9f, 0xff, 0xff, 0xa0,
    0x0, 0x0, 0x0, 0x0, 0x0, 0x3f, 0xff, 0xff,
    0xe0, 0x0, 0x1, 0xef, 0xff, 0xff, 0xc3, 0x0,
    0x0, 0x0, 0x0, 0x8f, 0xff, 0xff, 0xf5, 0x0,
    0x0, 0x4, 0xff, 0xff, 0xff, 0xfd, 0x86, 0x45,
    0x7a, 0xff, 0xff, 0xff, 0xfa, 0x0, 0x0, 0x0,
    0x6, 0xff, 0xff, 0xff, 0xff, 0xff, 0xff, 0xff,
    0xff, 0xff, 0xfb, 0x0, 0x0, 0x0, 0x0, 0x5,
    0xff, 0xff, 0xff, 0xff, 0xff, 0xff, 0xff, 0xff,
    0xfb, 0x0, 0x0, 0x0, 0x0, 0x0, 0x2, 0xbf,
    0xff, 0xff, 0xff, 0xff, 0xff, 0xff, 0xe5, 0x0,
    0x0, 0x0, 0x0, 0x0, 0x0, 0x0, 0x49, 0xef,
    0xff, 0xff, 0xff, 0xfb, 0x60, 0x0, 0x0, 0x0,
    0x0, 0x0, 0x0, 0x0, 0x0, 0x0, 0x24, 0x67,
    0x65, 0x31, 0x0, 0x0, 0x0, 0x0, 0x0,

    /* U+00D6 "Ö" */
    0x0, 0x0, 0x0, 0x0, 0x0, 0x0, 0x0, 0x0,
    0x0, 0x0, 0x0, 0x0, 0x0, 0x0, 0x0, 0x0,
    0x0, 0x0, 0x6, 0xef, 0xb1, 0x0, 0x0, 0x1a,
    0xfe, 0x60, 0x0, 0x0, 0x0, 0x0, 0x0, 0x0,
    0x3, 0xff, 0xff, 0xa0, 0x0, 0x9, 0xff, 0xff,
    0x30, 0x0, 0x0, 0x0, 0x0, 0x0, 0x0, 0x7f,
    0xff, 0xfe, 0x0, 0x0, 0xdf, 0xff, 0xf7, 0x0,
    0x0, 0x0, 0x0, 0x0, 0x0, 0x6, 0xff, 0xff,
    0xc0, 0x0, 0xc, 0xff, 0xff, 0x60, 0x0, 0x0,
    0x0, 0x0, 0x0, 0x0, 0xd, 0xff, 0xf5, 0x0,
    0x0, 0x5f, 0xff, 0xe1, 0x0, 0x0, 0x0, 0x0,
    0x0, 0x0, 0x0, 0x7, 0x83, 0x0, 0x0, 0x0,
    0x38, 0x71, 0x0, 0x0, 0x0, 0x0, 0x0, 0x0,
    0x0, 0x0, 0x0, 0x0, 0x0, 0x0, 0x0, 0x0,
    0x0, 0x0, 0x0, 0x0, 0x0, 0x0, 0x0, 0x0,
    0x0, 0x2, 0x46, 0x76, 0x53, 0x0, 0x0, 0x0,
    0x0, 0x0, 0x0, 0x0, 0x0, 0x0, 0x2, 0x8d,
    0xff, 0xff, 0xff, 0xff, 0xb5, 0x0, 0x0, 0x0,
    0x0, 0x0, 0x0, 0x0, 0x19, 0xff, 0xff, 0xff,
    0xff, 0xff, 0xff, 0xfd, 0x40, 0x0, 0x0, 0x0,
    0x0, 0x0, 0x3e, 0xff, 0xff, 0xff, 0xff, 0xff,
    0xff, 0xff, 0xff, 0x90, 0x0, 0x0, 0x0, 0x0,
    0x4f, 0xff, 0xff, 0xff, 0xff, 0xff, 0xff, 0xff,
    0xff, 0xff, 0xa0, 0x0, 0x0, 0x0, 0x2f, 0xff,
    0xff, 0xff, 0xd8, 0x54, 0x56, 0xaf, 0xff, 0xff,
    0xff, 0x90, 0x0, 0x0, 0xc, 0xff, 0xff, 0xfd,
    0x30, 0x0, 0x0, 0x0, 0x8, 0xff, 0xff, 0xff,
    0x40, 0x0, 0x6, 0xff, 0xff, 0xfb, 0x0, 0x0,
    0x0, 0x0, 0x0, 0x4, 0xff, 0xff, 0xfe, 0x0,
    0x0, 0xdf, 0xff, 0xfc, 0x0, 0x0, 0x0, 0x0,
    0x0, 0x0, 0x5, 0xff, 0xff, 0xf5, 0x0, 0x4f,
    0xff, 0xff, 0x30, 0x0, 0x0, 0x0, 0x0, 0x0,
    0x0, 0xb, 0xff, 0xff, 0xc0, 0x9, 0xff, 0xff,
    0xa0, 0x0, 0x0, 0x0, 0x0, 0x0, 0x0, 0x0,
    0x3f, 0xff, 0xff, 0x10, 0xdf, 0xff, 0xf4, 0x0,
    0x0, 0x0, 0x0, 0x0, 0x0, 0x0, 0x0, 0xdf,
    0xff, 0xf5, 0x1f, 0xff, 0xff, 0x0, 0x0, 0x0,
    0x0, 0x0, 0x0, 0x0, 0x0, 0x9, 0xff, 0xff,
    0x82, 0xff, 0xff, 0xd0, 0x0, 0x0, 0x0, 0x0,
    0x0, 0x0, 0x0, 0x0, 0x7f, 0xff, 0xfa, 0x3f,
    0xff, 0xfc, 0x0, 0x0, 0x0, 0x0, 0x0, 0x0,
    0x0, 0x0, 0x5, 0xff, 0xff, 0xb4, 0xff, 0xff,
    0xc0, 0x0, 0x0, 0x0, 0x0, 0x0, 0x0, 0x0,
    0x0, 0x6f, 0xff, 0xfb, 0x3f, 0xff, 0xff, 0x0,
    0x0, 0x0, 0x0, 0x0, 0x0, 0x0, 0x0, 0x8,
    0xff, 0xff, 0xa1, 0xff, 0xff, 0xf2, 0x0, 0x0,
    0x0, 0x0, 0x0, 0x0, 0x0, 0x0, 0xaf, 0xff,
    0xf8, 0xe, 0xff, 0xff, 0x40, 0x0, 0x0, 0x0,
    0x0, 0x0, 0x0, 0x0, 0xd, 0xff, 0xff, 0x50,
    0xbf, 0xff, 0xfa, 0x0, 0x0, 0x0, 0x0, 0x0,
    0x0, 0x0, 0x3, 0xff, 0xff, 0xf1, 0x6, 0xff,
    0xff, 0xf2, 0x0, 0x0, 0x0, 0x0, 0x0, 0x0,
    0x0, 0xaf, 0xff, 0xfd, 0x0, 0xf, 0xff, 0xff,
    0xc0, 0x0, 0x0, 0x0, 0x0, 0x0, 0x0, 0x4f,
    0xff, 0xff, 0x60, 0x0, 0x9f, 0xff, 0xff, 0xa0,
    0x0, 0x0, 0x0, 0x0, 0x0, 0x3f, 0xff, 0xff,
    0xe0, 0x0, 0x1, 0xef, 0xff, 0xff, 0xc3, 0x0,
    0x0, 0x0, 0x0, 0x8f, 0xff, 0xff, 0xf5, 0x0,
    0x0, 0x4, 0xff, 0xff, 0xff, 0xfd, 0x86, 0x45,
    0x7a, 0xff, 0xff, 0xff, 0xfa, 0x0, 0x0, 0x0,
    0x6, 0xff, 0xff, 0xff, 0xff, 0xff, 0xff, 0xff,
    0xff, 0xff, 0xfb, 0x0, 0x0, 0x0, 0x0, 0x5,
    0xff, 0xff, 0xff, 0xff, 0xff, 0xff, 0xff, 0xff,
    0xfb, 0x0, 0x0, 0x0, 0x0, 0x0, 0x2, 0xbf,
    0xff, 0xff, 0xff, 0xff, 0xff, 0xff, 0xe5, 0x0,
    0x0, 0x0, 0x0, 0x0, 0x0, 0x0, 0x49, 0xef,
    0xff, 0xff, 0xff, 0xfb, 0x60, 0x0, 0x0, 0x0,
    0x0, 0x0, 0x0, 0x0, 0x0, 0x0, 0x24, 0x67,
    0x65, 0x31, 0x0, 0x0, 0x0, 0x0, 0x0,

    /* U+00D7 "×" */
    0x0, 0x1, 0x0, 0x0, 0x0, 0x2, 0x0, 0x0,
    0x2, 0xea, 0x0, 0x0, 0xa, 0xf4, 0x0, 0x2,
    0xef, 0xfa, 0x0, 0x9, 0xff, 0xf4, 0x1, 0xef,
    0xff, 0xf9, 0x9, 0xff, 0xff, 0xf1, 0x7, 0xff,
    0xff, 0xfc, 0xff, 0xff, 0xf5, 0x0, 0x8, 0xff,
    0xff, 0xff, 0xff, 0xf6, 0x0, 0x0, 0x8, 0xff,
    0xff, 0xff, 0xf6, 0x0, 0x0, 0x0, 0xc, 0xff,
    0xff, 0xf9, 0x0, 0x0, 0x0, 0x9, 0xff, 0xff,
    0xff, 0xf4, 0x0, 0x0, 0x9, 0xff, 0xff, 0xff,
    0xff, 0xf4, 0x0, 0x9, 0xff, 0xff, 0xfb, 0xff,
    0xff, 0xf4, 0x2, 0xff, 0xff, 0xf7, 0x8, 0xff,
    0xff, 0xf2, 0x3, 0xff, 0xf8, 0x0, 0x8, 0xff,
    0xf7, 0x0, 0x3, 0xf9, 0x0, 0x0, 0x9, 0xf7,
    0x0, 0x0, 0x2, 0x0, 0x0, 0x0, 0x4, 0x0,
    0x0,

    /* U+00D8 "Ø" */
    0x0, 0x0, 0x0, 0x0, 0x0, 0x0, 0x0, 0x0,
    0x0, 0x0, 0x2, 0x77, 0x77, 0x50, 0x0, 0x0,
    0x0, 0x0, 0x0, 0x0, 0x0, 0x0, 0x0, 0x0,
    0x0, 0xcf, 0xff, 0xf3, 0x0, 0x0, 0x0, 0x0,
    0x0, 0x0, 0x2, 0x45, 0x76, 0x53, 0x0, 0x6f,
    0xff, 0xf9, 0x0, 0x0, 0x0, 0x0, 0x0, 0x2,
    0x8d, 0xff, 0xff, 0xff, 0xff, 0xbe, 0xff, 0xfe,
    0x10, 0x0, 0x0, 0x0, 0x0, 0x19, 0xff, 0xff,
    0xff, 0xff, 0xff, 0xff, 0xff, 0xff, 0x60, 0x0,
    0x0, 0x0, 0x0, 0x3e, 0xff, 0xff, 0xff, 0xff,
    0xff, 0xff, 0xff, 0xff, 0xe0, 0x0, 0x0, 0x0,
    0x0, 0x3f, 0xff, 0xff, 0xff, 0xff, 0xff, 0xff,
    0xff, 0xff, 0xff, 0x90, 0x0, 0x0, 0x0, 0x2f,
    0xff, 0xff, 0xff, 0xd8, 0x54, 0x57, 0xdf, 0xff,
    0xff, 0xff, 0x80, 0x0, 0x0, 0xc, 0xff, 0xff,
    0xfd, 0x30, 0x0, 0x0, 0xe, 0xff, 0xff, 0xff,
    0xff, 0x30, 0x0, 0x6, 0xff, 0xff, 0xfb, 0x0,
    0x0, 0x0, 0x8, 0xff, 0xff, 0xff, 0xff, 0xfc,
    0x0, 0x0, 0xdf, 0xff, 0xfc, 0x0, 0x0, 0x0,
    0x2, 0xff, 0xff, 0xc6, 0xff, 0xff, 0xf5, 0x0,
    0x4f, 0xff, 0xff, 0x30, 0x0, 0x0, 0x0, 0xbf,
    0xff, 0xf3, 0xb, 0xff, 0xff, 0xb0, 0x9, 0xff,
    0xff, 0xa0, 0x0, 0x0, 0x0, 0x5f, 0xff, 0xfa,
    0x0, 0x4f, 0xff, 0xff, 0x0, 0xdf, 0xff, 0xf4,
    0x0, 0x0, 0x0, 0xd, 0xff, 0xff, 0x10, 0x0,
    0xdf, 0xff, 0xf5, 0x1f, 0xff, 0xff, 0x0, 0x0,
    0x0, 0x7, 0xff, 0xff, 0x70, 0x0, 0xa, 0xff,
    0xff, 0x82, 0xff, 0xff, 0xd0, 0x0, 0x0, 0x1,
    0xff, 0xff, 0xd0, 0x0, 0x0, 0x7f, 0xff, 0xf9,
    0x3f, 0xff, 0xfc, 0x0, 0x0, 0x0, 0xaf, 0xff,
    0xf4, 0x0, 0x0, 0x5, 0xff, 0xff, 0xb4, 0xff,
    0xff, 0xc0, 0x0, 0x0, 0x4f, 0xff, 0xfb, 0x0,
    0x0, 0x0, 0x6f, 0xff, 0xfb, 0x2f, 0xff, 0xfe,
    0x0, 0x0, 0xd, 0xff, 0xff, 0x20, 0x0, 0x0,
    0x8, 0xff, 0xff, 0xa1, 0xff, 0xff, 0xf0, 0x0,
    0x6, 0xff, 0xff, 0x80, 0x0, 0x0, 0x0, 0xaf,
    0xff, 0xf8, 0xf, 0xff, 0xff, 0x40, 0x1, 0xef,
    0xff, 0xe0, 0x0, 0x0, 0x0, 0xd, 0xff, 0xff,
    0x50, 0xaf, 0xff, 0xfa, 0x0, 0x9f, 0xff, 0xf5,
    0x0, 0x0, 0x0, 0x3, 0xff, 0xff, 0xf1, 0x6,
    0xff, 0xff, 0xf2, 0x3f, 0xff, 0xfc, 0x0, 0x0,
    0x0, 0x0, 0xaf, 0xff, 0xfc, 0x0, 0x1f, 0xff,
    0xff, 0xcc, 0xff, 0xff, 0x30, 0x0, 0x0, 0x0,
    0x4f, 0xff, 0xff, 0x60, 0x0, 0x8f, 0xff, 0xff,
    0xff, 0xff, 0x90, 0x0, 0x0, 0x0, 0x3f, 0xff,
    0xff, 0xe0, 0x0, 0x0, 0xef, 0xff, 0xff, 0xff,
    0xe1, 0x0, 0x0, 0x0, 0x8f, 0xff, 0xff, 0xf5,
    0x0, 0x0, 0x4, 0xff, 0xff, 0xff, 0xfe, 0x96,
    0x45, 0x7a, 0xff, 0xff, 0xff, 0xfa, 0x0, 0x0,
    0x0, 0x6, 0xff, 0xff, 0xff, 0xff, 0xff, 0xff,
    0xff, 0xff, 0xff, 0xfb, 0x0, 0x0, 0x0, 0x0,
    0xc, 0xff, 0xff, 0xff, 0xff, 0xff, 0xff, 0xff,
    0xff, 0xfb, 0x0, 0x0, 0x0, 0x0, 0x5, 0xff,
    0xff, 0xff, 0xff, 0xff, 0xff, 0xff, 0xff, 0xe5,
    0x0, 0x0, 0x0, 0x0, 0x0, 0xef, 0xff, 0xfa,
    0xef, 0xff, 0xff, 0xff, 0xfb, 0x60, 0x0, 0x0,
    0x0, 0x0, 0x0, 0x9f, 0xff, 0xf6, 0x0, 0x35,
    0x67, 0x65, 0x31, 0x0, 0x0, 0x0, 0x0, 0x0,
    0x0, 0x3f, 0xff, 0xfc, 0x0, 0x0, 0x0, 0x0,
    0x0, 0x0, 0x0, 0x0, 0x0, 0x0, 0x0, 0x5,
    0x77, 0x77, 0x20, 0x0, 0x0, 0x0, 0x0, 0x0,
    0x0, 0x0, 0x0, 0x0, 0x0,

    /* U+00D9 "Ù" */
    0x0, 0x0, 0x0, 0x4, 0x99, 0x99, 0x92, 0x0,
    0x0, 0x0, 0x0, 0x0, 0x0, 0x0, 0x0, 0x0,
    0xc, 0xff, 0xff, 0xa0, 0x0, 0x0, 0x0, 0x0,
    0x0, 0x0, 0x0, 0x0, 0x0, 0x1e, 0xff, 0xff,
    0x30, 0x0, 0x0, 0x0, 0x0, 0x0, 0x0, 0x0,
    0x0, 0x0, 0x3f, 0xff, 0xfb, 0x0, 0x0, 0x0,
    0x0, 0x0, 0x0, 0x0, 0x0, 0x0, 0x0, 0x7f,
    0xff, 0xf4, 0x0, 0x0, 0x0, 0x0, 0x0, 0x0,
    0x0, 0x0, 0x0, 0x0, 0xaf, 0xff, 0xc0, 0x0,
    0x0, 0x0, 0x0, 0x0, 0x0, 0x0, 0x0, 0x0,
    0x0, 0x0, 0x0, 0x0, 0x0, 0x0, 0x0, 0x0,
    0x0, 0x0, 0x0, 0x0, 0x0, 0x0, 0x0, 0x0,
    0x0, 0x0, 0x0, 0x0, 0x0, 0x0, 0x0, 0x0,
    0x0, 0x0, 0x0, 0x0, 0x0, 0x0, 0x0, 0x0,
    0x1, 0xff, 0xff, 0xf0, 0x0, 0x0, 0x0, 0x0,
    0x0, 0x0, 0x3f, 0xff, 0xfd, 0x1f, 0xff, 0xff,
    0x0, 0x0, 0x0, 0x0, 0x0, 0x0, 0x3, 0xff,
    0xff, 0xd1, 0xff, 0xff, 0xf0, 0x0, 0x0, 0x0,
    0x0, 0x0, 0x0, 0x3f, 0xff, 0xfd, 0x1f, 0xff,
    0xff, 0x0, 0x0, 0x0, 0x0, 0x0, 0x0, 0x3,
    0xff, 0xff, 0xd1, 0xff, 0xff, 0xf0, 0x0, 0x0,
    0x0, 0x0, 0x0, 0x0, 0x3f, 0xff, 0xfd, 0x1f,
    0xff, 0xff, 0x0, 0x0, 0x0, 0x0, 0x0, 0x0,
    0x3, 0xff, 0xff, 0xd1, 0xff, 0xff, 0xf0, 0x0,
    0x0, 0x0, 0x0, 0x0, 0x0, 0x3f, 0xff, 0xfd,
    0x1f, 0xff, 0xff, 0x0, 0x0, 0x0, 0x0, 0x0,
    0x0, 0x3, 0xff, 0xff, 0xd1, 0xff, 0xff, 0xf0,
    0x0, 0x0, 0x0, 0x0, 0x0, 0x0, 0x3f, 0xff,
    0xfd, 0x1f, 0xff, 0xff, 0x0, 0x0, 0x0, 0x0,
    0x0, 0x0, 0x3, 0xff, 0xff, 0xd1, 0xff, 0xff,
    0xf0, 0x0, 0x0, 0x0, 0x0, 0x0, 0x0, 0x3f,
    0xff, 0xfd, 0x1f, 0xff, 0xff, 0x0, 0x0, 0x0,
    0x0, 0x0, 0x0, 0x3, 0xff, 0xff, 0xd1, 0xff,
    0xff, 0xf0, 0x0, 0x0, 0x0, 0x0, 0x0, 0x0,
    0x3f, 0xff, 0xfd, 0x1f, 0xff, 0xff, 0x0, 0x0,
    0x0, 0x0, 0x0, 0x0, 0x3, 0xff, 0xff, 0xd1,
    0xff, 0xff, 0xf0, 0x0, 0x0, 0x0, 0x0, 0x0,
    0x0, 0x3f, 0xff, 0xfd, 0x1f, 0xff, 0xff, 0x0,
    0x0, 0x0, 0x0, 0x0, 0x0, 0x3, 0xff, 0xff,
    0xd0, 0xff, 0xff, 0xf0, 0x0, 0x0, 0x0, 0x0,
    0x0, 0x0, 0x5f, 0xff, 0xfd, 0xf, 0xff, 0xff,
    0x10, 0x0, 0x0, 0x0, 0x0, 0x0, 0x7, 0xff,
    0xff, 0xb0, 0xef, 0xff, 0xf4, 0x0, 0x0, 0x0,
    0x0, 0x0, 0x0, 0x9f, 0xff, 0xfa, 0xb, 0xff,
    0xff, 0x90, 0x0, 0x0, 0x0, 0x0, 0x0, 0xd,
    0xff, 0xff, 0x70, 0x6f, 0xff, 0xff, 0x30, 0x0,
    0x0, 0x0, 0x0, 0x5, 0xff, 0xff, 0xf3, 0x1,
    0xff, 0xff, 0xfc, 0x0, 0x0, 0x0, 0x0, 0x0,
    0xdf, 0xff, 0xfe, 0x0, 0x9, 0xff, 0xff, 0xfd,
    0x30, 0x0, 0x0, 0x3, 0xdf, 0xff, 0xff, 0x70,
    0x0, 0x1f, 0xff, 0xff, 0xff, 0xa8, 0x54, 0x6a,
    0xff, 0xff, 0xff, 0xe0, 0x0, 0x0, 0x4f, 0xff,
    0xff, 0xff, 0xff, 0xff, 0xff, 0xff, 0xff, 0xf3,
    0x0, 0x0, 0x0, 0x5f, 0xff, 0xff, 0xff, 0xff,
    0xff, 0xff, 0xff, 0xf5, 0x0, 0x0, 0x0, 0x0,
    0x2d, 0xff, 0xff, 0xff, 0xff, 0xff, 0xff, 0xd3,
    0x0, 0x0, 0x0, 0x0, 0x0, 0x5, 0xcf, 0xff,
    0xff, 0xff, 0xfc, 0x50, 0x0, 0x0, 0x0, 0x0,
    0x0, 0x0, 0x0, 0x4, 0x67, 0x76, 0x40, 0x0,
    0x0, 0x0, 0x0,

    /* U+00DA "Ú" */
    0x0, 0x0, 0x0, 0x0, 0x0, 0x0, 0x5, 0x77,
    0x77, 0x70, 0x0, 0x0, 0x0, 0x0, 0x0, 0x0,
    0x0, 0x0, 0x1, 0xff, 0xff, 0xf4, 0x0, 0x0,
    0x0, 0x0, 0x0, 0x0, 0x0, 0x0, 0x0, 0x9f,
    0xff, 0xf8, 0x0, 0x0, 0x0, 0x0, 0x0, 0x0,
    0x0, 0x0, 0x0, 0x2f, 0xff, 0xfb, 0x0, 0x0,
    0x0, 0x0, 0x0, 0x0, 0x0, 0x0, 0x0, 0xa,
    0xff, 0xfe, 0x10, 0x0, 0x0, 0x0, 0x0, 0x0,
    0x0, 0x0, 0x0, 0x2, 0xff, 0xff, 0x30, 0x0,
    0x0, 0x0, 0x0, 0x0, 0x0, 0x0, 0x0, 0x0,
    0x0, 0x0, 0x0, 0x0, 0x0, 0x0, 0x0, 0x0,
    0x0, 0x0, 0x0, 0x0, 0x0, 0x0, 0x0, 0x0,
    0x0, 0x0, 0x0, 0x0, 0x0, 0x0, 0x0, 0x0,
    0x0, 0x0, 0x0, 0x0, 0x0, 0x0, 0x0, 0x0,
    0x1, 0xff, 0xff, 0xf0, 0x0, 0x0, 0x0, 0x0,
    0x0, 0x0, 0x4f, 0xff, 0xfd, 0x1f, 0xff, 0xff,
    0x0, 0x0, 0x0, 0x0, 0x0, 0x0, 0x4, 0xff,
    0xff, 0xd1, 0xff, 0xff, 0xf0, 0x0, 0x0, 0x0,
    0x0, 0x0, 0x0, 0x4f, 0xff, 0xfd, 0x1f, 0xff,
    0xff, 0x0, 0x0, 0x0, 0x0, 0x0, 0x0, 0x4,
    0xff, 0xff, 0xd1, 0xff, 0xff, 0xf0, 0x0, 0x0,
    0x0, 0x0, 0x0, 0x0, 0x4f, 0xff, 0xfd, 0x1f,
    0xff, 0xff, 0x0, 0x0, 0x0, 0x0, 0x0, 0x0,
    0x4, 0xff, 0xff, 0xd1, 0xff, 0xff, 0xf0, 0x0,
    0x0, 0x0, 0x0, 0x0, 0x0, 0x4f, 0xff, 0xfd,
    0x1f, 0xff, 0xff, 0x0, 0x0, 0x0, 0x0, 0x0,
    0x0, 0x4, 0xff, 0xff, 0xd1, 0xff, 0xff, 0xf0,
    0x0, 0x0, 0x0, 0x0, 0x0, 0x0, 0x4f, 0xff,
    0xfd, 0x1f, 0xff, 0xff, 0x0, 0x0, 0x0, 0x0,
    0x0, 0x0, 0x4, 0xff, 0xff, 0xd1, 0xff, 0xff,
    0xf0, 0x0, 0x0, 0x0, 0x0, 0x0, 0x0, 0x4f,
    0xff, 0xfd, 0x1f, 0xff, 0xff, 0x0, 0x0, 0x0,
    0x0, 0x0, 0x0, 0x4, 0xff, 0xff, 0xd1, 0xff,
    0xff, 0xf0, 0x0, 0x0, 0x0, 0x0, 0x0, 0x0,
    0x4f, 0xff, 0xfd, 0x1f, 0xff, 0xff, 0x0, 0x0,
    0x0, 0x0, 0x0, 0x0, 0x4, 0xff, 0xff, 0xd1,
    0xff, 0xff, 0xf0, 0x0, 0x0, 0x0, 0x0, 0x0,
    0x0, 0x4f, 0xff, 0xfd, 0x1f, 0xff, 0xff, 0x0,
    0x0, 0x0, 0x0, 0x0, 0x0, 0x4, 0xff, 0xff,
    0xd0, 0xff, 0xff, 0xf0, 0x0, 0x0, 0x0, 0x0,
    0x0, 0x0, 0x5f, 0xff, 0xfd, 0xf, 0xff, 0xff,
    0x10, 0x0, 0x0, 0x0, 0x0, 0x0, 0x7, 0xff,
    0xff, 0xb0, 0xef, 0xff, 0xf4, 0x0, 0x0, 0x0,
    0x0, 0x0, 0x0, 0x9f, 0xff, 0xfa, 0xb, 0xff,
    0xff, 0x90, 0x0, 0x0, 0x0, 0x0, 0x0, 0xd,
    0xff, 0xff, 0x70, 0x6f, 0xff, 0xff, 0x30, 0x0,
    0x0, 0x0, 0x0, 0x5, 0xff, 0xff, 0xf3, 0x1,
    0xff, 0xff, 0xfc, 0x0, 0x0, 0x0, 0x0, 0x0,
    0xdf, 0xff, 0xfe, 0x0, 0x9, 0xff, 0xff, 0xfd,
    0x30, 0x0, 0x0, 0x3, 0xdf, 0xff, 0xff, 0x70,
    0x0, 0x1f, 0xff, 0xff, 0xff, 0xa8, 0x54, 0x6a,
    0xff, 0xff, 0xff, 0xe0, 0x0, 0x0, 0x4f, 0xff,
    0xff, 0xff, 0xff, 0xff, 0xff, 0xff, 0xff, 0xf3,
    0x0, 0x0, 0x0, 0x5f, 0xff, 0xff, 0xff, 0xff,
    0xff, 0xff, 0xff, 0xf5, 0x0, 0x0, 0x0, 0x0,
    0x2d, 0xff, 0xff, 0xff, 0xff, 0xff, 0xff, 0xd3,
    0x0, 0x0, 0x0, 0x0, 0x0, 0x5, 0xcf, 0xff,
    0xff, 0xff, 0xfc, 0x50, 0x0, 0x0, 0x0, 0x0,
    0x0, 0x0, 0x0, 0x4, 0x67, 0x76, 0x40, 0x0,
    0x0, 0x0, 0x0,

    /* U+00DB "Û" */
    0x0, 0x0, 0x0, 0x0, 0x0, 0x4, 0x77, 0x40,
    0x0, 0x0, 0x0, 0x0, 0x0, 0x0, 0x0, 0x0,
    0x0, 0x5, 0xff, 0xff, 0x60, 0x0, 0x0, 0x0,
    0x0, 0x0, 0x0, 0x0, 0x0, 0x6, 0xff, 0xff,
    0xff, 0x80, 0x0, 0x0, 0x0, 0x0, 0x0, 0x0,
    0x0, 0x6, 0xff, 0xff, 0xff, 0xff, 0x90, 0x0,
    0x0, 0x0, 0x0, 0x0, 0x0, 0x7, 0xff, 0xff,
    0x55, 0xff, 0xff, 0xa0, 0x0, 0x0, 0x0, 0x0,
    0x0, 0x8, 0xff, 0xff, 0x40, 0x4, 0xff, 0xff,
    0xb0, 0x0, 0x0, 0x0, 0x0, 0x0, 0x0, 0x0,
    0x0, 0x0, 0x0, 0x0, 0x0, 0x0, 0x0, 0x0,
    0x0, 0x0, 0x0, 0x0, 0x0, 0x0, 0x0, 0x0,
    0x0, 0x0, 0x0, 0x0, 0x0, 0x0, 0x0, 0x0,
    0x0, 0x0, 0x0, 0x0, 0x0, 0x0, 0x0, 0x0,
    0x1, 0xff, 0xff, 0xf0, 0x0, 0x0, 0x0, 0x0,
    0x0, 0x0, 0x3f, 0xff, 0xfd, 0x1f, 0xff, 0xff,
    0x0, 0x0, 0x0, 0x0, 0x0, 0x0, 0x3, 0xff,
    0xff, 0xd1, 0xff, 0xff, 0xf0, 0x0, 0x0, 0x0,
    0x0, 0x0, 0x0, 0x3f, 0xff, 0xfd, 0x1f, 0xff,
    0xff, 0x0, 0x0, 0x0, 0x0, 0x0, 0x0, 0x3,
    0xff, 0xff, 0xd1, 0xff, 0xff, 0xf0, 0x0, 0x0,
    0x0, 0x0, 0x0, 0x0, 0x3f, 0xff, 0xfd, 0x1f,
    0xff, 0xff, 0x0, 0x0, 0x0, 0x0, 0x0, 0x0,
    0x3, 0xff, 0xff, 0xd1, 0xff, 0xff, 0xf0, 0x0,
    0x0, 0x0, 0x0, 0x0, 0x0, 0x3f, 0xff, 0xfd,
    0x1f, 0xff, 0xff, 0x0, 0x0, 0x0, 0x0, 0x0,
    0x0, 0x3, 0xff, 0xff, 0xd1, 0xff, 0xff, 0xf0,
    0x0, 0x0, 0x0, 0x0, 0x0, 0x0, 0x3f, 0xff,
    0xfd, 0x1f, 0xff, 0xff, 0x0, 0x0, 0x0, 0x0,
    0x0, 0x0, 0x3, 0xff, 0xff, 0xd1, 0xff, 0xff,
    0xf0, 0x0, 0x0, 0x0, 0x0, 0x0, 0x0, 0x3f,
    0xff, 0xfd, 0x1f, 0xff, 0xff, 0x0, 0x0, 0x0,
    0x0, 0x0, 0x0, 0x3, 0xff, 0xff, 0xd1, 0xff,
    0xff, 0xf0, 0x0, 0x0, 0x0, 0x0, 0x0, 0x0,
    0x3f, 0xff, 0xfd, 0x1f, 0xff, 0xff, 0x0, 0x0,
    0x0, 0x0, 0x0, 0x0, 0x3, 0xff, 0xff, 0xd1,
    0xff, 0xff, 0xf0, 0x0, 0x0, 0x0, 0x0, 0x0,
    0x0, 0x3f, 0xff, 0xfd, 0x1f, 0xff, 0xff, 0x0,
    0x0, 0x0, 0x0, 0x0, 0x0, 0x3, 0xff, 0xff,
    0xd0, 0xff, 0xff, 0xf0, 0x0, 0x0, 0x0, 0x0,
    0x0, 0x0, 0x5f, 0xff, 0xfd, 0xf, 0xff, 0xff,
    0x10, 0x0, 0x0, 0x0, 0x0, 0x0, 0x7, 0xff,
    0xff, 0xb0, 0xef, 0xff, 0xf4, 0x0, 0x0, 0x0,
    0x0, 0x0, 0x0, 0x9f, 0xff, 0xfa, 0xb, 0xff,
    0xff, 0x90, 0x0, 0x0, 0x0, 0x0, 0x0, 0xd,
    0xff, 0xff, 0x70, 0x6f, 0xff, 0xff, 0x30, 0x0,
    0x0, 0x0, 0x0, 0x5, 0xff, 0xff, 0xf3, 0x1,
    0xff, 0xff, 0xfc, 0x0, 0x0, 0x0, 0x0, 0x0,
    0xdf, 0xff, 0xfe, 0x0, 0x9, 0xff, 0xff, 0xfd,
    0x30, 0x0, 0x0, 0x3, 0xdf, 0xff, 0xff, 0x70,
    0x0, 0x1f, 0xff, 0xff, 0xff, 0xa8, 0x54, 0x6a,
    0xff, 0xff, 0xff, 0xe0, 0x0, 0x0, 0x4f, 0xff,
    0xff, 0xff, 0xff, 0xff, 0xff, 0xff, 0xff, 0xf3,
    0x0, 0x0, 0x0, 0x5f, 0xff, 0xff, 0xff, 0xff,
    0xff, 0xff, 0xff, 0xf5, 0x0, 0x0, 0x0, 0x0,
    0x2d, 0xff, 0xff, 0xff, 0xff, 0xff, 0xff, 0xd3,
    0x0, 0x0, 0x0, 0x0, 0x0, 0x5, 0xcf, 0xff,
    0xff, 0xff, 0xfc, 0x50, 0x0, 0x0, 0x0, 0x0,
    0x0, 0x0, 0x0, 0x4, 0x67, 0x76, 0x40, 0x0,
    0x0, 0x0, 0x0,

    /* U+00DC "Ü" */
    0x0, 0x0, 0x0, 0x0, 0x0, 0x0, 0x0, 0x0,
    0x0, 0x0, 0x0, 0x0, 0x0, 0x0, 0x0, 0x0,
    0x69, 0x60, 0x0, 0x0, 0x1, 0x88, 0x40, 0x0,
    0x0, 0x0, 0x0, 0x0, 0xcf, 0xff, 0xa0, 0x0,
    0x2, 0xff, 0xff, 0x50, 0x0, 0x0, 0x0, 0x0,
    0x3f, 0xff, 0xff, 0x10, 0x0, 0x7f, 0xff, 0xfc,
    0x0, 0x0, 0x0, 0x0, 0x3, 0xff, 0xff, 0xf1,
    0x0, 0x7, 0xff, 0xff, 0xc0, 0x0, 0x0, 0x0,
    0x0, 0xc, 0xff, 0xfa, 0x0, 0x0, 0x2f, 0xff,
    0xf5, 0x0, 0x0, 0x0, 0x0, 0x0, 0x7, 0x96,
    0x0, 0x0, 0x0, 0x28, 0x94, 0x0, 0x0, 0x0,
    0x0, 0x0, 0x0, 0x0, 0x0, 0x0, 0x0, 0x0,
    0x0, 0x0, 0x0, 0x0, 0x0, 0x0, 0x0, 0x0,
    0x0, 0x0, 0x0, 0x0, 0x0, 0x0, 0x0, 0x0,
    0x1, 0xff, 0xff, 0xf0, 0x0, 0x0, 0x0, 0x0,
    0x0, 0x0, 0x4f, 0xff, 0xfd, 0x1f, 0xff, 0xff,
    0x0, 0x0, 0x0, 0x0, 0x0, 0x0, 0x4, 0xff,
    0xff, 0xd1, 0xff, 0xff, 0xf0, 0x0, 0x0, 0x0,
    0x0, 0x0, 0x0, 0x4f, 0xff, 0xfd, 0x1f, 0xff,
    0xff, 0x0, 0x0, 0x0, 0x0, 0x0, 0x0, 0x4,
    0xff, 0xff, 0xd1, 0xff, 0xff, 0xf0, 0x0, 0x0,
    0x0, 0x0, 0x0, 0x0, 0x4f, 0xff, 0xfd, 0x1f,
    0xff, 0xff, 0x0, 0x0, 0x0, 0x0, 0x0, 0x0,
    0x4, 0xff, 0xff, 0xd1, 0xff, 0xff, 0xf0, 0x0,
    0x0, 0x0, 0x0, 0x0, 0x0, 0x4f, 0xff, 0xfd,
    0x1f, 0xff, 0xff, 0x0, 0x0, 0x0, 0x0, 0x0,
    0x0, 0x4, 0xff, 0xff, 0xd1, 0xff, 0xff, 0xf0,
    0x0, 0x0, 0x0, 0x0, 0x0, 0x0, 0x4f, 0xff,
    0xfd, 0x1f, 0xff, 0xff, 0x0, 0x0, 0x0, 0x0,
    0x0, 0x0, 0x4, 0xff, 0xff, 0xd1, 0xff, 0xff,
    0xf0, 0x0, 0x0, 0x0, 0x0, 0x0, 0x0, 0x4f,
    0xff, 0xfd, 0x1f, 0xff, 0xff, 0x0, 0x0, 0x0,
    0x0, 0x0, 0x0, 0x4, 0xff, 0xff, 0xd1, 0xff,
    0xff, 0xf0, 0x0, 0x0, 0x0, 0x0, 0x0, 0x0,
    0x4f, 0xff, 0xfd, 0x1f, 0xff, 0xff, 0x0, 0x0,
    0x0, 0x0, 0x0, 0x0, 0x4, 0xff, 0xff, 0xd1,
    0xff, 0xff, 0xf0, 0x0, 0x0, 0x0, 0x0, 0x0,
    0x0, 0x4f, 0xff, 0xfd, 0x1f, 0xff, 0xff, 0x0,
    0x0, 0x0, 0x0, 0x0, 0x0, 0x4, 0xff, 0xff,
    0xd0, 0xff, 0xff, 0xf0, 0x0, 0x0, 0x0, 0x0,
    0x0, 0x0, 0x5f, 0xff, 0xfd, 0xf, 0xff, 0xff,
    0x10, 0x0, 0x0, 0x0, 0x0, 0x0, 0x7, 0xff,
    0xff, 0xb0, 0xef, 0xff, 0xf4, 0x0, 0x0, 0x0,
    0x0, 0x0, 0x0, 0x9f, 0xff, 0xfa, 0xb, 0xff,
    0xff, 0x90, 0x0, 0x0, 0x0, 0x0, 0x0, 0xd,
    0xff, 0xff, 0x70, 0x6f, 0xff, 0xff, 0x30, 0x0,
    0x0, 0x0, 0x0, 0x5, 0xff, 0xff, 0xf3, 0x1,
    0xff, 0xff, 0xfc, 0x0, 0x0, 0x0, 0x0, 0x0,
    0xdf, 0xff, 0xfe, 0x0, 0x9, 0xff, 0xff, 0xfd,
    0x30, 0x0, 0x0, 0x3, 0xdf, 0xff, 0xff, 0x70,
    0x0, 0x1f, 0xff, 0xff, 0xff, 0xa8, 0x54, 0x6a,
    0xff, 0xff, 0xff, 0xe0, 0x0, 0x0, 0x4f, 0xff,
    0xff, 0xff, 0xff, 0xff, 0xff, 0xff, 0xff, 0xf3,
    0x0, 0x0, 0x0, 0x5f, 0xff, 0xff, 0xff, 0xff,
    0xff, 0xff, 0xff, 0xf5, 0x0, 0x0, 0x0, 0x0,
    0x2d, 0xff, 0xff, 0xff, 0xff, 0xff, 0xff, 0xd3,
    0x0, 0x0, 0x0, 0x0, 0x0, 0x5, 0xcf, 0xff,
    0xff, 0xff, 0xfc, 0x50, 0x0, 0x0, 0x0, 0x0,
    0x0, 0x0, 0x0, 0x4, 0x67, 0x76, 0x40, 0x0,
    0x0, 0x0, 0x0,

    /* U+00DD "Ý" */
    0x0, 0x0, 0x0, 0x0, 0x0, 0x0, 0x6, 0xff,
    0xff, 0xf2, 0x0, 0x0, 0x0, 0x0, 0x0, 0x0,
    0x0, 0x0, 0x0, 0x0, 0xef, 0xff, 0xf5, 0x0,
    0x0, 0x0, 0x0, 0x0, 0x0, 0x0, 0x0, 0x0,
    0x0, 0x6f, 0xff, 0xf8, 0x0, 0x0, 0x0, 0x0,
    0x0, 0x0, 0x0, 0x0, 0x0, 0x0, 0xe, 0xff,
    0xfb, 0x0, 0x0, 0x0, 0x0, 0x0, 0x0, 0x0,
    0x0, 0x0, 0x0, 0x7, 0xff, 0xfe, 0x10, 0x0,
    0x0, 0x0, 0x0, 0x0, 0x0, 0x0, 0x0, 0x0,
    0x0, 0x67, 0x77, 0x20, 0x0, 0x0, 0x0, 0x0,
    0x0, 0x0, 0x0, 0x0, 0x0, 0x0, 0x0, 0x0,
    0x0, 0x0, 0x0, 0x0, 0x0, 0x0, 0x0, 0x0,
    0x0, 0x0, 0x0, 0x0, 0x0, 0x0, 0x0, 0x0,
    0x0, 0x0, 0x0, 0x0, 0x5f, 0xff, 0xff, 0xc0,
    0x0, 0x0, 0x0, 0x0, 0x0, 0x0, 0xaf, 0xff,
    0xff, 0xa0, 0xbf, 0xff, 0xff, 0x60, 0x0, 0x0,
    0x0, 0x0, 0x0, 0x4f, 0xff, 0xff, 0xe1, 0x1,
    0xff, 0xff, 0xfe, 0x10, 0x0, 0x0, 0x0, 0x0,
    0xd, 0xff, 0xff, 0xf5, 0x0, 0x6, 0xff, 0xff,
    0xf9, 0x0, 0x0, 0x0, 0x0, 0x8, 0xff, 0xff,
    0xfa, 0x0, 0x0, 0xc, 0xff, 0xff, 0xf3, 0x0,
    0x0, 0x0, 0x3, 0xff, 0xff, 0xfe, 0x10, 0x0,
    0x0, 0x2f, 0xff, 0xff, 0xc0, 0x0, 0x0, 0x0,
    0xcf, 0xff, 0xff, 0x50, 0x0, 0x0, 0x0, 0x8f,
    0xff, 0xff, 0x60, 0x0, 0x0, 0x7f, 0xff, 0xff,
    0xa0, 0x0, 0x0, 0x0, 0x0, 0xdf, 0xff, 0xff,
    0x10, 0x0, 0x2f, 0xff, 0xff, 0xe1, 0x0, 0x0,
    0x0, 0x0, 0x3, 0xff, 0xff, 0xfa, 0x0, 0xb,
    0xff, 0xff, 0xf5, 0x0, 0x0, 0x0, 0x0, 0x0,
    0x9, 0xff, 0xff, 0xf4, 0x5, 0xff, 0xff, 0xfa,
    0x0, 0x0, 0x0, 0x0, 0x0, 0x0, 0xe, 0xff,
    0xff, 0xd1, 0xef, 0xff, 0xfe, 0x10, 0x0, 0x0,
    0x0, 0x0, 0x0, 0x0, 0x5f, 0xff, 0xff, 0xef,
    0xff, 0xff, 0x40, 0x0, 0x0, 0x0, 0x0, 0x0,
    0x0, 0x0, 0xaf, 0xff, 0xff, 0xff, 0xff, 0xa0,
    0x0, 0x0, 0x0, 0x0, 0x0, 0x0, 0x0, 0x1,
    0xef, 0xff, 0xff, 0xff, 0xe1, 0x0, 0x0, 0x0,
    0x0, 0x0, 0x0, 0x0, 0x0, 0x6, 0xff, 0xff,
    0xff, 0xf4, 0x0, 0x0, 0x0, 0x0, 0x0, 0x0,
    0x0, 0x0, 0x0, 0xc, 0xff, 0xff, 0xf9, 0x0,
    0x0, 0x0, 0x0, 0x0, 0x0, 0x0, 0x0, 0x0,
    0x0, 0x3f, 0xff, 0xff, 0x0, 0x0, 0x0, 0x0,
    0x0, 0x0, 0x0, 0x0, 0x0, 0x0, 0x2, 0xff,
    0xff, 0xf0, 0x0, 0x0, 0x0, 0x0, 0x0, 0x0,
    0x0, 0x0, 0x0, 0x0, 0x2f, 0xff, 0xff, 0x0,
    0x0, 0x0, 0x0, 0x0, 0x0, 0x0, 0x0, 0x0,
    0x0, 0x2, 0xff, 0xff, 0xf0, 0x0, 0x0, 0x0,
    0x0, 0x0, 0x0, 0x0, 0x0, 0x0, 0x0, 0x2f,
    0xff, 0xff, 0x0, 0x0, 0x0, 0x0, 0x0, 0x0,
    0x0, 0x0, 0x0, 0x0, 0x2, 0xff, 0xff, 0xf0,
    0x0, 0x0, 0x0, 0x0, 0x0, 0x0, 0x0, 0x0,
    0x0, 0x0, 0x2f, 0xff, 0xff, 0x0, 0x0, 0x0,
    0x0, 0x0, 0x0, 0x0, 0x0, 0x0, 0x0, 0x2,
    0xff, 0xff, 0xf0, 0x0, 0x0, 0x0, 0x0, 0x0,
    0x0, 0x0, 0x0, 0x0, 0x0, 0x2f, 0xff, 0xff,
    0x0, 0x0, 0x0, 0x0, 0x0, 0x0, 0x0, 0x0,
    0x0, 0x0, 0x2, 0xff, 0xff, 0xf0, 0x0, 0x0,
    0x0, 0x0, 0x0, 0x0, 0x0, 0x0, 0x0, 0x0,
    0x2f, 0xff, 0xff, 0x0, 0x0, 0x0, 0x0, 0x0,
    0x0, 0x0, 0x0, 0x0, 0x0, 0x2, 0xff, 0xff,
    0xf0, 0x0, 0x0, 0x0, 0x0, 0x0,

    /* U+00DE "Þ" */
    0xf, 0xff, 0xff, 0x0, 0x0, 0x0, 0x0, 0x0,
    0x0, 0x0, 0x0, 0x0, 0x0, 0x0, 0xf, 0xff,
    0xff, 0x0, 0x0, 0x0, 0x0, 0x0, 0x0, 0x0,
    0x0, 0x0, 0x0, 0x0, 0xf, 0xff, 0xff, 0x0,
    0x0, 0x0, 0x0, 0x0, 0x0, 0x0, 0x0, 0x0,
    0x0, 0x0, 0xf, 0xff, 0xff, 0x0, 0x0, 0x0,
    0x0, 0x0, 0x0, 0x0, 0x0, 0x0, 0x0, 0x0,
    0xf, 0xff, 0xff, 0x0, 0x0, 0x0, 0x0, 0x0,
    0x0, 0x0, 0x0, 0x0, 0x0, 0x0, 0xf, 0xff,
    0xff, 0xff, 0xff, 0xff, 0xff, 0xed, 0xa6, 0x10,
    0x0, 0x0, 0x0, 0x0, 0xf, 0xff, 0xff, 0xff,
    0xff, 0xff, 0xff, 0xff, 0xff, 0xf7, 0x0, 0x0,
    0x0, 0x0, 0xf, 0xff, 0xff, 0xff, 0xff, 0xff,
    0xff, 0xff, 0xff, 0xff, 0xb0, 0x0, 0x0, 0x0,
    0xf, 0xff, 0xff, 0xff, 0xff, 0xff, 0xff, 0xff,
    0xff, 0xff, 0xfb, 0x0, 0x0, 0x0, 0x1f, 0xff,
    0xff, 0xcc, 0xcc, 0xcc, 0xcc, 0xef, 0xff, 0xff,
    0xff, 0x70, 0x0, 0x0, 0x1f, 0xff, 0xff, 0x0,
    0x0, 0x0, 0x0, 0x1, 0x8f, 0xff, 0xff, 0xe0,
    0x0, 0x0, 0x1f, 0xff, 0xff, 0x0, 0x0, 0x0,
    0x0, 0x0, 0x5, 0xff, 0xff, 0xf5, 0x0, 0x0,
    0x1f, 0xff, 0xff, 0x0, 0x0, 0x0, 0x0, 0x0,
    0x0, 0xbf, 0xff, 0xf9, 0x0, 0x0, 0x1f, 0xff,
    0xff, 0x0, 0x0, 0x0, 0x0, 0x0, 0x0, 0x7f,
    0xff, 0xfb, 0x0, 0x0, 0x1f, 0xff, 0xff, 0x0,
    0x0, 0x0, 0x0, 0x0, 0x0, 0x5f, 0xff, 0xfc,
    0x0, 0x0, 0x1f, 0xff, 0xff, 0x0, 0x0, 0x0,
    0x0, 0x0, 0x0, 0x7f, 0xff, 0xfb, 0x0, 0x0,
    0x1f, 0xff, 0xff, 0x0, 0x0, 0x0, 0x0, 0x0,
    0x0, 0xdf, 0xff, 0xf8, 0x0, 0x0, 0x1f, 0xff,
    0xff, 0x0, 0x0, 0x0, 0x0, 0x0, 0x8, 0xff,
    0xff, 0xf3, 0x0, 0x0, 0x1f, 0xff, 0xff, 0x0,
    0x0, 0x0, 0x0, 0x25, 0xcf, 0xff, 0xff, 0xc0,
    0x0, 0x0, 0x1f, 0xff, 0xff, 0xff, 0xff, 0xff,
    0xff, 0xff, 0xff, 0xff, 0xff, 0x40, 0x0, 0x0,
    0x1f, 0xff, 0xff, 0xff, 0xff, 0xff, 0xff, 0xff,
    0xff, 0xff, 0xf7, 0x0, 0x0, 0x0, 0x1f, 0xff,
    0xff, 0xff, 0xff, 0xff, 0xff, 0xff, 0xff, 0xff,
    0x60, 0x0, 0x0, 0x0, 0x1f, 0xff, 0xff, 0xff,
    0xff, 0xff, 0xff, 0xff, 0xff, 0xa2, 0x0, 0x0,
    0x0, 0x0, 0x1f, 0xff, 0xff, 0xaa, 0xaa, 0xaa,
    0xaa, 0x98, 0x51, 0x0, 0x0, 0x0, 0x0, 0x0,
    0x1f, 0xff, 0xff, 0x0, 0x0, 0x0, 0x0, 0x0,
    0x0, 0x0, 0x0, 0x0, 0x0, 0x0, 0x1f, 0xff,
    0xff, 0x0, 0x0, 0x0, 0x0, 0x0, 0x0, 0x0,
    0x0, 0x0, 0x0, 0x0, 0x1f, 0xff, 0xff, 0x0,
    0x0, 0x0, 0x0, 0x0, 0x0, 0x0, 0x0, 0x0,
    0x0, 0x0, 0x1f, 0xff, 0xff, 0x0, 0x0, 0x0,
    0x0, 0x0, 0x0, 0x0, 0x0, 0x0, 0x0, 0x0,

    /* U+00DF "ß" */
    0x0, 0x0, 0x0, 0x2, 0x57, 0x63, 0x10, 0x0,
    0x0, 0x0, 0x0, 0x0, 0x1, 0x9f, 0xff, 0xff,
    0xff, 0xd7, 0x0, 0x0, 0x0, 0x0, 0x8, 0xff,
    0xff, 0xff, 0xff, 0xff, 0xfd, 0x20, 0x0, 0x0,
    0xa, 0xff, 0xff, 0xff, 0xff, 0xff, 0xff, 0xfe,
    0x20, 0x0, 0x7, 0xff, 0xff, 0xff, 0xff, 0xff,
    0xff, 0xff, 0xfc, 0x0, 0x0, 0xef, 0xff, 0xfe,
    0x72, 0x1, 0x4b, 0xff, 0xff, 0xf5, 0x0, 0x5f,
    0xff, 0xff, 0x30, 0x0, 0x0, 0xb, 0xff, 0xff,
    0xa0, 0x7, 0xff, 0xff, 0xa0, 0x0, 0x0, 0x0,
    0x4f, 0xff, 0xfd, 0x0, 0x9f, 0xff, 0xf7, 0x0,
    0x0, 0x0, 0x2, 0xff, 0xff, 0xe0, 0x9, 0xff,
    0xff, 0x70, 0x0, 0x0, 0x0, 0x6f, 0xff, 0xfc,
    0x0, 0x9f, 0xff, 0xf7, 0x0, 0x0, 0x0, 0x4f,
    0xff, 0xff, 0x80, 0x9, 0xff, 0xff, 0x70, 0x19,
    0x9a, 0xef, 0xff, 0xff, 0xe1, 0x0, 0x9f, 0xff,
    0xf7, 0x2, 0xff, 0xff, 0xff, 0xff, 0xe2, 0x0,
    0x9, 0xff, 0xff, 0x70, 0x2f, 0xff, 0xff, 0xff,
    0x70, 0x0, 0x0, 0x9f, 0xff, 0xf7, 0x2, 0xff,
    0xff, 0xff, 0xff, 0xc3, 0x0, 0x9, 0xff, 0xff,
    0x70, 0x2f, 0xff, 0xff, 0xff, 0xff, 0xf6, 0x0,
    0x9f, 0xff, 0xf7, 0x0, 0x0, 0x14, 0x9f, 0xff,
    0xff, 0xf6, 0x9, 0xff, 0xff, 0x70, 0x0, 0x0,
    0x0, 0x1d, 0xff, 0xff, 0xf1, 0x9f, 0xff, 0xf7,
    0x0, 0x0, 0x0, 0x0, 0x1d, 0xff, 0xff, 0x79,
    0xff, 0xff, 0x70, 0x0, 0x0, 0x0, 0x0, 0x6f,
    0xff, 0xfb, 0x9f, 0xff, 0xf7, 0x0, 0x0, 0x0,
    0x0, 0x3, 0xff, 0xff, 0xd9, 0xff, 0xff, 0x70,
    0x0, 0x0, 0x0, 0x0, 0x5f, 0xff, 0xfc, 0x9f,
    0xff, 0xf7, 0x0, 0x0, 0x0, 0x0, 0x9, 0xff,
    0xff, 0xa9, 0xff, 0xff, 0x80, 0x0, 0x0, 0x0,
    0x3, 0xff, 0xff, 0xf7, 0x9f, 0xff, 0xf8, 0x1,
    0x41, 0x0, 0x28, 0xff, 0xff, 0xff, 0x19, 0xff,
    0xff, 0x80, 0x3f, 0xff, 0xff, 0xff, 0xff, 0xff,
    0x90, 0x9f, 0xff, 0xf8, 0x3, 0xff, 0xff, 0xff,
    0xff, 0xff, 0xd0, 0x9, 0xff, 0xff, 0x80, 0x3f,
    0xff, 0xff, 0xff, 0xff, 0xb1, 0x0, 0x9f, 0xff,
    0xf8, 0x3, 0xff, 0xff, 0xff, 0xfc, 0x50, 0x0,
    0x0, 0x0, 0x0, 0x0, 0x0, 0x35, 0x55, 0x30,
    0x0, 0x0, 0x0, 0x0, 0x0, 0x0, 0x0, 0x0,
    0x0, 0x0, 0x0, 0x0, 0x0, 0x0,

    /* U+00E0 "à" */
    0x0, 0x0, 0x4, 0xff, 0xff, 0xf5, 0x0, 0x0,
    0x0, 0x0, 0x0, 0x0, 0x0, 0x0, 0x8f, 0xff,
    0xfd, 0x0, 0x0, 0x0, 0x0, 0x0, 0x0, 0x0,
    0x0, 0xb, 0xff, 0xff, 0x60, 0x0, 0x0, 0x0,
    0x0, 0x0, 0x0, 0x0, 0x1, 0xdf, 0xff, 0xe0,
    0x0, 0x0, 0x0, 0x0, 0x0, 0x0, 0x0, 0x0,
    0x2f, 0xff, 0xf7, 0x0, 0x0, 0x0, 0x0, 0x0,
    0x0, 0x0, 0x0, 0x4, 0x99, 0x98, 0x0, 0x0,
    0x0, 0x0, 0x0, 0x0, 0x0, 0x0, 0x0, 0x0,
    0x0, 0x0, 0x0, 0x0, 0x0, 0x0, 0x0, 0x0,
    0x0, 0x0, 0x0, 0x0, 0x0, 0x0, 0x0, 0x0,
    0x0, 0x0, 0x0, 0x1, 0x56, 0x76, 0x30, 0x0,
    0x0, 0x0, 0x0, 0x0, 0x0, 0x5, 0xcf, 0xff,
    0xff, 0xfe, 0x60, 0x3f, 0xff, 0xf5, 0x0, 0x1,
    0xcf, 0xff, 0xff, 0xff, 0xff, 0xfa, 0x4f, 0xff,
    0xf5, 0x0, 0x1e, 0xff, 0xff, 0xff, 0xff, 0xff,
    0xff, 0xdf, 0xff, 0xf5, 0x0, 0xcf, 0xff, 0xff,
    0xff, 0xee, 0xff, 0xff, 0xff, 0xff, 0xf5, 0x6,
    0xff, 0xff, 0xfe, 0x50, 0x0, 0x16, 0xff, 0xff,
    0xff, 0xf5, 0xd, 0xff, 0xff, 0xc0, 0x0, 0x0,
    0x0, 0x2d, 0xff, 0xff, 0xf5, 0x1f, 0xff, 0xff,
    0x20, 0x0, 0x0, 0x0, 0x4, 0xff, 0xff, 0xf5,
    0x5f, 0xff, 0xf9, 0x0, 0x0, 0x0, 0x0, 0x0,
    0xcf, 0xff, 0xf5, 0x6f, 0xff, 0xf6, 0x0, 0x0,
    0x0, 0x0, 0x0, 0x9f, 0xff, 0xf5, 0x7f, 0xff,
    0xf5, 0x0, 0x0, 0x0, 0x0, 0x0, 0x7f, 0xff,
    0xf5, 0x6f, 0xff, 0xf7, 0x0, 0x0, 0x0, 0x0,
    0x0, 0x9f, 0xff, 0xf5, 0x5f, 0xff, 0xfa, 0x0,
    0x0, 0x0, 0x0, 0x0, 0xdf, 0xff, 0xf5, 0x1f,
    0xff, 0xff, 0x30, 0x0, 0x0, 0x0, 0x5, 0xff,
    0xff, 0xf5, 0xd, 0xff, 0xff, 0xd1, 0x0, 0x0,
    0x0, 0x3e, 0xff, 0xff, 0xf5, 0x6, 0xff, 0xff,
    0xff, 0x72, 0x0, 0x38, 0xff, 0xff, 0xff, 0xf5,
    0x0, 0xdf, 0xff, 0xff, 0xff, 0xff, 0xff, 0xff,
    0xff, 0xff, 0xf5, 0x0, 0x2e, 0xff, 0xff, 0xff,
    0xff, 0xff, 0xff, 0xaf, 0xff, 0xf5, 0x0, 0x2,
    0xdf, 0xff, 0xff, 0xff, 0xff, 0xf8, 0x3f, 0xff,
    0xf5, 0x0, 0x0, 0x6, 0xdf, 0xff, 0xff, 0xfd,
    0x40, 0x2f, 0xff, 0xf5, 0x0, 0x0, 0x0, 0x2,
    0x56, 0x75, 0x20, 0x0, 0x0, 0x0, 0x0,

    /* U+00E1 "á" */
    0x0, 0x0, 0x0, 0x0, 0x0, 0x7f, 0xff, 0xfe,
    0x10, 0x0, 0x0, 0x0, 0x0, 0x0, 0x0, 0x1,
    0xff, 0xff, 0xf3, 0x0, 0x0, 0x0, 0x0, 0x0,
    0x0, 0x0, 0x8, 0xff, 0xff, 0x60, 0x0, 0x0,
    0x0, 0x0, 0x0, 0x0, 0x0, 0x1f, 0xff, 0xfa,
    0x0, 0x0, 0x0, 0x0, 0x0, 0x0, 0x0, 0x0,
    0x9f, 0xff, 0xd0, 0x0, 0x0, 0x0, 0x0, 0x0,
    0x0, 0x0, 0x0, 0x77, 0x77, 0x20, 0x0, 0x0,
    0x0, 0x0, 0x0, 0x0, 0x0, 0x0, 0x0, 0x0,
    0x0, 0x0, 0x0, 0x0, 0x0, 0x0, 0x0, 0x0,
    0x0, 0x0, 0x0, 0x0, 0x0, 0x0, 0x0, 0x0,
    0x0, 0x0, 0x0, 0x1, 0x56, 0x76, 0x30, 0x0,
    0x0, 0x0, 0x0, 0x0, 0x0, 0x5, 0xcf, 0xff,
    0xff, 0xfe, 0x60, 0x3f, 0xff, 0xf6, 0x0, 0x1,
    0xcf, 0xff, 0xff, 0xff, 0xff, 0xfa, 0x4f, 0xff,
    0xf6, 0x0, 0x1e, 0xff, 0xff, 0xff, 0xff, 0xff,
    0xff, 0xdf, 0xff, 0xf6, 0x0, 0xcf, 0xff, 0xff,
    0xff, 0xee, 0xff, 0xff, 0xff, 0xff, 0xf6, 0x6,
    0xff, 0xff, 0xfe, 0x50, 0x0, 0x16, 0xff, 0xff,
    0xff, 0xf6, 0xd, 0xff, 0xff, 0xc0, 0x0, 0x0,
    0x0, 0x2d, 0xff, 0xff, 0xf6, 0x1f, 0xff, 0xff,
    0x20, 0x0, 0x0, 0x0, 0x4, 0xff, 0xff, 0xf6,
    0x5f, 0xff, 0xf9, 0x0, 0x0, 0x0, 0x0, 0x0,
    0xcf, 0xff, 0xf6, 0x6f, 0xff, 0xf6, 0x0, 0x0,
    0x0, 0x0, 0x0, 0x9f, 0xff, 0xf6, 0x7f, 0xff,
    0xf5, 0x0, 0x0, 0x0, 0x0, 0x0, 0x7f, 0xff,
    0xf6, 0x6f, 0xff, 0xf7, 0x0, 0x0, 0x0, 0x0,
    0x0, 0x9f, 0xff, 0xf6, 0x5f, 0xff, 0xfa, 0x0,
    0x0, 0x0, 0x0, 0x0, 0xdf, 0xff, 0xf6, 0x1f,
    0xff, 0xff, 0x30, 0x0, 0x0, 0x0, 0x5, 0xff,
    0xff, 0xf6, 0xd, 0xff, 0xff, 0xd1, 0x0, 0x0,
    0x0, 0x3e, 0xff, 0xff, 0xf6, 0x6, 0xff, 0xff,
    0xff, 0x72, 0x0, 0x38, 0xff, 0xff, 0xff, 0xf6,
    0x0, 0xdf, 0xff, 0xff, 0xff, 0xff, 0xff, 0xff,
    0xff, 0xff, 0xf6, 0x0, 0x2e, 0xff, 0xff, 0xff,
    0xff, 0xff, 0xff, 0xaf, 0xff, 0xf6, 0x0, 0x2,
    0xdf, 0xff, 0xff, 0xff, 0xff, 0xf8, 0x3f, 0xff,
    0xf6, 0x0, 0x0, 0x6, 0xdf, 0xff, 0xff, 0xfd,
    0x40, 0x2f, 0xff, 0xf6, 0x0, 0x0, 0x0, 0x2,
    0x56, 0x75, 0x20, 0x0, 0x0, 0x0, 0x0,

    /* U+00E2 "â" */
    0x0, 0x0, 0x0, 0x0, 0x3, 0xef, 0xf9, 0x0,
    0x0, 0x0, 0x0, 0x0, 0x0, 0x0, 0x0, 0x3f,
    0xff, 0xff, 0xa0, 0x0, 0x0, 0x0, 0x0, 0x0,
    0x0, 0x4, 0xff, 0xff, 0xff, 0xfb, 0x0, 0x0,
    0x0, 0x0, 0x0, 0x0, 0x4f, 0xff, 0xf9, 0xef,
    0xff, 0xc1, 0x0, 0x0, 0x0, 0x0, 0x5, 0xff,
    0xff, 0x70, 0x2e, 0xff, 0xfd, 0x10, 0x0, 0x0,
    0x0, 0x7, 0x77, 0x75, 0x0, 0x2, 0x77, 0x77,
    0x50, 0x0, 0x0, 0x0, 0x0, 0x0, 0x0, 0x0,
    0x0, 0x0, 0x0, 0x0, 0x0, 0x0, 0x0, 0x0,
    0x0, 0x0, 0x0, 0x0, 0x0, 0x0, 0x0, 0x0,
    0x0, 0x0, 0x0, 0x1, 0x56, 0x76, 0x30, 0x0,
    0x0, 0x0, 0x0, 0x0, 0x0, 0x5, 0xcf, 0xff,
    0xff, 0xfe, 0x60, 0x3f, 0xff, 0xf5, 0x0, 0x1,
    0xcf, 0xff, 0xff, 0xff, 0xff, 0xfa, 0x4f, 0xff,
    0xf5, 0x0, 0x1e, 0xff, 0xff, 0xff, 0xff, 0xff,
    0xff, 0xdf, 0xff, 0xf5, 0x0, 0xcf, 0xff, 0xff,
    0xff, 0xee, 0xff, 0xff, 0xff, 0xff, 0xf5, 0x6,
    0xff, 0xff, 0xfe, 0x50, 0x0, 0x16, 0xff, 0xff,
    0xff, 0xf5, 0xd, 0xff, 0xff, 0xc0, 0x0, 0x0,
    0x0, 0x2d, 0xff, 0xff, 0xf5, 0x1f, 0xff, 0xff,
    0x20, 0x0, 0x0, 0x0, 0x4, 0xff, 0xff, 0xf5,
    0x5f, 0xff, 0xf9, 0x0, 0x0, 0x0, 0x0, 0x0,
    0xcf, 0xff, 0xf5, 0x6f, 0xff, 0xf6, 0x0, 0x0,
    0x0, 0x0, 0x0, 0x9f, 0xff, 0xf5, 0x7f, 0xff,
    0xf5, 0x0, 0x0, 0x0, 0x0, 0x0, 0x7f, 0xff,
    0xf5, 0x6f, 0xff, 0xf7, 0x0, 0x0, 0x0, 0x0,
    0x0, 0x9f, 0xff, 0xf5, 0x5f, 0xff, 0xfa, 0x0,
    0x0, 0x0, 0x0, 0x0, 0xdf, 0xff, 0xf5, 0x1f,
    0xff, 0xff, 0x30, 0x0, 0x0, 0x0, 0x5, 0xff,
    0xff, 0xf5, 0xd, 0xff, 0xff, 0xd1, 0x0, 0x0,
    0x0, 0x3e, 0xff, 0xff, 0xf5, 0x6, 0xff, 0xff,
    0xff, 0x72, 0x0, 0x38, 0xff, 0xff, 0xff, 0xf5,
    0x0, 0xdf, 0xff, 0xff, 0xff, 0xff, 0xff, 0xff,
    0xff, 0xff, 0xf5, 0x0, 0x2e, 0xff, 0xff, 0xff,
    0xff, 0xff, 0xff, 0xaf, 0xff, 0xf5, 0x0, 0x2,
    0xdf, 0xff, 0xff, 0xff, 0xff, 0xf8, 0x3f, 0xff,
    0xf5, 0x0, 0x0, 0x6, 0xdf, 0xff, 0xff, 0xfd,
    0x40, 0x2f, 0xff, 0xf5, 0x0, 0x0, 0x0, 0x2,
    0x56, 0x75, 0x20, 0x0, 0x0, 0x0, 0x0,

    /* U+00E3 "ã" */
    0x0, 0x0, 0x0, 0x0, 0x0, 0x0, 0x0, 0x0,
    0x0, 0x0, 0x0, 0x0, 0x0, 0x0, 0x3, 0xab,
    0x82, 0x0, 0x16, 0x0, 0x0, 0x0, 0x0, 0x0,
    0x0, 0x6f, 0xff, 0xff, 0xb8, 0xdf, 0xe7, 0x0,
    0x0, 0x0, 0x0, 0x2, 0xff, 0xff, 0xff, 0xff,
    0xff, 0xfd, 0x0, 0x0, 0x0, 0x0, 0x9, 0xff,
    0xff, 0xff, 0xff, 0xff, 0xf5, 0x0, 0x0, 0x0,
    0x0, 0x0, 0x6e, 0xc1, 0x17, 0xef, 0xff, 0x70,
    0x0, 0x0, 0x0, 0x0, 0x0, 0x0, 0x10, 0x0,
    0x5, 0x61, 0x0, 0x0, 0x0, 0x0, 0x0, 0x0,
    0x0, 0x0, 0x0, 0x0, 0x0, 0x0, 0x0, 0x0,
    0x0, 0x0, 0x0, 0x0, 0x0, 0x0, 0x0, 0x0,
    0x0, 0x0, 0x0, 0x0, 0x0, 0x0, 0x1, 0x56,
    0x76, 0x30, 0x0, 0x0, 0x0, 0x0, 0x0, 0x0,
    0x5, 0xcf, 0xff, 0xff, 0xfe, 0x60, 0x3f, 0xff,
    0xf5, 0x0, 0x1, 0xcf, 0xff, 0xff, 0xff, 0xff,
    0xfa, 0x4f, 0xff, 0xf5, 0x0, 0x1e, 0xff, 0xff,
    0xff, 0xff, 0xff, 0xff, 0xdf, 0xff, 0xf5, 0x0,
    0xcf, 0xff, 0xff, 0xff, 0xee, 0xff, 0xff, 0xff,
    0xff, 0xf5, 0x6, 0xff, 0xff, 0xfe, 0x50, 0x0,
    0x16, 0xff, 0xff, 0xff, 0xf5, 0xd, 0xff, 0xff,
    0xc0, 0x0, 0x0, 0x0, 0x2d, 0xff, 0xff, 0xf5,
    0x1f, 0xff, 0xff, 0x20, 0x0, 0x0, 0x0, 0x4,
    0xff, 0xff, 0xf5, 0x5f, 0xff, 0xf9, 0x0, 0x0,
    0x0, 0x0, 0x0, 0xcf, 0xff, 0xf5, 0x6f, 0xff,
    0xf6, 0x0, 0x0, 0x0, 0x0, 0x0, 0x9f, 0xff,
    0xf5, 0x7f, 0xff, 0xf5, 0x0, 0x0, 0x0, 0x0,
    0x0, 0x7f, 0xff, 0xf5, 0x6f, 0xff, 0xf7, 0x0,
    0x0, 0x0, 0x0, 0x0, 0x9f, 0xff, 0xf5, 0x5f,
    0xff, 0xfa, 0x0, 0x0, 0x0, 0x0, 0x0, 0xdf,
    0xff, 0xf5, 0x1f, 0xff, 0xff, 0x30, 0x0, 0x0,
    0x0, 0x5, 0xff, 0xff, 0xf5, 0xd, 0xff, 0xff,
    0xd1, 0x0, 0x0, 0x0, 0x3e, 0xff, 0xff, 0xf5,
    0x6, 0xff, 0xff, 0xff, 0x72, 0x0, 0x38, 0xff,
    0xff, 0xff, 0xf5, 0x0, 0xdf, 0xff, 0xff, 0xff,
    0xff, 0xff, 0xff, 0xff, 0xff, 0xf5, 0x0, 0x2e,
    0xff, 0xff, 0xff, 0xff, 0xff, 0xff, 0xaf, 0xff,
    0xf5, 0x0, 0x2, 0xdf, 0xff, 0xff, 0xff, 0xff,
    0xf8, 0x3f, 0xff, 0xf5, 0x0, 0x0, 0x6, 0xdf,
    0xff, 0xff, 0xfd, 0x40, 0x2f, 0xff, 0xf5, 0x0,
    0x0, 0x0, 0x2, 0x56, 0x75, 0x20, 0x0, 0x0,
    0x0, 0x0,

    /* U+00E4 "ä" */
    0x0, 0x0, 0x0, 0x0, 0x0, 0x0, 0x0, 0x0,
    0x0, 0x0, 0x0, 0x0, 0x0, 0x2, 0x88, 0x30,
    0x0, 0x0, 0x4, 0x97, 0x10, 0x0, 0x0, 0x0,
    0x3f, 0xff, 0xf3, 0x0, 0x0, 0x7f, 0xff, 0xe1,
    0x0, 0x0, 0x0, 0x9f, 0xff, 0xfa, 0x0, 0x0,
    0xef, 0xff, 0xf5, 0x0, 0x0, 0x0, 0x9f, 0xff,
    0xfa, 0x0, 0x0, 0xef, 0xff, 0xf5, 0x0, 0x0,
    0x0, 0x3f, 0xff, 0xf4, 0x0, 0x0, 0x8f, 0xff,
    0xe1, 0x0, 0x0, 0x0, 0x2, 0x88, 0x30, 0x0,
    0x0, 0x5, 0x97, 0x10, 0x0, 0x0, 0x0, 0x0,
    0x0, 0x0, 0x0, 0x0, 0x0, 0x0, 0x0, 0x0,
    0x0, 0x0, 0x0, 0x0, 0x0, 0x0, 0x0, 0x0,
    0x0, 0x0, 0x0, 0x0, 0x0, 0x0, 0x0, 0x0,
    0x0, 0x0, 0x0, 0x0, 0x0, 0x0, 0x0, 0x0,
    0x0, 0x1, 0x56, 0x76, 0x30, 0x0, 0x0, 0x0,
    0x0, 0x0, 0x0, 0x5, 0xcf, 0xff, 0xff, 0xfe,
    0x60, 0x3f, 0xff, 0xf6, 0x0, 0x1, 0xcf, 0xff,
    0xff, 0xff, 0xff, 0xfa, 0x4f, 0xff, 0xf6, 0x0,
    0x1e, 0xff, 0xff, 0xff, 0xff, 0xff, 0xff, 0xdf,
    0xff, 0xf6, 0x0, 0xcf, 0xff, 0xff, 0xff, 0xee,
    0xff, 0xff, 0xff, 0xff, 0xf6, 0x6, 0xff, 0xff,
    0xfe, 0x50, 0x0, 0x16, 0xff, 0xff, 0xff, 0xf6,
    0xd, 0xff, 0xff, 0xc0, 0x0, 0x0, 0x0, 0x2d,
    0xff, 0xff, 0xf6, 0x1f, 0xff, 0xff, 0x20, 0x0,
    0x0, 0x0, 0x4, 0xff, 0xff, 0xf6, 0x5f, 0xff,
    0xf9, 0x0, 0x0, 0x0, 0x0, 0x0, 0xcf, 0xff,
    0xf6, 0x6f, 0xff, 0xf6, 0x0, 0x0, 0x0, 0x0,
    0x0, 0x9f, 0xff, 0xf6, 0x7f, 0xff, 0xf5, 0x0,
    0x0, 0x0, 0x0, 0x0, 0x7f, 0xff, 0xf6, 0x6f,
    0xff, 0xf7, 0x0, 0x0, 0x0, 0x0, 0x0, 0x9f,
    0xff, 0xf6, 0x5f, 0xff, 0xfa, 0x0, 0x0, 0x0,
    0x0, 0x0, 0xdf, 0xff, 0xf6, 0x1f, 0xff, 0xff,
    0x30, 0x0, 0x0, 0x0, 0x5, 0xff, 0xff, 0xf6,
    0xd, 0xff, 0xff, 0xd1, 0x0, 0x0, 0x0, 0x3e,
    0xff, 0xff, 0xf6, 0x6, 0xff, 0xff, 0xff, 0x72,
    0x0, 0x38, 0xff, 0xff, 0xff, 0xf6, 0x0, 0xdf,
    0xff, 0xff, 0xff, 0xff, 0xff, 0xff, 0xff, 0xff,
    0xf6, 0x0, 0x2e, 0xff, 0xff, 0xff, 0xff, 0xff,
    0xff, 0xaf, 0xff, 0xf6, 0x0, 0x2, 0xdf, 0xff,
    0xff, 0xff, 0xff, 0xf8, 0x3f, 0xff, 0xf6, 0x0,
    0x0, 0x6, 0xdf, 0xff, 0xff, 0xfd, 0x40, 0x2f,
    0xff, 0xf6, 0x0, 0x0, 0x0, 0x2, 0x56, 0x75,
    0x20, 0x0, 0x0, 0x0, 0x0,

    /* U+00E5 "å" */
    0x0, 0x0, 0x0, 0x0, 0x4, 0x78, 0x61, 0x0,
    0x0, 0x0, 0x0, 0x0, 0x0, 0x0, 0x2, 0xcf,
    0xff, 0xff, 0x70, 0x0, 0x0, 0x0, 0x0, 0x0,
    0x0, 0xd, 0xff, 0xff, 0xff, 0xf6, 0x0, 0x0,
    0x0, 0x0, 0x0, 0x0, 0x6f, 0xfb, 0x21, 0x6f,
    0xfe, 0x0, 0x0, 0x0, 0x0, 0x0, 0x0, 0x9f,
    0xf2, 0x0, 0xb, 0xff, 0x10, 0x0, 0x0, 0x0,
    0x0, 0x0, 0x9f, 0xf2, 0x0, 0xb, 0xff, 0x10,
    0x0, 0x0, 0x0, 0x0, 0x0, 0x6f, 0xfb, 0x20,
    0x6f, 0xfe, 0x0, 0x0, 0x0, 0x0, 0x0, 0x0,
    0x1d, 0xff, 0xff, 0xff, 0xf7, 0x0, 0x0, 0x0,
    0x0, 0x0, 0x0, 0x3, 0xdf, 0xff, 0xff, 0x90,
    0x0, 0x0, 0x0, 0x0, 0x0, 0x0, 0x0, 0x5,
    0x9a, 0x72, 0x0, 0x0, 0x0, 0x0, 0x0, 0x0,
    0x0, 0x0, 0x0, 0x0, 0x0, 0x0, 0x0, 0x0,
    0x0, 0x0, 0x0, 0x0, 0x0, 0x0, 0x0, 0x0,
    0x0, 0x0, 0x0, 0x0, 0x0, 0x0, 0x0, 0x1,
    0x56, 0x76, 0x30, 0x0, 0x0, 0x0, 0x0, 0x0,
    0x0, 0x5, 0xcf, 0xff, 0xff, 0xfe, 0x60, 0x3f,
    0xff, 0xf5, 0x0, 0x1, 0xcf, 0xff, 0xff, 0xff,
    0xff, 0xfa, 0x4f, 0xff, 0xf5, 0x0, 0x1e, 0xff,
    0xff, 0xff, 0xff, 0xff, 0xff, 0xdf, 0xff, 0xf5,
    0x0, 0xcf, 0xff, 0xff, 0xff, 0xee, 0xff, 0xff,
    0xff, 0xff, 0xf5, 0x6, 0xff, 0xff, 0xfe, 0x50,
    0x0, 0x16, 0xff, 0xff, 0xff, 0xf5, 0xd, 0xff,
    0xff, 0xc0, 0x0, 0x0, 0x0, 0x2d, 0xff, 0xff,
    0xf5, 0x1f, 0xff, 0xff, 0x20, 0x0, 0x0, 0x0,
    0x4, 0xff, 0xff, 0xf5, 0x5f, 0xff, 0xf9, 0x0,
    0x0, 0x0, 0x0, 0x0, 0xcf, 0xff, 0xf5, 0x6f,
    0xff, 0xf6, 0x0, 0x0, 0x0, 0x0, 0x0, 0x9f,
    0xff, 0xf5, 0x7f, 0xff, 0xf5, 0x0, 0x0, 0x0,
    0x0, 0x0, 0x7f, 0xff, 0xf5, 0x6f, 0xff, 0xf7,
    0x0, 0x0, 0x0, 0x0, 0x0, 0x9f, 0xff, 0xf5,
    0x5f, 0xff, 0xfa, 0x0, 0x0, 0x0, 0x0, 0x0,
    0xdf, 0xff, 0xf5, 0x1f, 0xff, 0xff, 0x30, 0x0,
    0x0, 0x0, 0x5, 0xff, 0xff, 0xf5, 0xd, 0xff,
    0xff, 0xd1, 0x0, 0x0, 0x0, 0x3e, 0xff, 0xff,
    0xf5, 0x6, 0xff, 0xff, 0xff, 0x72, 0x0, 0x38,
    0xff, 0xff, 0xff, 0xf5, 0x0, 0xdf, 0xff, 0xff,
    0xff, 0xff, 0xff, 0xff, 0xff, 0xff, 0xf5, 0x0,
    0x2e, 0xff, 0xff, 0xff, 0xff, 0xff, 0xff, 0xaf,
    0xff, 0xf5, 0x0, 0x2, 0xdf, 0xff, 0xff, 0xff,
    0xff, 0xf8, 0x3f, 0xff, 0xf5, 0x0, 0x0, 0x6,
    0xdf, 0xff, 0xff, 0xfd, 0x40, 0x2f, 0xff, 0xf5,
    0x0, 0x0, 0x0, 0x2, 0x56, 0x75, 0x20, 0x0,
    0x0, 0x0, 0x0,

    /* U+00E6 "æ" */
    0x0, 0x0, 0x0, 0x2, 0x56, 0x75, 0x20, 0x0,
    0x0, 0x0, 0x0, 0x0, 0x36, 0x76, 0x51, 0x0,
    0x0, 0x0, 0x0, 0x0, 0x0, 0x7, 0xef, 0xff,
    0xff, 0xfc, 0x30, 0x7f, 0xff, 0x20, 0x7e, 0xff,
    0xff, 0xff, 0xb3, 0x0, 0x0, 0x0, 0x0, 0x3,
    0xef, 0xff, 0xff, 0xff, 0xff, 0xf6, 0x8f, 0xff,
    0x3c, 0xff, 0xff, 0xff, 0xff, 0xff, 0x90, 0x0,
    0x0, 0x0, 0x4f, 0xff, 0xff, 0xff, 0xff, 0xff,
    0xff, 0xcf, 0xff, 0xef, 0xff, 0xff, 0xff, 0xff,
    0xff, 0xfb, 0x0, 0x0, 0x1, 0xef, 0xff, 0xff,
    0xff, 0xef, 0xff, 0xff, 0xff, 0xff, 0xff, 0xff,
    0xfe, 0xef, 0xff, 0xff, 0xff, 0x80, 0x0, 0x9,
    0xff, 0xff, 0xfc, 0x40, 0x0, 0x28, 0xff, 0xff,
    0xff, 0xff, 0xe6, 0x10, 0x0, 0x29, 0xff, 0xff,
    0xf2, 0x0, 0x1f, 0xff, 0xff, 0x90, 0x0, 0x0,
    0x0, 0x3e, 0xff, 0xff, 0xfc, 0x10, 0x0, 0x0,
    0x0, 0x6f, 0xff, 0xf8, 0x0, 0x5f, 0xff, 0xfd,
    0x0, 0x0, 0x0, 0x0, 0x5, 0xff, 0xff, 0xf3,
    0x0, 0x0, 0x0, 0x0, 0xe, 0xff, 0xfd, 0x0,
    0x9f, 0xff, 0xf6, 0x0, 0x0, 0x0, 0x0, 0x0,
    0xcf, 0xff, 0xff, 0xff, 0xff, 0xff, 0xff, 0xff,
    0xff, 0xff, 0x0, 0xaf, 0xff, 0xf3, 0x0, 0x0,
    0x0, 0x0, 0x0, 0x9f, 0xff, 0xff, 0xff, 0xff,
    0xff, 0xff, 0xff, 0xff, 0xff, 0x10, 0xbf, 0xff,
    0xf1, 0x0, 0x0, 0x0, 0x0, 0x0, 0x7f, 0xff,
    0xff, 0xff, 0xff, 0xff, 0xff, 0xff, 0xff, 0xff,
    0x0, 0xaf, 0xff, 0xf3, 0x0, 0x0, 0x0, 0x0,
    0x0, 0x9f, 0xff, 0xff, 0xff, 0xff, 0xff, 0xff,
    0xff, 0xff, 0xfe, 0x0, 0x8f, 0xff, 0xf6, 0x0,
    0x0, 0x0, 0x0, 0x0, 0xdf, 0xff, 0xf0, 0x0,
    0x0, 0x0, 0x0, 0x0, 0x0, 0x0, 0x0, 0x5f,
    0xff, 0xfe, 0x10, 0x0, 0x0, 0x0, 0x6, 0xff,
    0xff, 0xf6, 0x0, 0x0, 0x0, 0x0, 0x0, 0x0,
    0x0, 0x0, 0x1f, 0xff, 0xff, 0xb0, 0x0, 0x0,
    0x0, 0x4f, 0xff, 0xff, 0xff, 0x30, 0x0, 0x0,
    0x0, 0x8, 0x10, 0x0, 0x0, 0xa, 0xff, 0xff,
    0xfe, 0x62, 0x1, 0x49, 0xff, 0xff, 0xff, 0xff,
    0xfa, 0x41, 0x1, 0x47, 0xef, 0xd1, 0x0, 0x0,
    0x2, 0xff, 0xff, 0xff, 0xff, 0xff, 0xff, 0xff,
    0xff, 0xff, 0xff, 0xff, 0xff, 0xff, 0xff, 0xff,
    0xfd, 0x10, 0x0, 0x0, 0x4f, 0xff, 0xff, 0xff,
    0xff, 0xff, 0xff, 0xbf, 0xff, 0xdf, 0xff, 0xff,
    0xff, 0xff, 0xff, 0xff, 0x60, 0x0, 0x0, 0x4,
    0xef, 0xff, 0xff, 0xff, 0xff, 0xf5, 0x9f, 0xff,
    0x2d, 0xff, 0xff, 0xff, 0xff, 0xff, 0xe4, 0x0,
    0x0, 0x0, 0x0, 0x18, 0xef, 0xff, 0xff, 0xfb,
    0x20, 0x8f, 0xff, 0x0, 0x8f, 0xff, 0xff, 0xff,
    0xd7, 0x0, 0x0, 0x0, 0x0, 0x0, 0x0, 0x2,
    0x57, 0x75, 0x10, 0x0, 0x0, 0x0, 0x0, 0x0,
    0x46, 0x76, 0x51, 0x0, 0x0, 0x0, 0x0,

    /* U+00E7 "ç" */
    0x0, 0x0, 0x0, 0x1, 0x46, 0x76, 0x51, 0x0,
    0x0, 0x0, 0x0, 0x0, 0x5c, 0xff, 0xff, 0xff,
    0xfc, 0x30, 0x0, 0x0, 0x1, 0xcf, 0xff, 0xff,
    0xff, 0xff, 0xff, 0x80, 0x0, 0x1, 0xef, 0xff,
    0xff, 0xff, 0xff, 0xff, 0xff, 0x50, 0x0, 0xdf,
    0xff, 0xff, 0xff, 0xff, 0xff, 0xff, 0x80, 0x0,
    0x6f, 0xff, 0xff, 0xf7, 0x41, 0x26, 0xdf, 0x80,
    0x0, 0xe, 0xff, 0xff, 0xc2, 0x0, 0x0, 0x0,
    0x40, 0x0, 0x2, 0xff, 0xff, 0xf2, 0x0, 0x0,
    0x0, 0x0, 0x0, 0x0, 0x6f, 0xff, 0xf9, 0x0,
    0x0, 0x0, 0x0, 0x0, 0x0, 0x7, 0xff, 0xff,
    0x50, 0x0, 0x0, 0x0, 0x0, 0x0, 0x0, 0x8f,
    0xff, 0xf3, 0x0, 0x0, 0x0, 0x0, 0x0, 0x0,
    0x8, 0xff, 0xff, 0x50, 0x0, 0x0, 0x0, 0x0,
    0x0, 0x0, 0x6f, 0xff, 0xf8, 0x0, 0x0, 0x0,
    0x0, 0x0, 0x0, 0x3, 0xff, 0xff, 0xf2, 0x0,
    0x0, 0x0, 0x0, 0x0, 0x0, 0xd, 0xff, 0xff,
    0xc1, 0x0, 0x0, 0x0, 0x51, 0x0, 0x0, 0x5f,
    0xff, 0xff, 0xf7, 0x41, 0x35, 0xbf, 0xe2, 0x0,
    0x0, 0xcf, 0xff, 0xff, 0xff, 0xff, 0xff, 0xff,
    0xe2, 0x0, 0x2, 0xdf, 0xff, 0xff, 0xff, 0xff,
    0xff, 0xff, 0xc0, 0x0, 0x1, 0xcf, 0xff, 0xff,
    0xff, 0xff, 0xff, 0xc1, 0x0, 0x0, 0x0, 0x5b,
    0xff, 0xff, 0xff, 0xfd, 0x50, 0x0, 0x0, 0x0,
    0x0, 0x7, 0xff, 0xf7, 0x52, 0x0, 0x0, 0x0,
    0x0, 0x0, 0x0, 0xbf, 0xfb, 0x0, 0x0, 0x0,
    0x0, 0x0, 0x0, 0x0, 0x1f, 0xff, 0xfc, 0x80,
    0x0, 0x0, 0x0, 0x0, 0x0, 0x5, 0xff, 0xff,
    0xff, 0xd0, 0x0, 0x0, 0x0, 0x0, 0x0, 0x5,
    0x33, 0xaf, 0xff, 0x60, 0x0, 0x0, 0x0, 0x0,
    0x1, 0x0, 0x1, 0xff, 0xf9, 0x0, 0x0, 0x0,
    0x0, 0xa, 0xf7, 0x23, 0xaf, 0xff, 0x80, 0x0,
    0x0, 0x0, 0x7, 0xff, 0xff, 0xff, 0xff, 0xf2,
    0x0, 0x0, 0x0, 0x0, 0xa, 0xff, 0xff, 0xff,
    0xf7, 0x0, 0x0, 0x0, 0x0, 0x0, 0x3, 0xae,
    0xfe, 0xa3, 0x0, 0x0, 0x0, 0x0, 0x0, 0x0,
    0x0, 0x0, 0x0, 0x0, 0x0, 0x0, 0x0,

    /* U+00E8 "è" */
    0x0, 0x0, 0x8, 0xff, 0xff, 0xf1, 0x0, 0x0,
    0x0, 0x0, 0x0, 0x0, 0x0, 0x0, 0xcf, 0xff,
    0xf9, 0x0, 0x0, 0x0, 0x0, 0x0, 0x0, 0x0,
    0x0, 0x1e, 0xff, 0xff, 0x20, 0x0, 0x0, 0x0,
    0x0, 0x0, 0x0, 0x0, 0x3, 0xff, 0xff, 0xa0,
    0x0, 0x0, 0x0, 0x0, 0x0, 0x0, 0x0, 0x0,
    0x6f, 0xff, 0xf3, 0x0, 0x0, 0x0, 0x0, 0x0,
    0x0, 0x0, 0x0, 0x7, 0x99, 0x96, 0x0, 0x0,
    0x0, 0x0, 0x0, 0x0, 0x0, 0x0, 0x0, 0x0,
    0x0, 0x0, 0x0, 0x0, 0x0, 0x0, 0x0, 0x0,
    0x0, 0x0, 0x0, 0x0, 0x0, 0x0, 0x0, 0x0,
    0x0, 0x0, 0x0, 0x0, 0x35, 0x77, 0x53, 0x0,
    0x0, 0x0, 0x0, 0x0, 0x0, 0x2, 0xaf, 0xff,
    0xff, 0xff, 0xfa, 0x20, 0x0, 0x0, 0x0, 0x0,
    0x8f, 0xff, 0xff, 0xff, 0xff, 0xff, 0xf7, 0x0,
    0x0, 0x0, 0xa, 0xff, 0xff, 0xff, 0xff, 0xff,
    0xff, 0xff, 0x80, 0x0, 0x0, 0x8f, 0xff, 0xff,
    0xff, 0xdd, 0xef, 0xff, 0xff, 0xf3, 0x0, 0x1,
    0xff, 0xff, 0xfb, 0x40, 0x0, 0x2, 0xaf, 0xff,
    0xfc, 0x0, 0x9, 0xff, 0xff, 0x90, 0x0, 0x0,
    0x0, 0x9, 0xff, 0xff, 0x20, 0xe, 0xff, 0xfe,
    0x0, 0x0, 0x0, 0x0, 0x2, 0xff, 0xff, 0x60,
    0x1f, 0xff, 0xff, 0xff, 0xff, 0xff, 0xff, 0xff,
    0xff, 0xff, 0x80, 0x3f, 0xff, 0xff, 0xff, 0xff,
    0xff, 0xff, 0xff, 0xff, 0xff, 0xa0, 0x4f, 0xff,
    0xff, 0xff, 0xff, 0xff, 0xff, 0xff, 0xff, 0xff,
    0xa0, 0x3f, 0xff, 0xff, 0xff, 0xff, 0xff, 0xff,
    0xff, 0xff, 0xff, 0x90, 0x1f, 0xff, 0xfc, 0x0,
    0x0, 0x0, 0x0, 0x0, 0x0, 0x0, 0x0, 0xd,
    0xff, 0xff, 0x20, 0x0, 0x0, 0x0, 0x0, 0x0,
    0x0, 0x0, 0x9, 0xff, 0xff, 0xd1, 0x0, 0x0,
    0x0, 0x1, 0x70, 0x0, 0x0, 0x1, 0xff, 0xff,
    0xfe, 0x72, 0x0, 0x13, 0x8e, 0xfa, 0x0, 0x0,
    0x0, 0x8f, 0xff, 0xff, 0xff, 0xfe, 0xff, 0xff,
    0xff, 0xa0, 0x0, 0x0, 0xa, 0xff, 0xff, 0xff,
    0xff, 0xff, 0xff, 0xff, 0xf3, 0x0, 0x0, 0x0,
    0x8f, 0xff, 0xff, 0xff, 0xff, 0xff, 0xfd, 0x30,
    0x0, 0x0, 0x0, 0x2, 0x9f, 0xff, 0xff, 0xff,
    0xfc, 0x50, 0x0, 0x0, 0x0, 0x0, 0x0, 0x0,
    0x35, 0x77, 0x64, 0x0, 0x0, 0x0, 0x0,

    /* U+00E9 "é" */
    0x0, 0x0, 0x0, 0x0, 0x0, 0x5f, 0xff, 0xff,
    0x20, 0x0, 0x0, 0x0, 0x0, 0x0, 0x0, 0x0,
    0xef, 0xff, 0xf4, 0x0, 0x0, 0x0, 0x0, 0x0,
    0x0, 0x0, 0x8, 0xff, 0xff, 0x60, 0x0, 0x0,
    0x0, 0x0, 0x0, 0x0, 0x0, 0x2f, 0xff, 0xf8,
    0x0, 0x0, 0x0, 0x0, 0x0, 0x0, 0x0, 0x0,
    0xaf, 0xff, 0xa0, 0x0, 0x0, 0x0, 0x0, 0x0,
    0x0, 0x0, 0x0, 0x0, 0x0, 0x0, 0x0, 0x0,
    0x0, 0x0, 0x0, 0x0, 0x0, 0x0, 0x0, 0x0,
    0x0, 0x0, 0x0, 0x0, 0x0, 0x0, 0x0, 0x0,
    0x0, 0x0, 0x0, 0x0, 0x0, 0x0, 0x0, 0x0,
    0x0, 0x0, 0x0, 0x0, 0x36, 0x77, 0x53, 0x0,
    0x0, 0x0, 0x0, 0x0, 0x0, 0x2, 0xaf, 0xff,
    0xff, 0xff, 0xfa, 0x20, 0x0, 0x0, 0x0, 0x0,
    0x8f, 0xff, 0xff, 0xff, 0xff, 0xff, 0xf7, 0x0,
    0x0, 0x0, 0xa, 0xff, 0xff, 0xff, 0xff, 0xff,
    0xff, 0xff, 0x80, 0x0, 0x0, 0x8f, 0xff, 0xff,
    0xff, 0xdd, 0xef, 0xff, 0xff, 0xf3, 0x0, 0x1,
    0xff, 0xff, 0xfb, 0x40, 0x0, 0x2, 0xaf, 0xff,
    0xfc, 0x0, 0x9, 0xff, 0xff, 0x90, 0x0, 0x0,
    0x0, 0x9, 0xff, 0xff, 0x20, 0xe, 0xff, 0xfe,
    0x0, 0x0, 0x0, 0x0, 0x2, 0xff, 0xff, 0x60,
    0x1f, 0xff, 0xff, 0xff, 0xff, 0xff, 0xff, 0xff,
    0xff, 0xff, 0x80, 0x3f, 0xff, 0xff, 0xff, 0xff,
    0xff, 0xff, 0xff, 0xff, 0xff, 0xa0, 0x4f, 0xff,
    0xff, 0xff, 0xff, 0xff, 0xff, 0xff, 0xff, 0xff,
    0xa0, 0x3f, 0xff, 0xff, 0xff, 0xff, 0xff, 0xff,
    0xff, 0xff, 0xff, 0x90, 0x1f, 0xff, 0xfc, 0x0,
    0x0, 0x0, 0x0, 0x0, 0x0, 0x0, 0x0, 0xd,
    0xff, 0xff, 0x20, 0x0, 0x0, 0x0, 0x0, 0x0,
    0x0, 0x0, 0x9, 0xff, 0xff, 0xd1, 0x0, 0x0,
    0x0, 0x1, 0x70, 0x0, 0x0, 0x1, 0xff, 0xff,
    0xfe, 0x72, 0x0, 0x13, 0x8e, 0xfa, 0x0, 0x0,
    0x0, 0x8f, 0xff, 0xff, 0xff, 0xfe, 0xff, 0xff,
    0xff, 0xa0, 0x0, 0x0, 0xa, 0xff, 0xff, 0xff,
    0xff, 0xff, 0xff, 0xff, 0xf3, 0x0, 0x0, 0x0,
    0x8f, 0xff, 0xff, 0xff, 0xff, 0xff, 0xfd, 0x30,
    0x0, 0x0, 0x0, 0x2, 0x9f, 0xff, 0xff, 0xff,
    0xfc, 0x50, 0x0, 0x0, 0x0, 0x0, 0x0, 0x0,
    0x35, 0x77, 0x64, 0x0, 0x0, 0x0, 0x0,

    /* U+00EA "ê" */
    0x0, 0x0, 0x0, 0x0, 0xa, 0xff, 0xe2, 0x0,
    0x0, 0x0, 0x0, 0x0, 0x0, 0x0, 0x0, 0xaf,
    0xff, 0xfe, 0x30, 0x0, 0x0, 0x0, 0x0, 0x0,
    0x0, 0xb, 0xff, 0xff, 0xff, 0xf4, 0x0, 0x0,
    0x0, 0x0, 0x0, 0x0, 0xcf, 0xff, 0xda, 0xff,
    0xff, 0x50, 0x0, 0x0, 0x0, 0x0, 0x1c, 0xff,
    0xfd, 0x10, 0x9f, 0xff, 0xf6, 0x0, 0x0, 0x0,
    0x0, 0x57, 0x77, 0x71, 0x0, 0x6, 0x77, 0x77,
    0x10, 0x0, 0x0, 0x0, 0x0, 0x0, 0x0, 0x0,
    0x0, 0x0, 0x0, 0x0, 0x0, 0x0, 0x0, 0x0,
    0x0, 0x0, 0x0, 0x0, 0x0, 0x0, 0x0, 0x0,
    0x0, 0x0, 0x0, 0x0, 0x35, 0x77, 0x53, 0x0,
    0x0, 0x0, 0x0, 0x0, 0x0, 0x2, 0xaf, 0xff,
    0xff, 0xff, 0xfa, 0x20, 0x0, 0x0, 0x0, 0x0,
    0x8f, 0xff, 0xff, 0xff, 0xff, 0xff, 0xf7, 0x0,
    0x0, 0x0, 0xa, 0xff, 0xff, 0xff, 0xff, 0xff,
    0xff, 0xff, 0x80, 0x0, 0x0, 0x8f, 0xff, 0xff,
    0xff, 0xdd, 0xef, 0xff, 0xff, 0xf3, 0x0, 0x1,
    0xff, 0xff, 0xfb, 0x40, 0x0, 0x2, 0xaf, 0xff,
    0xfc, 0x0, 0x9, 0xff, 0xff, 0x90, 0x0, 0x0,
    0x0, 0x9, 0xff, 0xff, 0x20, 0xe, 0xff, 0xfe,
    0x0, 0x0, 0x0, 0x0, 0x2, 0xff, 0xff, 0x60,
    0x1f, 0xff, 0xff, 0xff, 0xff, 0xff, 0xff, 0xff,
    0xff, 0xff, 0x80, 0x3f, 0xff, 0xff, 0xff, 0xff,
    0xff, 0xff, 0xff, 0xff, 0xff, 0xa0, 0x4f, 0xff,
    0xff, 0xff, 0xff, 0xff, 0xff, 0xff, 0xff, 0xff,
    0xa0, 0x3f, 0xff, 0xff, 0xff, 0xff, 0xff, 0xff,
    0xff, 0xff, 0xff, 0x90, 0x1f, 0xff, 0xfc, 0x0,
    0x0, 0x0, 0x0, 0x0, 0x0, 0x0, 0x0, 0xd,
    0xff, 0xff, 0x20, 0x0, 0x0, 0x0, 0x0, 0x0,
    0x0, 0x0, 0x9, 0xff, 0xff, 0xd1, 0x0, 0x0,
    0x0, 0x1, 0x70, 0x0, 0x0, 0x1, 0xff, 0xff,
    0xfe, 0x72, 0x0, 0x13, 0x8e, 0xfa, 0x0, 0x0,
    0x0, 0x8f, 0xff, 0xff, 0xff, 0xfe, 0xff, 0xff,
    0xff, 0xa0, 0x0, 0x0, 0xa, 0xff, 0xff, 0xff,
    0xff, 0xff, 0xff, 0xff, 0xf3, 0x0, 0x0, 0x0,
    0x8f, 0xff, 0xff, 0xff, 0xff, 0xff, 0xfd, 0x30,
    0x0, 0x0, 0x0, 0x2, 0x9f, 0xff, 0xff, 0xff,
    0xfc, 0x50, 0x0, 0x0, 0x0, 0x0, 0x0, 0x0,
    0x35, 0x77, 0x64, 0x0, 0x0, 0x0, 0x0,

    /* U+00EB "ë" */
    0x0, 0x0, 0x0, 0x0, 0x0, 0x0, 0x0, 0x0,
    0x0, 0x0, 0x0, 0x0, 0x0, 0x7, 0xff, 0xa0,
    0x0, 0x4, 0xdf, 0xc2, 0x0, 0x0, 0x0, 0x0,
    0x4f, 0xff, 0xf8, 0x0, 0x1f, 0xff, 0xfd, 0x0,
    0x0, 0x0, 0x0, 0x9f, 0xff, 0xfc, 0x0, 0x4f,
    0xff, 0xff, 0x10, 0x0, 0x0, 0x0, 0x7f, 0xff,
    0xfa, 0x0, 0x3f, 0xff, 0xff, 0x0, 0x0, 0x0,
    0x0, 0x1e, 0xff, 0xf3, 0x0, 0xb, 0xff, 0xf8,
    0x0, 0x0, 0x0, 0x0, 0x1, 0x78, 0x20, 0x0,
    0x0, 0x68, 0x40, 0x0, 0x0, 0x0, 0x0, 0x0,
    0x0, 0x0, 0x0, 0x0, 0x0, 0x0, 0x0, 0x0,
    0x0, 0x0, 0x0, 0x0, 0x0, 0x0, 0x0, 0x0,
    0x0, 0x0, 0x0, 0x0, 0x0, 0x0, 0x0, 0x36,
    0x77, 0x53, 0x0, 0x0, 0x0, 0x0, 0x0, 0x0,
    0x2, 0xaf, 0xff, 0xff, 0xff, 0xfa, 0x20, 0x0,
    0x0, 0x0, 0x0, 0x8f, 0xff, 0xff, 0xff, 0xff,
    0xff, 0xf7, 0x0, 0x0, 0x0, 0xa, 0xff, 0xff,
    0xff, 0xff, 0xff, 0xff, 0xff, 0x80, 0x0, 0x0,
    0x8f, 0xff, 0xff, 0xff, 0xdd, 0xef, 0xff, 0xff,
    0xf3, 0x0, 0x1, 0xff, 0xff, 0xfb, 0x40, 0x0,
    0x2, 0xaf, 0xff, 0xfc, 0x0, 0x9, 0xff, 0xff,
    0x90, 0x0, 0x0, 0x0, 0x9, 0xff, 0xff, 0x20,
    0xe, 0xff, 0xfe, 0x0, 0x0, 0x0, 0x0, 0x2,
    0xff, 0xff, 0x60, 0x1f, 0xff, 0xff, 0xff, 0xff,
    0xff, 0xff, 0xff, 0xff, 0xff, 0x80, 0x3f, 0xff,
    0xff, 0xff, 0xff, 0xff, 0xff, 0xff, 0xff, 0xff,
    0xa0, 0x4f, 0xff, 0xff, 0xff, 0xff, 0xff, 0xff,
    0xff, 0xff, 0xff, 0xa0, 0x3f, 0xff, 0xff, 0xff,
    0xff, 0xff, 0xff, 0xff, 0xff, 0xff, 0x90, 0x1f,
    0xff, 0xfc, 0x0, 0x0, 0x0, 0x0, 0x0, 0x0,
    0x0, 0x0, 0xd, 0xff, 0xff, 0x20, 0x0, 0x0,
    0x0, 0x0, 0x0, 0x0, 0x0, 0x9, 0xff, 0xff,
    0xd1, 0x0, 0x0, 0x0, 0x1, 0x70, 0x0, 0x0,
    0x1, 0xff, 0xff, 0xfe, 0x72, 0x0, 0x13, 0x8e,
    0xfa, 0x0, 0x0, 0x0, 0x8f, 0xff, 0xff, 0xff,
    0xfe, 0xff, 0xff, 0xff, 0xa0, 0x0, 0x0, 0xa,
    0xff, 0xff, 0xff, 0xff, 0xff, 0xff, 0xff, 0xf3,
    0x0, 0x0, 0x0, 0x8f, 0xff, 0xff, 0xff, 0xff,
    0xff, 0xfd, 0x30, 0x0, 0x0, 0x0, 0x2, 0x9f,
    0xff, 0xff, 0xff, 0xfc, 0x50, 0x0, 0x0, 0x0,
    0x0, 0x0, 0x0, 0x35, 0x77, 0x64, 0x0, 0x0,
    0x0, 0x0,

    /* U+00EC "ì" */
    0xf, 0xff, 0xff, 0x10, 0x7, 0xff, 0xff, 0x60,
    0x0, 0xef, 0xff, 0xa0, 0x0, 0x7f, 0xff, 0xf0,
    0x0, 0xe, 0xff, 0xf4, 0x0, 0x6, 0xdd, 0xd7,
    0x0, 0x0, 0x0, 0x0, 0x0, 0x0, 0x0, 0x0,
    0x0, 0x0, 0x0, 0x0, 0x0, 0x5c, 0xcc, 0xc6,
    0x0, 0x6f, 0xff, 0xf8, 0x0, 0x6f, 0xff, 0xf8,
    0x0, 0x6f, 0xff, 0xf8, 0x0, 0x6f, 0xff, 0xf8,
    0x0, 0x6f, 0xff, 0xf8, 0x0, 0x6f, 0xff, 0xf8,
    0x0, 0x6f, 0xff, 0xf8, 0x0, 0x6f, 0xff, 0xf8,
    0x0, 0x6f, 0xff, 0xf8, 0x0, 0x6f, 0xff, 0xf8,
    0x0, 0x6f, 0xff, 0xf8, 0x0, 0x6f, 0xff, 0xf8,
    0x0, 0x6f, 0xff, 0xf8, 0x0, 0x6f, 0xff, 0xf8,
    0x0, 0x6f, 0xff, 0xf8, 0x0, 0x6f, 0xff, 0xf8,
    0x0, 0x6f, 0xff, 0xf8, 0x0, 0x6f, 0xff, 0xf8,

    /* U+00ED "í" */
    0x0, 0x67, 0x77, 0x72, 0x0, 0xff, 0xff, 0xd0,
    0x4, 0xff, 0xff, 0x50, 0x9, 0xff, 0xfd, 0x0,
    0xe, 0xff, 0xf5, 0x0, 0x2f, 0xff, 0xc0, 0x0,
    0x0, 0x0, 0x0, 0x0, 0x0, 0x0, 0x0, 0x0,
    0x0, 0x0, 0x0, 0x0, 0x5c, 0xcc, 0xc6, 0x0,
    0x7f, 0xff, 0xf8, 0x0, 0x7f, 0xff, 0xf8, 0x0,
    0x7f, 0xff, 0xf8, 0x0, 0x7f, 0xff, 0xf8, 0x0,
    0x7f, 0xff, 0xf8, 0x0, 0x7f, 0xff, 0xf8, 0x0,
    0x7f, 0xff, 0xf8, 0x0, 0x7f, 0xff, 0xf8, 0x0,
    0x7f, 0xff, 0xf8, 0x0, 0x7f, 0xff, 0xf8, 0x0,
    0x7f, 0xff, 0xf8, 0x0, 0x7f, 0xff, 0xf8, 0x0,
    0x7f, 0xff, 0xf8, 0x0, 0x7f, 0xff, 0xf8, 0x0,
    0x7f, 0xff, 0xf8, 0x0, 0x7f, 0xff, 0xf8, 0x0,
    0x7f, 0xff, 0xf8, 0x0, 0x7f, 0xff, 0xf8, 0x0,

    /* U+00EE "î" */
    0x0, 0x0, 0x4f, 0xfc, 0x0, 0x0, 0x0, 0x0,
    0x2f, 0xff, 0xfb, 0x0, 0x0, 0x0, 0x1d, 0xff,
    0xff, 0xf9, 0x0, 0x0, 0xc, 0xff, 0xfe, 0xff,
    0xf7, 0x0, 0xa, 0xff, 0xf9, 0x1e, 0xff, 0xf5,
    0x7, 0xff, 0xfb, 0x0, 0x3f, 0xff, 0xf3, 0x0,
    0x0, 0x0, 0x0, 0x0, 0x0, 0x0, 0x0, 0x0,
    0x0, 0x0, 0x0, 0x0, 0x0, 0x0, 0x0, 0x0,
    0x0, 0x0, 0x0, 0x0, 0x5c, 0xcc, 0xc6, 0x0,
    0x0, 0x0, 0x6, 0xff, 0xff, 0x80, 0x0, 0x0,
    0x0, 0x6f, 0xff, 0xf8, 0x0, 0x0, 0x0, 0x6,
    0xff, 0xff, 0x80, 0x0, 0x0, 0x0, 0x6f, 0xff,
    0xf8, 0x0, 0x0, 0x0, 0x6, 0xff, 0xff, 0x80,
    0x0, 0x0, 0x0, 0x6f, 0xff, 0xf8, 0x0, 0x0,
    0x0, 0x6, 0xff, 0xff, 0x80, 0x0, 0x0, 0x0,
    0x6f, 0xff, 0xf8, 0x0, 0x0, 0x0, 0x6, 0xff,
    0xff, 0x80, 0x0, 0x0, 0x0, 0x6f, 0xff, 0xf8,
    0x0, 0x0, 0x0, 0x6, 0xff, 0xff, 0x80, 0x0,
    0x0, 0x0, 0x6f, 0xff, 0xf8, 0x0, 0x0, 0x0,
    0x6, 0xff, 0xff, 0x80, 0x0, 0x0, 0x0, 0x6f,
    0xff, 0xf8, 0x0, 0x0, 0x0, 0x6, 0xff, 0xff,
    0x80, 0x0, 0x0, 0x0, 0x6f, 0xff, 0xf8, 0x0,
    0x0, 0x0, 0x6, 0xff, 0xff, 0x80, 0x0, 0x0,
    0x0, 0x6f, 0xff, 0xf8, 0x0, 0x0,

    /* U+00EF "ï" */
    0x0, 0x0, 0x0, 0x0, 0x0, 0x0, 0x1, 0xbf,
    0xe6, 0x0, 0x9, 0xff, 0x80, 0xaf, 0xff, 0xf3,
    0x6, 0xff, 0xff, 0x6e, 0xff, 0xff, 0x70, 0xaf,
    0xff, 0xfa, 0xdf, 0xff, 0xf5, 0x9, 0xff, 0xff,
    0x95, 0xff, 0xfd, 0x0, 0x2f, 0xff, 0xf2, 0x3,
    0x87, 0x0, 0x0, 0x27, 0x72, 0x0, 0x0, 0x0,
    0x0, 0x0, 0x0, 0x0, 0x0, 0x0, 0x0, 0x0,
    0x0, 0x0, 0x0, 0x0, 0x0, 0x0, 0x0, 0x0,
    0x0, 0x0, 0x5, 0xcc, 0xcc, 0x60, 0x0, 0x0,
    0x0, 0x7f, 0xff, 0xf8, 0x0, 0x0, 0x0, 0x7,
    0xff, 0xff, 0x80, 0x0, 0x0, 0x0, 0x7f, 0xff,
    0xf8, 0x0, 0x0, 0x0, 0x7, 0xff, 0xff, 0x80,
    0x0, 0x0, 0x0, 0x7f, 0xff, 0xf8, 0x0, 0x0,
    0x0, 0x7, 0xff, 0xff, 0x80, 0x0, 0x0, 0x0,
    0x7f, 0xff, 0xf8, 0x0, 0x0, 0x0, 0x7, 0xff,
    0xff, 0x80, 0x0, 0x0, 0x0, 0x7f, 0xff, 0xf8,
    0x0, 0x0, 0x0, 0x7, 0xff, 0xff, 0x80, 0x0,
    0x0, 0x0, 0x7f, 0xff, 0xf8, 0x0, 0x0, 0x0,
    0x7, 0xff, 0xff, 0x80, 0x0, 0x0, 0x0, 0x7f,
    0xff, 0xf8, 0x0, 0x0, 0x0, 0x7, 0xff, 0xff,
    0x80, 0x0, 0x0, 0x0, 0x7f, 0xff, 0xf8, 0x0,
    0x0, 0x0, 0x7, 0xff, 0xff, 0x80, 0x0, 0x0,
    0x0, 0x7f, 0xff, 0xf8, 0x0, 0x0, 0x0, 0x7,
    0xff, 0xff, 0x80, 0x0, 0x0,

    /* U+00F0 "ð" */
    0x0, 0x0, 0x2, 0x0, 0x0, 0x4, 0x80, 0x0,
    0x0, 0x0, 0x0, 0x0, 0x0, 0xef, 0xd8, 0x32,
    0xef, 0xc1, 0x0, 0x0, 0x0, 0x0, 0x0, 0x2f,
    0xff, 0xff, 0xff, 0xfc, 0x0, 0x0, 0x0, 0x0,
    0x0, 0x6, 0xff, 0xff, 0xff, 0xff, 0x30, 0x0,
    0x0, 0x0, 0x0, 0x0, 0x6d, 0xff, 0xff, 0xff,
    0xfe, 0x30, 0x0, 0x0, 0x0, 0x0, 0x0, 0x2,
    0xcf, 0xff, 0xff, 0xff, 0x30, 0x0, 0x0, 0x0,
    0x0, 0x0, 0x2f, 0xff, 0xff, 0xff, 0xfe, 0x20,
    0x0, 0x0, 0x0, 0x0, 0x0, 0x6e, 0x82, 0xcf,
    0xff, 0xfd, 0x0, 0x0, 0x0, 0x0, 0x0, 0x0,
    0x10, 0x0, 0xaf, 0xff, 0xf8, 0x0, 0x0, 0x0,
    0x0, 0x1, 0x58, 0x87, 0x51, 0xcf, 0xff, 0xf2,
    0x0, 0x0, 0x0, 0x2a, 0xff, 0xff, 0xff, 0xfb,
    0xff, 0xff, 0x90, 0x0, 0x0, 0x4f, 0xff, 0xff,
    0xff, 0xff, 0xff, 0xff, 0xfe, 0x0, 0x0, 0x5f,
    0xff, 0xff, 0xff, 0xff, 0xff, 0xff, 0xff, 0xf3,
    0x0, 0x1f, 0xff, 0xff, 0xfd, 0xa9, 0xcf, 0xff,
    0xff, 0xff, 0x80, 0x9, 0xff, 0xff, 0xf5, 0x0,
    0x0, 0x1c, 0xff, 0xff, 0xfc, 0x2, 0xff, 0xff,
    0xf3, 0x0, 0x0, 0x0, 0xd, 0xff, 0xff, 0xd0,
    0x6f, 0xff, 0xfa, 0x0, 0x0, 0x0, 0x0, 0x4f,
    0xff, 0xff, 0x8, 0xff, 0xff, 0x50, 0x0, 0x0,
    0x0, 0x0, 0xff, 0xff, 0xf0, 0xbf, 0xff, 0xf2,
    0x0, 0x0, 0x0, 0x0, 0xd, 0xff, 0xff, 0x1b,
    0xff, 0xff, 0x30, 0x0, 0x0, 0x0, 0x0, 0xef,
    0xff, 0xf0, 0x9f, 0xff, 0xf6, 0x0, 0x0, 0x0,
    0x0, 0xf, 0xff, 0xfe, 0x6, 0xff, 0xff, 0xd0,
    0x0, 0x0, 0x0, 0x7, 0xff, 0xff, 0xa0, 0x1f,
    0xff, 0xff, 0x70, 0x0, 0x0, 0x2, 0xff, 0xff,
    0xf5, 0x0, 0xaf, 0xff, 0xff, 0xa2, 0x0, 0x16,
    0xff, 0xff, 0xfe, 0x0, 0x1, 0xef, 0xff, 0xff,
    0xff, 0xef, 0xff, 0xff, 0xff, 0x50, 0x0, 0x4,
    0xff, 0xff, 0xff, 0xff, 0xff, 0xff, 0xff, 0x80,
    0x0, 0x0, 0x3, 0xef, 0xff, 0xff, 0xff, 0xff,
    0xff, 0x70, 0x0, 0x0, 0x0, 0x0, 0x7e, 0xff,
    0xff, 0xff, 0xfa, 0x20, 0x0, 0x0, 0x0, 0x0,
    0x0, 0x2, 0x57, 0x76, 0x40, 0x0, 0x0, 0x0,
    0x0,

    /* U+00F1 "ñ" */
    0x0, 0x0, 0x0, 0x0, 0x0, 0x0, 0x0, 0x0,
    0x0, 0x0, 0x0, 0x0, 0x7, 0xef, 0xd7, 0x10,
    0x2b, 0x40, 0x0, 0x0, 0x0, 0x0, 0x8f, 0xff,
    0xff, 0xfd, 0xff, 0xfc, 0x10, 0x0, 0x0, 0x3,
    0xff, 0xff, 0xff, 0xff, 0xff, 0xfd, 0x0, 0x0,
    0x0, 0x5, 0xff, 0xfd, 0xcf, 0xff, 0xff, 0xf4,
    0x0, 0x0, 0x0, 0x0, 0x1a, 0xa0, 0x2, 0xaf,
    0xfd, 0x40, 0x0, 0x0, 0x0, 0x0, 0x0, 0x0,
    0x0, 0x0, 0x10, 0x0, 0x0, 0x0, 0x0, 0x0,
    0x0, 0x0, 0x0, 0x0, 0x0, 0x0, 0x0, 0x0,
    0x0, 0x0, 0x0, 0x0, 0x0, 0x0, 0x0, 0x0,
    0x0, 0x0, 0x0, 0x0, 0x0, 0x0, 0x4, 0x67,
    0x62, 0x0, 0x0, 0x0, 0x8f, 0xff, 0xb0, 0x7,
    0xef, 0xff, 0xff, 0xd5, 0x0, 0x0, 0x8f, 0xff,
    0xd1, 0xcf, 0xff, 0xff, 0xff, 0xff, 0x90, 0x0,
    0x8f, 0xff, 0xfd, 0xff, 0xff, 0xff, 0xff, 0xff,
    0xf7, 0x0, 0x8f, 0xff, 0xff, 0xff, 0xff, 0xff,
    0xff, 0xff, 0xff, 0x20, 0x8f, 0xff, 0xff, 0xfb,
    0x30, 0x2, 0x9f, 0xff, 0xff, 0xa0, 0x8f, 0xff,
    0xff, 0x90, 0x0, 0x0, 0x6, 0xff, 0xff, 0xf0,
    0x8f, 0xff, 0xfd, 0x0, 0x0, 0x0, 0x0, 0xdf,
    0xff, 0xf3, 0x8f, 0xff, 0xf7, 0x0, 0x0, 0x0,
    0x0, 0x8f, 0xff, 0xf5, 0x8f, 0xff, 0xf4, 0x0,
    0x0, 0x0, 0x0, 0x5f, 0xff, 0xf6, 0x8f, 0xff,
    0xf2, 0x0, 0x0, 0x0, 0x0, 0x4f, 0xff, 0xf7,
    0x8f, 0xff, 0xf2, 0x0, 0x0, 0x0, 0x0, 0x4f,
    0xff, 0xf7, 0x8f, 0xff, 0xf2, 0x0, 0x0, 0x0,
    0x0, 0x4f, 0xff, 0xf7, 0x8f, 0xff, 0xf2, 0x0,
    0x0, 0x0, 0x0, 0x4f, 0xff, 0xf7, 0x8f, 0xff,
    0xf2, 0x0, 0x0, 0x0, 0x0, 0x4f, 0xff, 0xf7,
    0x8f, 0xff, 0xf2, 0x0, 0x0, 0x0, 0x0, 0x4f,
    0xff, 0xf7, 0x8f, 0xff, 0xf2, 0x0, 0x0, 0x0,
    0x0, 0x4f, 0xff, 0xf7, 0x8f, 0xff, 0xf2, 0x0,
    0x0, 0x0, 0x0, 0x4f, 0xff, 0xf7, 0x8f, 0xff,
    0xf2, 0x0, 0x0, 0x0, 0x0, 0x4f, 0xff, 0xf7,
    0x8f, 0xff, 0xf2, 0x0, 0x0, 0x0, 0x0, 0x4f,
    0xff, 0xf7,

    /* U+00F2 "ò" */
    0x0, 0x0, 0xb, 0xff, 0xff, 0xe0, 0x0, 0x0,
    0x0, 0x0, 0x0, 0x0, 0x0, 0x1d, 0xff, 0xff,
    0x70, 0x0, 0x0, 0x0, 0x0, 0x0, 0x0, 0x0,
    0x2f, 0xff, 0xfe, 0x0, 0x0, 0x0, 0x0, 0x0,
    0x0, 0x0, 0x0, 0x5f, 0xff, 0xf8, 0x0, 0x0,
    0x0, 0x0, 0x0, 0x0, 0x0, 0x0, 0x8f, 0xff,
    0xf1, 0x0, 0x0, 0x0, 0x0, 0x0, 0x0, 0x0,
    0x0, 0x89, 0x99, 0x40, 0x0, 0x0, 0x0, 0x0,
    0x0, 0x0, 0x0, 0x0, 0x0, 0x0, 0x0, 0x0,
    0x0, 0x0, 0x0, 0x0, 0x0, 0x0, 0x0, 0x0,
    0x0, 0x0, 0x0, 0x0, 0x0, 0x0, 0x0, 0x0,
    0x46, 0x76, 0x51, 0x0, 0x0, 0x0, 0x0, 0x0,
    0x0, 0x2b, 0xff, 0xff, 0xff, 0xfc, 0x40, 0x0,
    0x0, 0x0, 0x0, 0x8f, 0xff, 0xff, 0xff, 0xff,
    0xff, 0xb1, 0x0, 0x0, 0x0, 0xaf, 0xff, 0xff,
    0xff, 0xff, 0xff, 0xff, 0xd1, 0x0, 0x0, 0x7f,
    0xff, 0xff, 0xff, 0xef, 0xff, 0xff, 0xff, 0xb0,
    0x0, 0x1f, 0xff, 0xff, 0xe5, 0x10, 0x14, 0xdf,
    0xff, 0xff, 0x60, 0x9, 0xff, 0xff, 0xd1, 0x0,
    0x0, 0x0, 0xbf, 0xff, 0xfd, 0x0, 0xef, 0xff,
    0xf4, 0x0, 0x0, 0x0, 0x1, 0xff, 0xff, 0xf3,
    0x2f, 0xff, 0xfc, 0x0, 0x0, 0x0, 0x0, 0x8,
    0xff, 0xff, 0x74, 0xff, 0xff, 0x90, 0x0, 0x0,
    0x0, 0x0, 0x4f, 0xff, 0xf9, 0x5f, 0xff, 0xf7,
    0x0, 0x0, 0x0, 0x0, 0x2, 0xff, 0xff, 0xa4,
    0xff, 0xff, 0x90, 0x0, 0x0, 0x0, 0x0, 0x4f,
    0xff, 0xf9, 0x2f, 0xff, 0xfc, 0x0, 0x0, 0x0,
    0x0, 0x7, 0xff, 0xff, 0x70, 0xef, 0xff, 0xf4,
    0x0, 0x0, 0x0, 0x0, 0xef, 0xff, 0xf3, 0x9,
    0xff, 0xff, 0xd1, 0x0, 0x0, 0x0, 0xaf, 0xff,
    0xfe, 0x0, 0x2f, 0xff, 0xff, 0xe6, 0x20, 0x14,
    0xcf, 0xff, 0xff, 0x60, 0x0, 0x8f, 0xff, 0xff,
    0xff, 0xff, 0xff, 0xff, 0xff, 0xc0, 0x0, 0x0,
    0xbf, 0xff, 0xff, 0xff, 0xff, 0xff, 0xff, 0xe1,
    0x0, 0x0, 0x0, 0x9f, 0xff, 0xff, 0xff, 0xff,
    0xff, 0xc1, 0x0, 0x0, 0x0, 0x0, 0x3b, 0xff,
    0xff, 0xff, 0xfd, 0x50, 0x0, 0x0, 0x0, 0x0,
    0x0, 0x0, 0x46, 0x76, 0x51, 0x0, 0x0, 0x0,
    0x0,

    /* U+00F3 "ó" */
    0x0, 0x0, 0x0, 0x0, 0x0, 0x7, 0x77, 0x77,
    0x40, 0x0, 0x0, 0x0, 0x0, 0x0, 0x0, 0x5,
    0xff, 0xff, 0xe1, 0x0, 0x0, 0x0, 0x0, 0x0,
    0x0, 0x0, 0xdf, 0xff, 0xf3, 0x0, 0x0, 0x0,
    0x0, 0x0, 0x0, 0x0, 0x6f, 0xff, 0xf6, 0x0,
    0x0, 0x0, 0x0, 0x0, 0x0, 0x0, 0xe, 0xff,
    0xfa, 0x0, 0x0, 0x0, 0x0, 0x0, 0x0, 0x0,
    0x7, 0xff, 0xfd, 0x0, 0x0, 0x0, 0x0, 0x0,
    0x0, 0x0, 0x0, 0x0, 0x0, 0x0, 0x0, 0x0,
    0x0, 0x0, 0x0, 0x0, 0x0, 0x0, 0x0, 0x0,
    0x0, 0x0, 0x0, 0x0, 0x0, 0x0, 0x0, 0x0,
    0x46, 0x76, 0x51, 0x0, 0x0, 0x0, 0x0, 0x0,
    0x0, 0x2b, 0xff, 0xff, 0xff, 0xfc, 0x40, 0x0,
    0x0, 0x0, 0x0, 0x8f, 0xff, 0xff, 0xff, 0xff,
    0xff, 0xb1, 0x0, 0x0, 0x0, 0xaf, 0xff, 0xff,
    0xff, 0xff, 0xff, 0xff, 0xd1, 0x0, 0x0, 0x7f,
    0xff, 0xff, 0xff, 0xef, 0xff, 0xff, 0xff, 0xb0,
    0x0, 0x1f, 0xff, 0xff, 0xe5, 0x10, 0x14, 0xdf,
    0xff, 0xff, 0x60, 0x9, 0xff, 0xff, 0xd1, 0x0,
    0x0, 0x0, 0xbf, 0xff, 0xfd, 0x0, 0xef, 0xff,
    0xf4, 0x0, 0x0, 0x0, 0x1, 0xff, 0xff, 0xf3,
    0x2f, 0xff, 0xfc, 0x0, 0x0, 0x0, 0x0, 0x8,
    0xff, 0xff, 0x74, 0xff, 0xff, 0x90, 0x0, 0x0,
    0x0, 0x0, 0x4f, 0xff, 0xf9, 0x5f, 0xff, 0xf7,
    0x0, 0x0, 0x0, 0x0, 0x2, 0xff, 0xff, 0xa4,
    0xff, 0xff, 0x90, 0x0, 0x0, 0x0, 0x0, 0x4f,
    0xff, 0xf9, 0x2f, 0xff, 0xfc, 0x0, 0x0, 0x0,
    0x0, 0x7, 0xff, 0xff, 0x70, 0xef, 0xff, 0xf4,
    0x0, 0x0, 0x0, 0x0, 0xef, 0xff, 0xf3, 0x9,
    0xff, 0xff, 0xd1, 0x0, 0x0, 0x0, 0xaf, 0xff,
    0xfe, 0x0, 0x2f, 0xff, 0xff, 0xe6, 0x20, 0x14,
    0xcf, 0xff, 0xff, 0x60, 0x0, 0x8f, 0xff, 0xff,
    0xff, 0xff, 0xff, 0xff, 0xff, 0xc0, 0x0, 0x0,
    0xbf, 0xff, 0xff, 0xff, 0xff, 0xff, 0xff, 0xe1,
    0x0, 0x0, 0x0, 0x9f, 0xff, 0xff, 0xff, 0xff,
    0xff, 0xc1, 0x0, 0x0, 0x0, 0x0, 0x3b, 0xff,
    0xff, 0xff, 0xfd, 0x50, 0x0, 0x0, 0x0, 0x0,
    0x0, 0x0, 0x46, 0x76, 0x51, 0x0, 0x0, 0x0,
    0x0,

    /* U+00F4 "ô" */
    0x0, 0x0, 0x0, 0x0, 0x3f, 0xff, 0x70, 0x0,
    0x0, 0x0, 0x0, 0x0, 0x0, 0x0, 0x3e, 0xff,
    0xff, 0x70, 0x0, 0x0, 0x0, 0x0, 0x0, 0x0,
    0x2e, 0xff, 0xff, 0xff, 0x70, 0x0, 0x0, 0x0,
    0x0, 0x0, 0x2e, 0xff, 0xfd, 0xff, 0xff, 0x70,
    0x0, 0x0, 0x0, 0x0, 0x2e, 0xff, 0xfb, 0x8,
    0xff, 0xff, 0x70, 0x0, 0x0, 0x0, 0x1d, 0xff,
    0xfc, 0x0, 0x9, 0xff, 0xff, 0x60, 0x0, 0x0,
    0x0, 0x0, 0x0, 0x0, 0x0, 0x0, 0x0, 0x0,
    0x0, 0x0, 0x0, 0x0, 0x0, 0x0, 0x0, 0x0,
    0x0, 0x0, 0x0, 0x0, 0x0, 0x0, 0x0, 0x0,
    0x46, 0x76, 0x51, 0x0, 0x0, 0x0, 0x0, 0x0,
    0x0, 0x2b, 0xff, 0xff, 0xff, 0xfc, 0x40, 0x0,
    0x0, 0x0, 0x0, 0x8f, 0xff, 0xff, 0xff, 0xff,
    0xff, 0xb1, 0x0, 0x0, 0x0, 0xaf, 0xff, 0xff,
    0xff, 0xff, 0xff, 0xff, 0xd1, 0x0, 0x0, 0x7f,
    0xff, 0xff, 0xff, 0xef, 0xff, 0xff, 0xff, 0xb0,
    0x0, 0x1f, 0xff, 0xff, 0xe5, 0x10, 0x14, 0xdf,
    0xff, 0xff, 0x60, 0x9, 0xff, 0xff, 0xd1, 0x0,
    0x0, 0x0, 0xbf, 0xff, 0xfd, 0x0, 0xef, 0xff,
    0xf4, 0x0, 0x0, 0x0, 0x1, 0xff, 0xff, 0xf3,
    0x2f, 0xff, 0xfc, 0x0, 0x0, 0x0, 0x0, 0x8,
    0xff, 0xff, 0x74, 0xff, 0xff, 0x90, 0x0, 0x0,
    0x0, 0x0, 0x4f, 0xff, 0xf9, 0x5f, 0xff, 0xf7,
    0x0, 0x0, 0x0, 0x0, 0x2, 0xff, 0xff, 0xa4,
    0xff, 0xff, 0x90, 0x0, 0x0, 0x0, 0x0, 0x4f,
    0xff, 0xf9, 0x2f, 0xff, 0xfc, 0x0, 0x0, 0x0,
    0x0, 0x7, 0xff, 0xff, 0x70, 0xef, 0xff, 0xf4,
    0x0, 0x0, 0x0, 0x0, 0xef, 0xff, 0xf3, 0x9,
    0xff, 0xff, 0xd1, 0x0, 0x0, 0x0, 0xaf, 0xff,
    0xfe, 0x0, 0x2f, 0xff, 0xff, 0xe6, 0x20, 0x14,
    0xcf, 0xff, 0xff, 0x60, 0x0, 0x8f, 0xff, 0xff,
    0xff, 0xff, 0xff, 0xff, 0xff, 0xc0, 0x0, 0x0,
    0xbf, 0xff, 0xff, 0xff, 0xff, 0xff, 0xff, 0xe1,
    0x0, 0x0, 0x0, 0x9f, 0xff, 0xff, 0xff, 0xff,
    0xff, 0xc1, 0x0, 0x0, 0x0, 0x0, 0x3b, 0xff,
    0xff, 0xff, 0xfd, 0x50, 0x0, 0x0, 0x0, 0x0,
    0x0, 0x0, 0x46, 0x76, 0x51, 0x0, 0x0, 0x0,
    0x0,

    /* U+00F5 "õ" */
    0x0, 0x0, 0x0, 0x0, 0x0, 0x0, 0x0, 0x0,
    0x0, 0x0, 0x0, 0x0, 0x0, 0x2, 0x99, 0x71,
    0x0, 0x5, 0x0, 0x0, 0x0, 0x0, 0x0, 0x4,
    0xff, 0xff, 0xfa, 0x7b, 0xfe, 0x60, 0x0, 0x0,
    0x0, 0x1, 0xff, 0xff, 0xff, 0xff, 0xff, 0xfe,
    0x0, 0x0, 0x0, 0x0, 0x8f, 0xff, 0xff, 0xff,
    0xff, 0xff, 0x60, 0x0, 0x0, 0x0, 0x0, 0x7f,
    0xd2, 0x28, 0xff, 0xff, 0x80, 0x0, 0x0, 0x0,
    0x0, 0x0, 0x12, 0x0, 0x1, 0x67, 0x30, 0x0,
    0x0, 0x0, 0x0, 0x0, 0x0, 0x0, 0x0, 0x0,
    0x0, 0x0, 0x0, 0x0, 0x0, 0x0, 0x0, 0x0,
    0x0, 0x0, 0x0, 0x0, 0x0, 0x0, 0x0, 0x0,
    0x0, 0x0, 0x4, 0x67, 0x65, 0x10, 0x0, 0x0,
    0x0, 0x0, 0x0, 0x2, 0xbf, 0xff, 0xff, 0xff,
    0xc4, 0x0, 0x0, 0x0, 0x0, 0x8, 0xff, 0xff,
    0xff, 0xff, 0xff, 0xfb, 0x10, 0x0, 0x0, 0xa,
    0xff, 0xff, 0xff, 0xff, 0xff, 0xff, 0xfd, 0x10,
    0x0, 0x7, 0xff, 0xff, 0xff, 0xfe, 0xff, 0xff,
    0xff, 0xfb, 0x0, 0x1, 0xff, 0xff, 0xfe, 0x51,
    0x1, 0x4d, 0xff, 0xff, 0xf6, 0x0, 0x9f, 0xff,
    0xfd, 0x10, 0x0, 0x0, 0xb, 0xff, 0xff, 0xd0,
    0xe, 0xff, 0xff, 0x40, 0x0, 0x0, 0x0, 0x1f,
    0xff, 0xff, 0x32, 0xff, 0xff, 0xc0, 0x0, 0x0,
    0x0, 0x0, 0x8f, 0xff, 0xf7, 0x4f, 0xff, 0xf9,
    0x0, 0x0, 0x0, 0x0, 0x4, 0xff, 0xff, 0x95,
    0xff, 0xff, 0x70, 0x0, 0x0, 0x0, 0x0, 0x2f,
    0xff, 0xfa, 0x4f, 0xff, 0xf9, 0x0, 0x0, 0x0,
    0x0, 0x4, 0xff, 0xff, 0x92, 0xff, 0xff, 0xc0,
    0x0, 0x0, 0x0, 0x0, 0x7f, 0xff, 0xf7, 0xe,
    0xff, 0xff, 0x40, 0x0, 0x0, 0x0, 0xe, 0xff,
    0xff, 0x30, 0x9f, 0xff, 0xfd, 0x10, 0x0, 0x0,
    0xa, 0xff, 0xff, 0xe0, 0x2, 0xff, 0xff, 0xfe,
    0x62, 0x1, 0x4c, 0xff, 0xff, 0xf6, 0x0, 0x8,
    0xff, 0xff, 0xff, 0xff, 0xff, 0xff, 0xff, 0xfc,
    0x0, 0x0, 0xb, 0xff, 0xff, 0xff, 0xff, 0xff,
    0xff, 0xfe, 0x10, 0x0, 0x0, 0x9, 0xff, 0xff,
    0xff, 0xff, 0xff, 0xfc, 0x10, 0x0, 0x0, 0x0,
    0x3, 0xbf, 0xff, 0xff, 0xff, 0xd5, 0x0, 0x0,
    0x0, 0x0, 0x0, 0x0, 0x4, 0x67, 0x65, 0x10,
    0x0, 0x0, 0x0,

    /* U+00F6 "ö" */
    0x0, 0x0, 0x0, 0x10, 0x0, 0x0, 0x0, 0x10,
    0x0, 0x0, 0x0, 0x0, 0x3, 0xdf, 0xf6, 0x0,
    0x3, 0xdf, 0xf6, 0x0, 0x0, 0x0, 0x0, 0xdf,
    0xff, 0xf2, 0x0, 0xdf, 0xff, 0xf2, 0x0, 0x0,
    0x0, 0xf, 0xff, 0xff, 0x40, 0xf, 0xff, 0xff,
    0x50, 0x0, 0x0, 0x0, 0xdf, 0xff, 0xf2, 0x0,
    0xdf, 0xff, 0xf2, 0x0, 0x0, 0x0, 0x3, 0xdf,
    0xf6, 0x0, 0x3, 0xdf, 0xf6, 0x0, 0x0, 0x0,
    0x0, 0x0, 0x10, 0x0, 0x0, 0x0, 0x10, 0x0,
    0x0, 0x0, 0x0, 0x0, 0x0, 0x0, 0x0, 0x0,
    0x0, 0x0, 0x0, 0x0, 0x0, 0x0, 0x0, 0x0,
    0x0, 0x0, 0x0, 0x0, 0x0, 0x0, 0x0, 0x0,
    0x0, 0x0, 0x4, 0x67, 0x65, 0x10, 0x0, 0x0,
    0x0, 0x0, 0x0, 0x2, 0xbf, 0xff, 0xff, 0xff,
    0xc4, 0x0, 0x0, 0x0, 0x0, 0x8, 0xff, 0xff,
    0xff, 0xff, 0xff, 0xfb, 0x10, 0x0, 0x0, 0xa,
    0xff, 0xff, 0xff, 0xff, 0xff, 0xff, 0xfd, 0x10,
    0x0, 0x7, 0xff, 0xff, 0xff, 0xfe, 0xff, 0xff,
    0xff, 0xfb, 0x0, 0x1, 0xff, 0xff, 0xfe, 0x51,
    0x1, 0x4d, 0xff, 0xff, 0xf6, 0x0, 0x9f, 0xff,
    0xfd, 0x10, 0x0, 0x0, 0xb, 0xff, 0xff, 0xd0,
    0xe, 0xff, 0xff, 0x40, 0x0, 0x0, 0x0, 0x1f,
    0xff, 0xff, 0x32, 0xff, 0xff, 0xc0, 0x0, 0x0,
    0x0, 0x0, 0x8f, 0xff, 0xf7, 0x4f, 0xff, 0xf9,
    0x0, 0x0, 0x0, 0x0, 0x4, 0xff, 0xff, 0x95,
    0xff, 0xff, 0x70, 0x0, 0x0, 0x0, 0x0, 0x2f,
    0xff, 0xfa, 0x4f, 0xff, 0xf9, 0x0, 0x0, 0x0,
    0x0, 0x4, 0xff, 0xff, 0x92, 0xff, 0xff, 0xc0,
    0x0, 0x0, 0x0, 0x0, 0x7f, 0xff, 0xf7, 0xe,
    0xff, 0xff, 0x40, 0x0, 0x0, 0x0, 0xe, 0xff,
    0xff, 0x30, 0x9f, 0xff, 0xfd, 0x10, 0x0, 0x0,
    0xa, 0xff, 0xff, 0xe0, 0x2, 0xff, 0xff, 0xfe,
    0x62, 0x1, 0x4c, 0xff, 0xff, 0xf6, 0x0, 0x8,
    0xff, 0xff, 0xff, 0xff, 0xff, 0xff, 0xff, 0xfc,
    0x0, 0x0, 0xb, 0xff, 0xff, 0xff, 0xff, 0xff,
    0xff, 0xfe, 0x10, 0x0, 0x0, 0x9, 0xff, 0xff,
    0xff, 0xff, 0xff, 0xfc, 0x10, 0x0, 0x0, 0x0,
    0x3, 0xbf, 0xff, 0xff, 0xff, 0xd5, 0x0, 0x0,
    0x0, 0x0, 0x0, 0x0, 0x4, 0x67, 0x65, 0x10,
    0x0, 0x0, 0x0,

    /* U+00F7 "÷" */
    0x0, 0x0, 0x0, 0x0, 0x0, 0x0, 0x0, 0x0,
    0x0, 0x0, 0x0, 0x0, 0x0, 0x5, 0x85, 0x0,
    0x0, 0x0, 0x0, 0x0, 0x0, 0x0, 0xa, 0xff,
    0xf9, 0x0, 0x0, 0x0, 0x0, 0x0, 0x0, 0x1,
    0xff, 0xff, 0xf0, 0x0, 0x0, 0x0, 0x0, 0x0,
    0x0, 0x3f, 0xff, 0xff, 0x20, 0x0, 0x0, 0x0,
    0x0, 0x0, 0x0, 0xef, 0xff, 0xe0, 0x0, 0x0,
    0x0, 0x0, 0x0, 0x0, 0x3, 0xdf, 0xd3, 0x0,
    0x0, 0x0, 0x0, 0x0, 0x0, 0x0, 0x0, 0x0,
    0x0, 0x0, 0x0, 0x0, 0x0, 0x0, 0x0, 0x0,
    0x0, 0x0, 0x0, 0x0, 0x0, 0x2, 0xaa, 0xaa,
    0xaa, 0xaa, 0xaa, 0xaa, 0xaa, 0xaa, 0xa1, 0x4f,
    0xff, 0xff, 0xff, 0xff, 0xff, 0xff, 0xff, 0xff,
    0x24, 0xff, 0xff, 0xff, 0xff, 0xff, 0xff, 0xff,
    0xff, 0xf2, 0x4f, 0xff, 0xff, 0xff, 0xff, 0xff,
    0xff, 0xff, 0xff, 0x24, 0xff, 0xff, 0xff, 0xff,
    0xff, 0xff, 0xff, 0xff, 0xf2, 0x0, 0x0, 0x0,
    0x0, 0x0, 0x0, 0x0, 0x0, 0x0, 0x0, 0x0,
    0x0, 0x0, 0x0, 0x0, 0x0, 0x0, 0x0, 0x0,
    0x0, 0x0, 0x0, 0x1, 0x8a, 0x70, 0x0, 0x0,
    0x0, 0x0, 0x0, 0x0, 0x0, 0xcf, 0xff, 0xb0,
    0x0, 0x0, 0x0, 0x0, 0x0, 0x0, 0x2f, 0xff,
    0xff, 0x10, 0x0, 0x0, 0x0, 0x0, 0x0, 0x2,
    0xff, 0xff, 0xf1, 0x0, 0x0, 0x0, 0x0, 0x0,
    0x0, 0xb, 0xff, 0xfa, 0x0, 0x0, 0x0, 0x0,
    0x0, 0x0, 0x0, 0x6, 0x96, 0x0, 0x0, 0x0,
    0x0, 0x0, 0x0, 0x0, 0x0, 0x0, 0x0, 0x0,
    0x0, 0x0, 0x0,

    /* U+00F8 "ø" */
    0x0, 0x0, 0x0, 0x0, 0x0, 0x0, 0x0, 0x5,
    0x77, 0x76, 0x0, 0x0, 0x0, 0x0, 0x0, 0x0,
    0x0, 0x1, 0xff, 0xff, 0x60, 0x0, 0x0, 0x0,
    0x0, 0x46, 0x76, 0x51, 0xaf, 0xff, 0xc0, 0x0,
    0x0, 0x0, 0x3b, 0xff, 0xff, 0xff, 0xff, 0xff,
    0xf3, 0x0, 0x0, 0x0, 0x8f, 0xff, 0xff, 0xff,
    0xff, 0xff, 0xfa, 0x0, 0x0, 0x0, 0xaf, 0xff,
    0xff, 0xff, 0xff, 0xff, 0xff, 0xc0, 0x0, 0x0,
    0x7f, 0xff, 0xff, 0xff, 0xef, 0xff, 0xff, 0xff,
    0xb0, 0x0, 0x1f, 0xff, 0xff, 0xe5, 0x10, 0x9f,
    0xff, 0xff, 0xff, 0x50, 0x9, 0xff, 0xff, 0xd1,
    0x0, 0x2f, 0xff, 0xff, 0xff, 0xfd, 0x0, 0xef,
    0xff, 0xf4, 0x0, 0xc, 0xff, 0xfb, 0xef, 0xff,
    0xf3, 0x2f, 0xff, 0xfc, 0x0, 0x5, 0xff, 0xff,
    0x28, 0xff, 0xff, 0x74, 0xff, 0xff, 0x90, 0x0,
    0xef, 0xff, 0x80, 0x4f, 0xff, 0xf9, 0x5f, 0xff,
    0xf7, 0x0, 0x9f, 0xff, 0xe0, 0x2, 0xff, 0xff,
    0xa3, 0xff, 0xff, 0x80, 0x2f, 0xff, 0xf5, 0x0,
    0x4f, 0xff, 0xf9, 0x2f, 0xff, 0xfc, 0xc, 0xff,
    0xfb, 0x0, 0x7, 0xff, 0xff, 0x70, 0xef, 0xff,
    0xf8, 0xff, 0xff, 0x20, 0x0, 0xef, 0xff, 0xf3,
    0x9, 0xff, 0xff, 0xff, 0xff, 0x80, 0x0, 0xaf,
    0xff, 0xfe, 0x0, 0x2f, 0xff, 0xff, 0xff, 0xe0,
    0x14, 0xcf, 0xff, 0xff, 0x70, 0x0, 0x8f, 0xff,
    0xff, 0xff, 0xff, 0xff, 0xff, 0xff, 0xc0, 0x0,
    0x0, 0xaf, 0xff, 0xff, 0xff, 0xff, 0xff, 0xff,
    0xe2, 0x0, 0x0, 0x5, 0xff, 0xff, 0xff, 0xff,
    0xff, 0xff, 0xc1, 0x0, 0x0, 0x0, 0xef, 0xff,
    0xff, 0xff, 0xff, 0xfd, 0x50, 0x0, 0x0, 0x0,
    0x8f, 0xff, 0xe2, 0x35, 0x76, 0x51, 0x0, 0x0,
    0x0, 0x0, 0x2f, 0xff, 0xf6, 0x0, 0x0, 0x0,
    0x0, 0x0, 0x0, 0x0, 0x4, 0x77, 0x77, 0x0,
    0x0, 0x0, 0x0, 0x0, 0x0, 0x0, 0x0,

    /* U+00F9 "ù" */
    0x0, 0x0, 0x4f, 0xff, 0xff, 0x50, 0x0, 0x0,
    0x0, 0x0, 0x0, 0x0, 0x8, 0xff, 0xff, 0xd0,
    0x0, 0x0, 0x0, 0x0, 0x0, 0x0, 0x0, 0xbf,
    0xff, 0xf6, 0x0, 0x0, 0x0, 0x0, 0x0, 0x0,
    0x0, 0x1d, 0xff, 0xfe, 0x0, 0x0, 0x0, 0x0,
    0x0, 0x0, 0x0, 0x2, 0xff, 0xff, 0x70, 0x0,
    0x0, 0x0, 0x0, 0x0, 0x0, 0x0, 0x49, 0x99,
    0x80, 0x0, 0x0, 0x0, 0x0, 0x0, 0x0, 0x0,
    0x0, 0x0, 0x0, 0x0, 0x0, 0x0, 0x0, 0x0,
    0x0, 0x0, 0x0, 0x0, 0x0, 0x0, 0x0, 0x0,
    0x0, 0x0, 0x0, 0x0, 0x0, 0x0, 0x0, 0x0,
    0x0, 0x0, 0x5f, 0xff, 0xf6, 0x0, 0x0, 0x0,
    0x0, 0xf, 0xff, 0xfb, 0x5f, 0xff, 0xf6, 0x0,
    0x0, 0x0, 0x0, 0xf, 0xff, 0xfb, 0x5f, 0xff,
    0xf6, 0x0, 0x0, 0x0, 0x0, 0xf, 0xff, 0xfb,
    0x5f, 0xff, 0xf6, 0x0, 0x0, 0x0, 0x0, 0xf,
    0xff, 0xfb, 0x5f, 0xff, 0xf6, 0x0, 0x0, 0x0,
    0x0, 0xf, 0xff, 0xfb, 0x5f, 0xff, 0xf6, 0x0,
    0x0, 0x0, 0x0, 0xf, 0xff, 0xfb, 0x5f, 0xff,
    0xf6, 0x0, 0x0, 0x0, 0x0, 0xf, 0xff, 0xfb,
    0x5f, 0xff, 0xf6, 0x0, 0x0, 0x0, 0x0, 0xf,
    0xff, 0xfb, 0x5f, 0xff, 0xf6, 0x0, 0x0, 0x0,
    0x0, 0xf, 0xff, 0xfb, 0x5f, 0xff, 0xf6, 0x0,
    0x0, 0x0, 0x0, 0xf, 0xff, 0xfb, 0x4f, 0xff,
    0xf8, 0x0, 0x0, 0x0, 0x0, 0x2f, 0xff, 0xfb,
    0x3f, 0xff, 0xfa, 0x0, 0x0, 0x0, 0x0, 0x5f,
    0xff, 0xfb, 0x1f, 0xff, 0xfe, 0x0, 0x0, 0x0,
    0x0, 0xcf, 0xff, 0xfb, 0xd, 0xff, 0xff, 0x90,
    0x0, 0x0, 0x6, 0xff, 0xff, 0xfb, 0x8, 0xff,
    0xff, 0xfa, 0x20, 0x2, 0x9f, 0xff, 0xff, 0xfb,
    0x1, 0xff, 0xff, 0xff, 0xff, 0xff, 0xff, 0xff,
    0xff, 0xfb, 0x0, 0x7f, 0xff, 0xff, 0xff, 0xff,
    0xff, 0xee, 0xff, 0xfb, 0x0, 0x8, 0xff, 0xff,
    0xff, 0xff, 0xfd, 0x2b, 0xff, 0xfb, 0x0, 0x0,
    0x5d, 0xff, 0xff, 0xff, 0x80, 0x9, 0xff, 0xfb,
    0x0, 0x0, 0x0, 0x36, 0x76, 0x40, 0x0, 0x0,
    0x0, 0x0,

    /* U+00FA "ú" */
    0x0, 0x0, 0x0, 0x0, 0x0, 0x37, 0x77, 0x77,
    0x10, 0x0, 0x0, 0x0, 0x0, 0x0, 0x0, 0xdf,
    0xff, 0xf8, 0x0, 0x0, 0x0, 0x0, 0x0, 0x0,
    0x5, 0xff, 0xff, 0xb0, 0x0, 0x0, 0x0, 0x0,
    0x0, 0x0, 0xd, 0xff, 0xfe, 0x10, 0x0, 0x0,
    0x0, 0x0, 0x0, 0x0, 0x6f, 0xff, 0xf3, 0x0,
    0x0, 0x0, 0x0, 0x0, 0x0, 0x0, 0xef, 0xff,
    0x60, 0x0, 0x0, 0x0, 0x0, 0x0, 0x0, 0x0,
    0x0, 0x0, 0x0, 0x0, 0x0, 0x0, 0x0, 0x0,
    0x0, 0x0, 0x0, 0x0, 0x0, 0x0, 0x0, 0x0,
    0x0, 0x0, 0x0, 0x0, 0x0, 0x0, 0x0, 0x0,
    0x0, 0x0, 0x5f, 0xff, 0xf7, 0x0, 0x0, 0x0,
    0x0, 0xf, 0xff, 0xfb, 0x5f, 0xff, 0xf7, 0x0,
    0x0, 0x0, 0x0, 0xf, 0xff, 0xfb, 0x5f, 0xff,
    0xf7, 0x0, 0x0, 0x0, 0x0, 0xf, 0xff, 0xfb,
    0x5f, 0xff, 0xf7, 0x0, 0x0, 0x0, 0x0, 0xf,
    0xff, 0xfb, 0x5f, 0xff, 0xf7, 0x0, 0x0, 0x0,
    0x0, 0xf, 0xff, 0xfb, 0x5f, 0xff, 0xf7, 0x0,
    0x0, 0x0, 0x0, 0xf, 0xff, 0xfb, 0x5f, 0xff,
    0xf7, 0x0, 0x0, 0x0, 0x0, 0xf, 0xff, 0xfb,
    0x5f, 0xff, 0xf7, 0x0, 0x0, 0x0, 0x0, 0xf,
    0xff, 0xfb, 0x5f, 0xff, 0xf7, 0x0, 0x0, 0x0,
    0x0, 0xf, 0xff, 0xfb, 0x5f, 0xff, 0xf7, 0x0,
    0x0, 0x0, 0x0, 0xf, 0xff, 0xfb, 0x4f, 0xff,
    0xf8, 0x0, 0x0, 0x0, 0x0, 0x2f, 0xff, 0xfb,
    0x3f, 0xff, 0xfa, 0x0, 0x0, 0x0, 0x0, 0x5f,
    0xff, 0xfb, 0x1f, 0xff, 0xfe, 0x0, 0x0, 0x0,
    0x0, 0xcf, 0xff, 0xfb, 0xd, 0xff, 0xff, 0x90,
    0x0, 0x0, 0x6, 0xff, 0xff, 0xfb, 0x8, 0xff,
    0xff, 0xfa, 0x20, 0x2, 0x9f, 0xff, 0xff, 0xfb,
    0x1, 0xff, 0xff, 0xff, 0xff, 0xff, 0xff, 0xff,
    0xff, 0xfb, 0x0, 0x7f, 0xff, 0xff, 0xff, 0xff,
    0xff, 0xee, 0xff, 0xfb, 0x0, 0x8, 0xff, 0xff,
    0xff, 0xff, 0xfd, 0x2b, 0xff, 0xfb, 0x0, 0x0,
    0x5d, 0xff, 0xff, 0xff, 0x80, 0x9, 0xff, 0xfb,
    0x0, 0x0, 0x0, 0x36, 0x76, 0x40, 0x0, 0x0,
    0x0, 0x0,

    /* U+00FB "û" */
    0x0, 0x0, 0x0, 0x0, 0x4f, 0xff, 0x60, 0x0,
    0x0, 0x0, 0x0, 0x0, 0x0, 0x3, 0xff, 0xff,
    0xf6, 0x0, 0x0, 0x0, 0x0, 0x0, 0x0, 0x3f,
    0xff, 0xff, 0xff, 0x60, 0x0, 0x0, 0x0, 0x0,
    0x2, 0xef, 0xff, 0xdf, 0xff, 0xf6, 0x0, 0x0,
    0x0, 0x0, 0x2e, 0xff, 0xfb, 0x9, 0xff, 0xff,
    0x60, 0x0, 0x0, 0x2, 0xef, 0xff, 0xc0, 0x0,
    0xaf, 0xff, 0xf5, 0x0, 0x0, 0x0, 0x0, 0x0,
    0x0, 0x0, 0x0, 0x0, 0x0, 0x0, 0x0, 0x0,
    0x0, 0x0, 0x0, 0x0, 0x0, 0x0, 0x0, 0x0,
    0x0, 0x0, 0x0, 0x0, 0x0, 0x0, 0x0, 0x0,
    0x0, 0x0, 0x5f, 0xff, 0xf6, 0x0, 0x0, 0x0,
    0x0, 0xf, 0xff, 0xfb, 0x5f, 0xff, 0xf6, 0x0,
    0x0, 0x0, 0x0, 0xf, 0xff, 0xfb, 0x5f, 0xff,
    0xf6, 0x0, 0x0, 0x0, 0x0, 0xf, 0xff, 0xfb,
    0x5f, 0xff, 0xf6, 0x0, 0x0, 0x0, 0x0, 0xf,
    0xff, 0xfb, 0x5f, 0xff, 0xf6, 0x0, 0x0, 0x0,
    0x0, 0xf, 0xff, 0xfb, 0x5f, 0xff, 0xf6, 0x0,
    0x0, 0x0, 0x0, 0xf, 0xff, 0xfb, 0x5f, 0xff,
    0xf6, 0x0, 0x0, 0x0, 0x0, 0xf, 0xff, 0xfb,
    0x5f, 0xff, 0xf6, 0x0, 0x0, 0x0, 0x0, 0xf,
    0xff, 0xfb, 0x5f, 0xff, 0xf6, 0x0, 0x0, 0x0,
    0x0, 0xf, 0xff, 0xfb, 0x5f, 0xff, 0xf6, 0x0,
    0x0, 0x0, 0x0, 0xf, 0xff, 0xfb, 0x4f, 0xff,
    0xf8, 0x0, 0x0, 0x0, 0x0, 0x2f, 0xff, 0xfb,
    0x3f, 0xff, 0xfa, 0x0, 0x0, 0x0, 0x0, 0x5f,
    0xff, 0xfb, 0x1f, 0xff, 0xfe, 0x0, 0x0, 0x0,
    0x0, 0xcf, 0xff, 0xfb, 0xd, 0xff, 0xff, 0x90,
    0x0, 0x0, 0x6, 0xff, 0xff, 0xfb, 0x8, 0xff,
    0xff, 0xfa, 0x20, 0x2, 0x9f, 0xff, 0xff, 0xfb,
    0x1, 0xff, 0xff, 0xff, 0xff, 0xff, 0xff, 0xff,
    0xff, 0xfb, 0x0, 0x7f, 0xff, 0xff, 0xff, 0xff,
    0xff, 0xee, 0xff, 0xfb, 0x0, 0x8, 0xff, 0xff,
    0xff, 0xff, 0xfd, 0x2b, 0xff, 0xfb, 0x0, 0x0,
    0x5d, 0xff, 0xff, 0xff, 0x80, 0x9, 0xff, 0xfb,
    0x0, 0x0, 0x0, 0x36, 0x76, 0x40, 0x0, 0x0,
    0x0, 0x0,

    /* U+00FC "ü" */
    0x0, 0x0, 0x0, 0x0, 0x0, 0x0, 0x0, 0x0,
    0x0, 0x0, 0x0, 0x3, 0xdf, 0xd3, 0x0, 0x0,
    0x6, 0xef, 0xb1, 0x0, 0x0, 0xe, 0xff, 0xfe,
    0x0, 0x0, 0x3f, 0xff, 0xfa, 0x0, 0x0, 0x2f,
    0xff, 0xff, 0x20, 0x0, 0x7f, 0xff, 0xfe, 0x0,
    0x0, 0x1f, 0xff, 0xff, 0x10, 0x0, 0x5f, 0xff,
    0xfc, 0x0, 0x0, 0xa, 0xff, 0xfa, 0x0, 0x0,
    0xd, 0xff, 0xf5, 0x0, 0x0, 0x0, 0x58, 0x50,
    0x0, 0x0, 0x0, 0x68, 0x30, 0x0, 0x0, 0x0,
    0x0, 0x0, 0x0, 0x0, 0x0, 0x0, 0x0, 0x0,
    0x0, 0x0, 0x0, 0x0, 0x0, 0x0, 0x0, 0x0,
    0x0, 0x0, 0x0, 0x0, 0x0, 0x0, 0x0, 0x0,
    0x0, 0x0, 0x0, 0x0, 0x5f, 0xff, 0xf7, 0x0,
    0x0, 0x0, 0x0, 0xf, 0xff, 0xfb, 0x5f, 0xff,
    0xf7, 0x0, 0x0, 0x0, 0x0, 0xf, 0xff, 0xfb,
    0x5f, 0xff, 0xf7, 0x0, 0x0, 0x0, 0x0, 0xf,
    0xff, 0xfb, 0x5f, 0xff, 0xf7, 0x0, 0x0, 0x0,
    0x0, 0xf, 0xff, 0xfb, 0x5f, 0xff, 0xf7, 0x0,
    0x0, 0x0, 0x0, 0xf, 0xff, 0xfb, 0x5f, 0xff,
    0xf7, 0x0, 0x0, 0x0, 0x0, 0xf, 0xff, 0xfb,
    0x5f, 0xff, 0xf7, 0x0, 0x0, 0x0, 0x0, 0xf,
    0xff, 0xfb, 0x5f, 0xff, 0xf7, 0x0, 0x0, 0x0,
    0x0, 0xf, 0xff, 0xfb, 0x5f, 0xff, 0xf7, 0x0,
    0x0, 0x0, 0x0, 0xf, 0xff, 0xfb, 0x5f, 0xff,
    0xf7, 0x0, 0x0, 0x0, 0x0, 0xf, 0xff, 0xfb,
    0x4f, 0xff, 0xf8, 0x0, 0x0, 0x0, 0x0, 0x2f,
    0xff, 0xfb, 0x3f, 0xff, 0xfa, 0x0, 0x0, 0x0,
    0x0, 0x5f, 0xff, 0xfb, 0x1f, 0xff, 0xfe, 0x0,
    0x0, 0x0, 0x0, 0xcf, 0xff, 0xfb, 0xd, 0xff,
    0xff, 0x90, 0x0, 0x0, 0x6, 0xff, 0xff, 0xfb,
    0x8, 0xff, 0xff, 0xfa, 0x20, 0x2, 0x9f, 0xff,
    0xff, 0xfb, 0x1, 0xff, 0xff, 0xff, 0xff, 0xff,
    0xff, 0xff, 0xff, 0xfb, 0x0, 0x7f, 0xff, 0xff,
    0xff, 0xff, 0xff, 0xee, 0xff, 0xfb, 0x0, 0x8,
    0xff, 0xff, 0xff, 0xff, 0xfd, 0x2b, 0xff, 0xfb,
    0x0, 0x0, 0x5d, 0xff, 0xff, 0xff, 0x80, 0x9,
    0xff, 0xfb, 0x0, 0x0, 0x0, 0x36, 0x76, 0x40,
    0x0, 0x0, 0x0, 0x0,

    /* U+00FD "ý" */
    0x0, 0x0, 0x0, 0x0, 0x0, 0x1e, 0xee, 0xee,
    0x60, 0x0, 0x0, 0x0, 0x0, 0x0, 0x0, 0x0,
    0x9f, 0xff, 0xf9, 0x0, 0x0, 0x0, 0x0, 0x0,
    0x0, 0x0, 0x3, 0xff, 0xff, 0xb0, 0x0, 0x0,
    0x0, 0x0, 0x0, 0x0, 0x0, 0xc, 0xff, 0xfd,
    0x0, 0x0, 0x0, 0x0, 0x0, 0x0, 0x0, 0x0,
    0x5f, 0xff, 0xe2, 0x0, 0x0, 0x0, 0x0, 0x0,
    0x0, 0x0, 0x0, 0x1, 0x11, 0x0, 0x0, 0x0,
    0x0, 0x0, 0x0, 0x0, 0x0, 0x0, 0x0, 0x0,
    0x0, 0x0, 0x0, 0x0, 0x0, 0x0, 0x0, 0x0,
    0x0, 0x0, 0x0, 0x0, 0x0, 0x0, 0x0, 0x0,
    0xe, 0xff, 0xff, 0x90, 0x0, 0x0, 0x0, 0x0,
    0x8f, 0xff, 0xfb, 0x8, 0xff, 0xff, 0xe0, 0x0,
    0x0, 0x0, 0x0, 0xef, 0xff, 0xf4, 0x1, 0xff,
    0xff, 0xf4, 0x0, 0x0, 0x0, 0x5, 0xff, 0xff,
    0xd0, 0x0, 0xbf, 0xff, 0xfa, 0x0, 0x0, 0x0,
    0xc, 0xff, 0xff, 0x70, 0x0, 0x4f, 0xff, 0xff,
    0x0, 0x0, 0x0, 0x2f, 0xff, 0xff, 0x10, 0x0,
    0xe, 0xff, 0xff, 0x50, 0x0, 0x0, 0x9f, 0xff,
    0xf9, 0x0, 0x0, 0x8, 0xff, 0xff, 0xa0, 0x0,
    0x0, 0xff, 0xff, 0xf2, 0x0, 0x0, 0x1, 0xff,
    0xff, 0xf0, 0x0, 0x6, 0xff, 0xff, 0xb0, 0x0,
    0x0, 0x0, 0xbf, 0xff, 0xf5, 0x0, 0xd, 0xff,
    0xff, 0x50, 0x0, 0x0, 0x0, 0x4f, 0xff, 0xfb,
    0x0, 0x3f, 0xff, 0xfe, 0x0, 0x0, 0x0, 0x0,
    0xe, 0xff, 0xff, 0x10, 0x9f, 0xff, 0xf7, 0x0,
    0x0, 0x0, 0x0, 0x8, 0xff, 0xff, 0x50, 0xef,
    0xff, 0xf1, 0x0, 0x0, 0x0, 0x0, 0x1, 0xff,
    0xff, 0xb5, 0xff, 0xff, 0x90, 0x0, 0x0, 0x0,
    0x0, 0x0, 0xbf, 0xff, 0xfb, 0xff, 0xff, 0x30,
    0x0, 0x0, 0x0, 0x0, 0x0, 0x4f, 0xff, 0xff,
    0xff, 0xfc, 0x0, 0x0, 0x0, 0x0, 0x0, 0x0,
    0xe, 0xff, 0xff, 0xff, 0xf5, 0x0, 0x0, 0x0,
    0x0, 0x0, 0x0, 0x7, 0xff, 0xff, 0xff, 0xe0,
    0x0, 0x0, 0x0, 0x0, 0x0, 0x0, 0x1, 0xff,
    0xff, 0xff, 0x70, 0x0, 0x0, 0x0, 0x0, 0x0,
    0x0, 0x0, 0xbf, 0xff, 0xff, 0x10, 0x0, 0x0,
    0x0, 0x0, 0x0, 0x0, 0x0, 0x9f, 0xff, 0xfa,
    0x0, 0x0, 0x0, 0x0, 0x0, 0x0, 0x0, 0x0,
    0xff, 0xff, 0xf3, 0x0, 0x0, 0x0, 0x0, 0x0,
    0x0, 0x0, 0x7, 0xff, 0xff, 0xc0, 0x0, 0x0,
    0x0, 0x0, 0x0, 0x0, 0x0, 0xd, 0xff, 0xff,
    0x50, 0x0, 0x0, 0x0, 0x0, 0x0, 0x0, 0x0,
    0x4f, 0xff, 0xfe, 0x0, 0x0, 0x0, 0x0, 0x0,
    0x0, 0x0, 0x0, 0xbf, 0xff, 0xf8, 0x0, 0x0,
    0x0, 0x0, 0x0, 0x0, 0x0, 0x2, 0xff, 0xff,
    0xf1, 0x0, 0x0, 0x0, 0x0, 0x0, 0x0, 0x0,
    0x8, 0xff, 0xff, 0xa0, 0x0, 0x0, 0x0, 0x0,
    0x0, 0x0, 0x0, 0x8, 0x99, 0x99, 0x20, 0x0,
    0x0, 0x0, 0x0, 0x0,

    /* U+00FE "þ" */
    0x6f, 0xff, 0xf4, 0x0, 0x0, 0x0, 0x0, 0x0,
    0x0, 0x0, 0x0, 0x6f, 0xff, 0xf4, 0x0, 0x0,
    0x0, 0x0, 0x0, 0x0, 0x0, 0x0, 0x6f, 0xff,
    0xf4, 0x0, 0x0, 0x0, 0x0, 0x0, 0x0, 0x0,
    0x0, 0x6f, 0xff, 0xf4, 0x0, 0x0, 0x0, 0x0,
    0x0, 0x0, 0x0, 0x0, 0x6f, 0xff, 0xf4, 0x0,
    0x0, 0x0, 0x0, 0x0, 0x0, 0x0, 0x0, 0x6f,
    0xff, 0xf4, 0x0, 0x0, 0x0, 0x0, 0x0, 0x0,
    0x0, 0x0, 0x6f, 0xff, 0xf4, 0x0, 0x0, 0x0,
    0x0, 0x0, 0x0, 0x0, 0x0, 0x6f, 0xff, 0xf4,
    0x0, 0x0, 0x0, 0x0, 0x0, 0x0, 0x0, 0x0,
    0x6f, 0xff, 0xf4, 0x0, 0x2, 0x57, 0x65, 0x10,
    0x0, 0x0, 0x0, 0x6f, 0xff, 0xf4, 0x5, 0xdf,
    0xff, 0xff, 0xfd, 0x60, 0x0, 0x0, 0x6f, 0xff,
    0xf5, 0xaf, 0xff, 0xff, 0xff, 0xff, 0xfc, 0x20,
    0x0, 0x6f, 0xff, 0xfd, 0xff, 0xff, 0xff, 0xff,
    0xff, 0xff, 0xe1, 0x0, 0x6f, 0xff, 0xff, 0xff,
    0xff, 0xff, 0xff, 0xff, 0xff, 0xfc, 0x0, 0x6f,
    0xff, 0xff, 0xff, 0xe7, 0x43, 0x6a, 0xff, 0xff,
    0xff, 0x50, 0x6f, 0xff, 0xff, 0xfa, 0x10, 0x0,
    0x0, 0x3e, 0xff, 0xff, 0xc0, 0x6f, 0xff, 0xff,
    0xc0, 0x0, 0x0, 0x0, 0x4, 0xff, 0xff, 0xf0,
    0x6f, 0xff, 0xff, 0x30, 0x0, 0x0, 0x0, 0x0,
    0xbf, 0xff, 0xf3, 0x6f, 0xff, 0xff, 0x0, 0x0,
    0x0, 0x0, 0x0, 0x8f, 0xff, 0xf5, 0x6f, 0xff,
    0xfc, 0x0, 0x0, 0x0, 0x0, 0x0, 0x6f, 0xff,
    0xf6, 0x6f, 0xff, 0xff, 0x0, 0x0, 0x0, 0x0,
    0x0, 0x8f, 0xff, 0xf5, 0x6f, 0xff, 0xff, 0x30,
    0x0, 0x0, 0x0, 0x0, 0xbf, 0xff, 0xf4, 0x6f,
    0xff, 0xff, 0xc0, 0x0, 0x0, 0x0, 0x4, 0xff,
    0xff, 0xf0, 0x6f, 0xff, 0xff, 0xfa, 0x10, 0x0,
    0x0, 0x3e, 0xff, 0xff, 0xc0, 0x6f, 0xff, 0xff,
    0xff, 0xe7, 0x43, 0x5a, 0xff, 0xff, 0xff, 0x50,
    0x6f, 0xff, 0xff, 0xff, 0xff, 0xff, 0xff, 0xff,
    0xff, 0xfc, 0x0, 0x6f, 0xff, 0xfd, 0xff, 0xff,
    0xff, 0xff, 0xff, 0xff, 0xe2, 0x0, 0x6f, 0xff,
    0xf5, 0xaf, 0xff, 0xff, 0xff, 0xff, 0xfd, 0x20,
    0x0, 0x6f, 0xff, 0xf4, 0x5, 0xdf, 0xff, 0xff,
    0xfd, 0x60, 0x0, 0x0, 0x6f, 0xff, 0xf4, 0x0,
    0x2, 0x67, 0x65, 0x20, 0x0, 0x0, 0x0, 0x6f,
    0xff, 0xf4, 0x0, 0x0, 0x0, 0x0, 0x0, 0x0,
    0x0, 0x0, 0x6f, 0xff, 0xf4, 0x0, 0x0, 0x0,
    0x0, 0x0, 0x0, 0x0, 0x0, 0x6f, 0xff, 0xf4,
    0x0, 0x0, 0x0, 0x0, 0x0, 0x0, 0x0, 0x0,
    0x6f, 0xff, 0xf4, 0x0, 0x0, 0x0, 0x0, 0x0,
    0x0, 0x0, 0x0, 0x6f, 0xff, 0xf4, 0x0, 0x0,
    0x0, 0x0, 0x0, 0x0, 0x0, 0x0, 0x6f, 0xff,
    0xf4, 0x0, 0x0, 0x0, 0x0, 0x0, 0x0, 0x0,
    0x0, 0x5b, 0xbb, 0xb3, 0x0, 0x0, 0x0, 0x0,
    0x0, 0x0, 0x0, 0x0,

    /* U+00FF "ÿ" */
    0x0, 0x0, 0x0, 0x0, 0x0, 0x0, 0x0, 0x0,
    0x0, 0x0, 0x0, 0x0, 0x0, 0x1, 0x66, 0x10,
    0x0, 0x0, 0x2, 0x65, 0x0, 0x0, 0x0, 0x0,
    0x1e, 0xff, 0xe1, 0x0, 0x0, 0x5f, 0xff, 0xb0,
    0x0, 0x0, 0x0, 0x8f, 0xff, 0xf9, 0x0, 0x0,
    0xdf, 0xff, 0xf4, 0x0, 0x0, 0x0, 0xaf, 0xff,
    0xfa, 0x0, 0x0, 0xff, 0xff, 0xf6, 0x0, 0x0,
    0x0, 0x7f, 0xff, 0xf7, 0x0, 0x0, 0xcf, 0xff,
    0xf2, 0x0, 0x0, 0x0, 0xa, 0xff, 0xa0, 0x0,
    0x0, 0x2d, 0xff, 0x70, 0x0, 0x0, 0x0, 0x0,
    0x0, 0x0, 0x0, 0x0, 0x0, 0x10, 0x0, 0x0,
    0x0, 0x0, 0x0, 0x0, 0x0, 0x0, 0x0, 0x0,
    0x0, 0x0, 0x0, 0x0, 0x0, 0x0, 0x0, 0x0,
    0x0, 0x0, 0x0, 0x0, 0x0, 0x0, 0xe, 0xff,
    0xff, 0x90, 0x0, 0x0, 0x0, 0x0, 0x8f, 0xff,
    0xfb, 0x8, 0xff, 0xff, 0xe0, 0x0, 0x0, 0x0,
    0x0, 0xef, 0xff, 0xf4, 0x1, 0xff, 0xff, 0xf4,
    0x0, 0x0, 0x0, 0x5, 0xff, 0xff, 0xd0, 0x0,
    0xbf, 0xff, 0xfa, 0x0, 0x0, 0x0, 0xc, 0xff,
    0xff, 0x70, 0x0, 0x4f, 0xff, 0xff, 0x0, 0x0,
    0x0, 0x2f, 0xff, 0xff, 0x10, 0x0, 0xe, 0xff,
    0xff, 0x50, 0x0, 0x0, 0x9f, 0xff, 0xf9, 0x0,
    0x0, 0x8, 0xff, 0xff, 0xa0, 0x0, 0x0, 0xff,
    0xff, 0xf2, 0x0, 0x0, 0x1, 0xff, 0xff, 0xf0,
    0x0, 0x6, 0xff, 0xff, 0xb0, 0x0, 0x0, 0x0,
    0xbf, 0xff, 0xf5, 0x0, 0xd, 0xff, 0xff, 0x50,
    0x0, 0x0, 0x0, 0x4f, 0xff, 0xfb, 0x0, 0x3f,
    0xff, 0xfe, 0x0, 0x0, 0x0, 0x0, 0xe, 0xff,
    0xff, 0x10, 0x9f, 0xff, 0xf7, 0x0, 0x0, 0x0,
    0x0, 0x8, 0xff, 0xff, 0x50, 0xef, 0xff, 0xf1,
    0x0, 0x0, 0x0, 0x0, 0x1, 0xff, 0xff, 0xb5,
    0xff, 0xff, 0x90, 0x0, 0x0, 0x0, 0x0, 0x0,
    0xbf, 0xff, 0xfb, 0xff, 0xff, 0x30, 0x0, 0x0,
    0x0, 0x0, 0x0, 0x4f, 0xff, 0xff, 0xff, 0xfc,
    0x0, 0x0, 0x0, 0x0, 0x0, 0x0, 0xe, 0xff,
    0xff, 0xff, 0xf5, 0x0, 0x0, 0x0, 0x0, 0x0,
    0x0, 0x7, 0xff, 0xff, 0xff, 0xe0, 0x0, 0x0,
    0x0, 0x0, 0x0, 0x0, 0x1, 0xff, 0xff, 0xff,
    0x70, 0x0, 0x0, 0x0, 0x0, 0x0, 0x0, 0x0,
    0xbf, 0xff, 0xff, 0x10, 0x0, 0x0, 0x0, 0x0,
    0x0, 0x0, 0x0, 0x9f, 0xff, 0xfa, 0x0, 0x0,
    0x0, 0x0, 0x0, 0x0, 0x0, 0x0, 0xff, 0xff,
    0xf3, 0x0, 0x0, 0x0, 0x0, 0x0, 0x0, 0x0,
    0x7, 0xff, 0xff, 0xc0, 0x0, 0x0, 0x0, 0x0,
    0x0, 0x0, 0x0, 0xd, 0xff, 0xff, 0x50, 0x0,
    0x0, 0x0, 0x0, 0x0, 0x0, 0x0, 0x4f, 0xff,
    0xfe, 0x0, 0x0, 0x0, 0x0, 0x0, 0x0, 0x0,
    0x0, 0xbf, 0xff, 0xf8, 0x0, 0x0, 0x0, 0x0,
    0x0, 0x0, 0x0, 0x2, 0xff, 0xff, 0xf1, 0x0,
    0x0, 0x0, 0x0, 0x0, 0x0, 0x0, 0x8, 0xff,
    0xff, 0xa0, 0x0, 0x0, 0x0, 0x0, 0x0, 0x0,
    0x0, 0x8, 0x99, 0x99, 0x20, 0x0, 0x0, 0x0,
    0x0, 0x0
};


/*---------------------
 *  GLYPH DESCRIPTION
 *--------------------*/

static const lv_font_fmt_txt_glyph_dsc_t glyph_dsc[] = {
    {.bitmap_index = 0, .adv_w = 0, .box_w = 0, .box_h = 0, .ofs_x = 0, .ofs_y = 0} /* id = 0 reserved */,
    {.bitmap_index = 0, .adv_w = 126, .box_w = 0, .box_h = 0, .ofs_x = 0, .ofs_y = 0},
    {.bitmap_index = 0, .adv_w = 185, .box_w = 7, .box_h = 29, .ofs_x = 2, .ofs_y = -1},
    {.bitmap_index = 102, .adv_w = 271, .box_w = 12, .box_h = 11, .ofs_x = 2, .ofs_y = 17},
    {.bitmap_index = 168, .adv_w = 450, .box_w = 26, .box_h = 28, .ofs_x = 0, .ofs_y = 0},
    {.bitmap_index = 532, .adv_w = 485, .box_w = 25, .box_h = 36, .ofs_x = 1, .ofs_y = -4},
    {.bitmap_index = 982, .adv_w = 483, .box_w = 33, .box_h = 30, .ofs_x = -2, .ofs_y = -1},
    {.bitmap_index = 1477, .adv_w = 452, .box_w = 24, .box_h = 30, .ofs_x = 2, .ofs_y = -1},
    {.bitmap_index = 1837, .adv_w = 134, .box_w = 6, .box_h = 11, .ofs_x = 1, .ofs_y = 17},
    {.bitmap_index = 1870, .adv_w = 216, .box_w = 12, .box_h = 36, .ofs_x = 1, .ofs_y = -5},
    {.bitmap_index = 2086, .adv_w = 222, .box_w = 13, .box_h = 36, .ofs_x = 0, .ofs_y = -5},
    {.bitmap_index = 2320, .adv_w = 214, .box_w = 14, .box_h = 13, .ofs_x = -1, .ofs_y = 15},
    {.bitmap_index = 2411, .adv_w = 292, .box_w = 17, .box_h = 17, .ofs_x = 0, .ofs_y = 6},
    {.bitmap_index = 2556, .adv_w = 155, .box_w = 7, .box_h = 10, .ofs_x = 1, .ofs_y = -4},
    {.bitmap_index = 2591, .adv_w = 286, .box_w = 15, .box_h = 5, .ofs_x = 1, .ofs_y = 11},
    {.bitmap_index = 2629, .adv_w = 151, .box_w = 7, .box_h = 8, .ofs_x = 1, .ofs_y = -1},
    {.bitmap_index = 2657, .adv_w = 284, .box_w = 19, .box_h = 34, .ofs_x = -1, .ofs_y = -3},
    {.bitmap_index = 2980, .adv_w = 434, .box_w = 25, .box_h = 37, .ofs_x = 1, .ofs_y = -5},
    {.bitmap_index = 3443, .adv_w = 230, .box_w = 14, .box_h = 28, .ofs_x = 0, .ofs_y = 0},
    {.bitmap_index = 3639, .adv_w = 409, .box_w = 23, .box_h = 29, .ofs_x = 1, .ofs_y = 0},
    {.bitmap_index = 3973, .adv_w = 408, .box_w = 24, .box_h = 30, .ofs_x = 0, .ofs_y = -1},
    {.bitmap_index = 4333, .adv_w = 424, .box_w = 24, .box_h = 28, .ofs_x = 1, .ofs_y = 0},
    {.bitmap_index = 4669, .adv_w = 392, .box_w = 23, .box_h = 29, .ofs_x = 1, .ofs_y = -1},
    {.bitmap_index = 5003, .adv_w = 413, .box_w = 23, .box_h = 30, .ofs_x = 1, .ofs_y = -1},
    {.bitmap_index = 5348, .adv_w = 356, .box_w = 22, .box_h = 28, .ofs_x = 0, .ofs_y = 0},
    {.bitmap_index = 5656, .adv_w = 424, .box_w = 25, .box_h = 30, .ofs_x = 0, .ofs_y = -1},
    {.bitmap_index = 6031, .adv_w = 421, .box_w = 23, .box_h = 30, .ofs_x = 1, .ofs_y = -1},
    {.bitmap_index = 6376, .adv_w = 148, .box_w = 7, .box_h = 19, .ofs_x = 1, .ofs_y = -1},
    {.bitmap_index = 6443, .adv_w = 162, .box_w = 7, .box_h = 22, .ofs_x = 1, .ofs_y = -4},
    {.bitmap_index = 6520, .adv_w = 241, .box_w = 13, .box_h = 19, .ofs_x = 0, .ofs_y = 3},
    {.bitmap_index = 6644, .adv_w = 266, .box_w = 16, .box_h = 12, .ofs_x = 0, .ofs_y = 7},
    {.bitmap_index = 6740, .adv_w = 248, .box_w = 13, .box_h = 19, .ofs_x = 1, .ofs_y = 3},
    {.bitmap_index = 6864, .adv_w = 387, .box_w = 21, .box_h = 29, .ofs_x = 1, .ofs_y = -1},
    {.bitmap_index = 7169, .adv_w = 596, .box_w = 34, .box_h = 32, .ofs_x = 1, .ofs_y = -7},
    {.bitmap_index = 7713, .adv_w = 467, .box_w = 31, .box_h = 28, .ofs_x = -1, .ofs_y = 0},
    {.bitmap_index = 8147, .adv_w = 426, .box_w = 24, .box_h = 28, .ofs_x = 1, .ofs_y = 0},
    {.bitmap_index = 8483, .adv_w = 412, .box_w = 25, .box_h = 30, .ofs_x = 1, .ofs_y = -1},
    {.bitmap_index = 8858, .adv_w = 439, .box_w = 26, .box_h = 28, .ofs_x = 1, .ofs_y = 0},
    {.bitmap_index = 9222, .adv_w = 389, .box_w = 22, .box_h = 28, .ofs_x = 1, .ofs_y = 0},
    {.bitmap_index = 9530, .adv_w = 371, .box_w = 21, .box_h = 28, .ofs_x = 1, .ofs_y = 0},
    {.bitmap_index = 9824, .adv_w = 455, .box_w = 27, .box_h = 30, .ofs_x = 0, .ofs_y = -1},
    {.bitmap_index = 10229, .adv_w = 457, .box_w = 25, .box_h = 28, .ofs_x = 1, .ofs_y = 0},
    {.bitmap_index = 10579, .adv_w = 160, .box_w = 7, .box_h = 28, .ofs_x = 1, .ofs_y = 0},
    {.bitmap_index = 10677, .adv_w = 444, .box_w = 25, .box_h = 29, .ofs_x = 0, .ofs_y = -1},
    {.bitmap_index = 11040, .adv_w = 409, .box_w = 24, .box_h = 28, .ofs_x = 1, .ofs_y = 0},
    {.bitmap_index = 11376, .adv_w = 365, .box_w = 21, .box_h = 28, .ofs_x = 1, .ofs_y = 0},
    {.bitmap_index = 11670, .adv_w = 540, .box_w = 30, .box_h = 28, .ofs_x = 1, .ofs_y = 0},
    {.bitmap_index = 12090, .adv_w = 445, .box_w = 23, .box_h = 28, .ofs_x = 2, .ofs_y = 0},
    {.bitmap_index = 12412, .adv_w = 490, .box_w = 29, .box_h = 30, .ofs_x = 0, .ofs_y = -1},
    {.bitmap_index = 12847, .adv_w = 422, .box_w = 28, .box_h = 28, .ofs_x = 1, .ofs_y = 0},
    {.bitmap_index = 13239, .adv_w = 488, .box_w = 30, .box_h = 31, .ofs_x = 0, .ofs_y = -2},
    {.bitmap_index = 13704, .adv_w = 421, .box_w = 26, .box_h = 28, .ofs_x = 1, .ofs_y = 0},
    {.bitmap_index = 14068, .adv_w = 412, .box_w = 24, .box_h = 30, .ofs_x = 0, .ofs_y = -1},
    {.bitmap_index = 14428, .adv_w = 384, .box_w = 23, .box_h = 28, .ofs_x = 0, .ofs_y = 0},
    {.bitmap_index = 14750, .adv_w = 464, .box_w = 25, .box_h = 29, .ofs_x = 1, .ofs_y = -1},
    {.bitmap_index = 15113, .adv_w = 469, .box_w = 29, .box_h = 28, .ofs_x = 0, .ofs_y = 0},
    {.bitmap_index = 15519, .adv_w = 680, .box_w = 42, .box_h = 28, .ofs_x = 0, .ofs_y = 0},
    {.bitmap_index = 16107, .adv_w = 440, .box_w = 27, .box_h = 28, .ofs_x = 0, .ofs_y = 0},
    {.bitmap_index = 16485, .adv_w = 436, .box_w = 27, .box_h = 28, .ofs_x = 0, .ofs_y = 0},
    {.bitmap_index = 16863, .adv_w = 366, .box_w = 22, .box_h = 28, .ofs_x = 0, .ofs_y = 0},
    {.bitmap_index = 17171, .adv_w = 195, .box_w = 11, .box_h = 35, .ofs_x = 1, .ofs_y = -4},
    {.bitmap_index = 17364, .adv_w = 285, .box_w = 19, .box_h = 34, .ofs_x = -1, .ofs_y = -3},
    {.bitmap_index = 17687, .adv_w = 202, .box_w = 10, .box_h = 35, .ofs_x = 0, .ofs_y = -4},
    {.bitmap_index = 17862, .adv_w = 369, .box_w = 22, .box_h = 15, .ofs_x = 0, .ofs_y = 13},
    {.bitmap_index = 18027, .adv_w = 300, .box_w = 19, .box_h = 5, .ofs_x = -1, .ofs_y = -4},
    {.bitmap_index = 18075, .adv_w = 148, .box_w = 10, .box_h = 6, .ofs_x = -1, .ofs_y = 22},
    {.bitmap_index = 18105, .adv_w = 381, .box_w = 22, .box_h = 21, .ofs_x = 0, .ofs_y = -1},
    {.bitmap_index = 18336, .adv_w = 390, .box_w = 22, .box_h = 29, .ofs_x = 1, .ofs_y = -1},
    {.bitmap_index = 18655, .adv_w = 298, .box_w = 19, .box_h = 21, .ofs_x = 0, .ofs_y = -1},
    {.bitmap_index = 18855, .adv_w = 386, .box_w = 22, .box_h = 29, .ofs_x = 0, .ofs_y = -1},
    {.bitmap_index = 19174, .adv_w = 364, .box_w = 22, .box_h = 21, .ofs_x = 0, .ofs_y = -1},
    {.bitmap_index = 19405, .adv_w = 251, .box_w = 17, .box_h = 29, .ofs_x = -1, .ofs_y = 0},
    {.bitmap_index = 19652, .adv_w = 344, .box_w = 21, .box_h = 34, .ofs_x = 0, .ofs_y = -13},
    {.bitmap_index = 20009, .adv_w = 363, .box_w = 20, .box_h = 28, .ofs_x = 1, .ofs_y = 0},
    {.bitmap_index = 20289, .adv_w = 145, .box_w = 6, .box_h = 29, .ofs_x = 1, .ofs_y = 0},
    {.bitmap_index = 20376, .adv_w = 140, .box_w = 12, .box_h = 41, .ofs_x = -5, .ofs_y = -13},
    {.bitmap_index = 20622, .adv_w = 321, .box_w = 19, .box_h = 28, .ofs_x = 1, .ofs_y = 0},
    {.bitmap_index = 20888, .adv_w = 142, .box_w = 6, .box_h = 28, .ofs_x = 1, .ofs_y = 0},
    {.bitmap_index = 20972, .adv_w = 559, .box_w = 31, .box_h = 19, .ofs_x = 1, .ofs_y = 0},
    {.bitmap_index = 21267, .adv_w = 368, .box_w = 20, .box_h = 20, .ofs_x = 1, .ofs_y = 0},
    {.bitmap_index = 21467, .adv_w = 358, .box_w = 21, .box_h = 21, .ofs_x = 0, .ofs_y = -1},
    {.bitmap_index = 21688, .adv_w = 390, .box_w = 22, .box_h = 29, .ofs_x = 1, .ofs_y = -9},
    {.bitmap_index = 22007, .adv_w = 386, .box_w = 22, .box_h = 29, .ofs_x = 0, .ofs_y = -9},
    {.bitmap_index = 22326, .adv_w = 271, .box_w = 16, .box_h = 20, .ofs_x = 1, .ofs_y = 0},
    {.bitmap_index = 22486, .adv_w = 306, .box_w = 18, .box_h = 21, .ofs_x = 0, .ofs_y = -1},
    {.bitmap_index = 22675, .adv_w = 249, .box_w = 16, .box_h = 26, .ofs_x = -1, .ofs_y = -1},
    {.bitmap_index = 22883, .adv_w = 374, .box_w = 20, .box_h = 20, .ofs_x = 1, .ofs_y = -1},
    {.bitmap_index = 23083, .adv_w = 356, .box_w = 23, .box_h = 19, .ofs_x = -1, .ofs_y = 0},
    {.bitmap_index = 23302, .adv_w = 569, .box_w = 33, .box_h = 19, .ofs_x = 1, .ofs_y = 0},
    {.bitmap_index = 23616, .adv_w = 332, .box_w = 20, .box_h = 19, .ofs_x = 0, .ofs_y = 0},
    {.bitmap_index = 23806, .adv_w = 350, .box_w = 22, .box_h = 28, .ofs_x = -1, .ofs_y = -9},
    {.bitmap_index = 24114, .adv_w = 285, .box_w = 17, .box_h = 19, .ofs_x = 0, .ofs_y = 0},
    {.bitmap_index = 24276, .adv_w = 211, .box_w = 13, .box_h = 37, .ofs_x = 0, .ofs_y = -6},
    {.bitmap_index = 24517, .adv_w = 191, .box_w = 6, .box_h = 33, .ofs_x = 2, .ofs_y = -3},
    {.bitmap_index = 24616, .adv_w = 212, .box_w = 13, .box_h = 37, .ofs_x = -1, .ofs_y = -6},
    {.bitmap_index = 24857, .adv_w = 323, .box_w = 21, .box_h = 9, .ofs_x = -1, .ofs_y = 6},
    {.bitmap_index = 24952, .adv_w = 199, .box_w = 7, .box_h = 29, .ofs_x = 2, .ofs_y = -9},
    {.bitmap_index = 25054, .adv_w = 341, .box_w = 18, .box_h = 26, .ofs_x = 1, .ofs_y = -4},
    {.bitmap_index = 25288, .adv_w = 392, .box_w = 23, .box_h = 29, .ofs_x = 1, .ofs_y = 0},
    {.bitmap_index = 25622, .adv_w = 338, .box_w = 20, .box_h = 21, .ofs_x = 0, .ofs_y = 2},
    {.bitmap_index = 25832, .adv_w = 449, .box_w = 27, .box_h = 28, .ofs_x = 0, .ofs_y = 0},
    {.bitmap_index = 26210, .adv_w = 190, .box_w = 5, .box_h = 32, .ofs_x = 3, .ofs_y = -4},
    {.bitmap_index = 26290, .adv_w = 376, .box_w = 21, .box_h = 29, .ofs_x = 1, .ofs_y = -1},
    {.bitmap_index = 26595, .adv_w = 319, .box_w = 17, .box_h = 8, .ofs_x = 1, .ofs_y = 22},
    {.bitmap_index = 26663, .adv_w = 577, .box_w = 29, .box_h = 29, .ofs_x = 3, .ofs_y = 0},
    {.bitmap_index = 27084, .adv_w = 259, .box_w = 15, .box_h = 19, .ofs_x = 0, .ofs_y = 9},
    {.bitmap_index = 27227, .adv_w = 308, .box_w = 18, .box_h = 18, .ofs_x = 0, .ofs_y = 4},
    {.bitmap_index = 27389, .adv_w = 292, .box_w = 16, .box_h = 10, .ofs_x = 0, .ofs_y = 6},
    {.bitmap_index = 27469, .adv_w = 577, .box_w = 29, .box_h = 29, .ofs_x = 3, .ofs_y = -1},
    {.bitmap_index = 27890, .adv_w = 190, .box_w = 11, .box_h = 10, .ofs_x = 0, .ofs_y = 18},
    {.bitmap_index = 27945, .adv_w = 293, .box_w = 17, .box_h = 23, .ofs_x = 0, .ofs_y = 1},
    {.bitmap_index = 28141, .adv_w = 229, .box_w = 12, .box_h = 15, .ofs_x = 1, .ofs_y = 15},
    {.bitmap_index = 28231, .adv_w = 244, .box_w = 13, .box_h = 15, .ofs_x = 0, .ofs_y = 15},
    {.bitmap_index = 28329, .adv_w = 149, .box_w = 10, .box_h = 6, .ofs_x = -1, .ofs_y = 22},
    {.bitmap_index = 28359, .adv_w = 366, .box_w = 20, .box_h = 27, .ofs_x = 1, .ofs_y = -8},
    {.bitmap_index = 28629, .adv_w = 522, .box_w = 31, .box_h = 36, .ofs_x = 0, .ofs_y = -8},
    {.bitmap_index = 29187, .adv_w = 141, .box_w = 7, .box_h = 8, .ofs_x = 0, .ofs_y = 9},
    {.bitmap_index = 29215, .adv_w = 238, .box_w = 11, .box_h = 12, .ofs_x = 1, .ofs_y = -10},
    {.bitmap_index = 29281, .adv_w = 177, .box_w = 8, .box_h = 15, .ofs_x = 2, .ofs_y = 15},
    {.bitmap_index = 29341, .adv_w = 233, .box_w = 14, .box_h = 19, .ofs_x = 0, .ofs_y = 13},
    {.bitmap_index = 29474, .adv_w = 287, .box_w = 19, .box_h = 18, .ofs_x = -1, .ofs_y = 4},
    {.bitmap_index = 29645, .adv_w = 477, .box_w = 27, .box_h = 30, .ofs_x = 1, .ofs_y = -1},
    {.bitmap_index = 30050, .adv_w = 505, .box_w = 29, .box_h = 29, .ofs_x = 1, .ofs_y = -1},
    {.bitmap_index = 30471, .adv_w = 527, .box_w = 30, .box_h = 30, .ofs_x = 1, .ofs_y = -1},
    {.bitmap_index = 30921, .adv_w = 374, .box_w = 22, .box_h = 29, .ofs_x = 0, .ofs_y = -8},
    {.bitmap_index = 31240, .adv_w = 467, .box_w = 31, .box_h = 36, .ofs_x = -1, .ofs_y = 0},
    {.bitmap_index = 31798, .adv_w = 467, .box_w = 31, .box_h = 36, .ofs_x = -1, .ofs_y = 0},
    {.bitmap_index = 32356, .adv_w = 467, .box_w = 31, .box_h = 36, .ofs_x = -1, .ofs_y = 0},
    {.bitmap_index = 32914, .adv_w = 467, .box_w = 31, .box_h = 37, .ofs_x = -1, .ofs_y = 0},
    {.bitmap_index = 33488, .adv_w = 467, .box_w = 31, .box_h = 36, .ofs_x = -1, .ofs_y = 0},
    {.bitmap_index = 34046, .adv_w = 467, .box_w = 31, .box_h = 36, .ofs_x = -1, .ofs_y = 0},
    {.bitmap_index = 34604, .adv_w = 569, .box_w = 35, .box_h = 28, .ofs_x = -1, .ofs_y = 0},
    {.bitmap_index = 35094, .adv_w = 412, .box_w = 25, .box_h = 41, .ofs_x = 1, .ofs_y = -12},
    {.bitmap_index = 35607, .adv_w = 386, .box_w = 22, .box_h = 36, .ofs_x = 1, .ofs_y = 0},
    {.bitmap_index = 36003, .adv_w = 386, .box_w = 22, .box_h = 36, .ofs_x = 1, .ofs_y = 0},
    {.bitmap_index = 36399, .adv_w = 386, .box_w = 22, .box_h = 36, .ofs_x = 1, .ofs_y = 0},
    {.bitmap_index = 36795, .adv_w = 389, .box_w = 22, .box_h = 37, .ofs_x = 1, .ofs_y = 0},
    {.bitmap_index = 37202, .adv_w = 160, .box_w = 10, .box_h = 36, .ofs_x = -2, .ofs_y = 0},
    {.bitmap_index = 37382, .adv_w = 160, .box_w = 10, .box_h = 36, .ofs_x = 1, .ofs_y = 0},
    {.bitmap_index = 37562, .adv_w = 160, .box_w = 15, .box_h = 36, .ofs_x = -3, .ofs_y = 0},
    {.bitmap_index = 37832, .adv_w = 160, .box_w = 15, .box_h = 37, .ofs_x = -3, .ofs_y = 0},
    {.bitmap_index = 38110, .adv_w = 456, .box_w = 28, .box_h = 28, .ofs_x = -1, .ofs_y = 0},
    {.bitmap_index = 38502, .adv_w = 462, .box_w = 23, .box_h = 37, .ofs_x = 2, .ofs_y = 0},
    {.bitmap_index = 38928, .adv_w = 490, .box_w = 29, .box_h = 38, .ofs_x = 0, .ofs_y = -1},
    {.bitmap_index = 39479, .adv_w = 490, .box_w = 29, .box_h = 37, .ofs_x = 0, .ofs_y = -1},
    {.bitmap_index = 40016, .adv_w = 490, .box_w = 29, .box_h = 38, .ofs_x = 0, .ofs_y = -1},
    {.bitmap_index = 40567, .adv_w = 490, .box_w = 29, .box_h = 38, .ofs_x = 0, .ofs_y = -1},
    {.bitmap_index = 41118, .adv_w = 490, .box_w = 29, .box_h = 38, .ofs_x = 0, .ofs_y = -1},
    {.bitmap_index = 41669, .adv_w = 278, .box_w = 15, .box_h = 15, .ofs_x = 1, .ofs_y = 5},
    {.bitmap_index = 41782, .adv_w = 490, .box_w = 29, .box_h = 34, .ofs_x = 0, .ofs_y = -3},
    {.bitmap_index = 42275, .adv_w = 464, .box_w = 25, .box_h = 38, .ofs_x = 1, .ofs_y = -1},
    {.bitmap_index = 42750, .adv_w = 464, .box_w = 25, .box_h = 38, .ofs_x = 1, .ofs_y = -1},
    {.bitmap_index = 43225, .adv_w = 464, .box_w = 25, .box_h = 38, .ofs_x = 1, .ofs_y = -1},
    {.bitmap_index = 43700, .adv_w = 464, .box_w = 25, .box_h = 38, .ofs_x = 1, .ofs_y = -1},
    {.bitmap_index = 44175, .adv_w = 449, .box_w = 27, .box_h = 36, .ofs_x = 0, .ofs_y = 0},
    {.bitmap_index = 44661, .adv_w = 422, .box_w = 28, .box_h = 28, .ofs_x = 1, .ofs_y = 0},
    {.bitmap_index = 45053, .adv_w = 393, .box_w = 21, .box_h = 31, .ofs_x = 2, .ofs_y = -2},
    {.bitmap_index = 45379, .adv_w = 381, .box_w = 22, .box_h = 29, .ofs_x = 0, .ofs_y = -1},
    {.bitmap_index = 45698, .adv_w = 381, .box_w = 22, .box_h = 29, .ofs_x = 0, .ofs_y = -1},
    {.bitmap_index = 46017, .adv_w = 381, .box_w = 22, .box_h = 29, .ofs_x = 0, .ofs_y = -1},
    {.bitmap_index = 46336, .adv_w = 381, .box_w = 22, .box_h = 30, .ofs_x = 0, .ofs_y = -1},
    {.bitmap_index = 46666, .adv_w = 381, .box_w = 22, .box_h = 31, .ofs_x = 0, .ofs_y = -1},
    {.bitmap_index = 47007, .adv_w = 381, .box_w = 22, .box_h = 33, .ofs_x = 0, .ofs_y = -1},
    {.bitmap_index = 47370, .adv_w = 610, .box_w = 38, .box_h = 21, .ofs_x = 0, .ofs_y = -1},
    {.bitmap_index = 47769, .adv_w = 298, .box_w = 19, .box_h = 31, .ofs_x = 0, .ofs_y = -11},
    {.bitmap_index = 48064, .adv_w = 364, .box_w = 22, .box_h = 29, .ofs_x = 0, .ofs_y = -1},
    {.bitmap_index = 48383, .adv_w = 364, .box_w = 22, .box_h = 29, .ofs_x = 0, .ofs_y = -1},
    {.bitmap_index = 48702, .adv_w = 364, .box_w = 22, .box_h = 29, .ofs_x = 0, .ofs_y = -1},
    {.bitmap_index = 49021, .adv_w = 364, .box_w = 22, .box_h = 30, .ofs_x = 0, .ofs_y = -1},
    {.bitmap_index = 49351, .adv_w = 149, .box_w = 8, .box_h = 28, .ofs_x = -1, .ofs_y = 0},
    {.bitmap_index = 49463, .adv_w = 149, .box_w = 8, .box_h = 28, .ofs_x = 1, .ofs_y = 0},
    {.bitmap_index = 49575, .adv_w = 149, .box_w = 13, .box_h = 28, .ofs_x = -2, .ofs_y = 0},
    {.bitmap_index = 49757, .adv_w = 149, .box_w = 13, .box_h = 29, .ofs_x = -2, .ofs_y = 0},
    {.bitmap_index = 49946, .adv_w = 367, .box_w = 21, .box_h = 29, .ofs_x = 1, .ofs_y = -1},
    {.bitmap_index = 50251, .adv_w = 375, .box_w = 20, .box_h = 29, .ofs_x = 1, .ofs_y = 0},
    {.bitmap_index = 50541, .adv_w = 358, .box_w = 21, .box_h = 29, .ofs_x = 0, .ofs_y = -1},
    {.bitmap_index = 50846, .adv_w = 358, .box_w = 21, .box_h = 29, .ofs_x = 0, .ofs_y = -1},
    {.bitmap_index = 51151, .adv_w = 358, .box_w = 21, .box_h = 29, .ofs_x = 0, .ofs_y = -1},
    {.bitmap_index = 51456, .adv_w = 358, .box_w = 21, .box_h = 30, .ofs_x = 0, .ofs_y = -1},
    {.bitmap_index = 51771, .adv_w = 358, .box_w = 21, .box_h = 30, .ofs_x = 0, .ofs_y = -1},
    {.bitmap_index = 52086, .adv_w = 323, .box_w = 19, .box_h = 23, .ofs_x = 0, .ofs_y = 2},
    {.bitmap_index = 52305, .adv_w = 358, .box_w = 21, .box_h = 25, .ofs_x = 0, .ofs_y = -3},
    {.bitmap_index = 52568, .adv_w = 376, .box_w = 20, .box_h = 29, .ofs_x = 1, .ofs_y = -1},
    {.bitmap_index = 52858, .adv_w = 376, .box_w = 20, .box_h = 29, .ofs_x = 1, .ofs_y = -1},
    {.bitmap_index = 53148, .adv_w = 376, .box_w = 20, .box_h = 29, .ofs_x = 1, .ofs_y = -1},
    {.bitmap_index = 53438, .adv_w = 376, .box_w = 20, .box_h = 30, .ofs_x = 1, .ofs_y = -1},
    {.bitmap_index = 53738, .adv_w = 350, .box_w = 22, .box_h = 36, .ofs_x = -1, .ofs_y = -9},
    {.bitmap_index = 54134, .adv_w = 389, .box_w = 22, .box_h = 36, .ofs_x = 1, .ofs_y = -8},
    {.bitmap_index = 54530, .adv_w = 350, .box_w = 22, .box_h = 38, .ofs_x = -1, .ofs_y = -9}
};

/*---------------------
 *  CHARACTER MAPPING
 *--------------------*/

static const uint8_t glyph_id_ofs_list_1[] = {
    0, 1, 2, 3, 4, 5, 6, 7,
    8, 9, 10, 11, 0, 12
};

/*Collect the unicode lists and glyph_id offsets*/
static const lv_font_fmt_txt_cmap_t cmaps[] =
{
    {
        .range_start = 32, .range_length = 95, .glyph_id_start = 1,
        .unicode_list = NULL, .glyph_id_ofs_list = NULL, .list_length = 0, .type = LV_FONT_FMT_TXT_CMAP_FORMAT0_TINY
    },
    {
        .range_start = 161, .range_length = 14, .glyph_id_start = 96,
        .unicode_list = NULL, .glyph_id_ofs_list = glyph_id_ofs_list_1, .list_length = 14, .type = LV_FONT_FMT_TXT_CMAP_FORMAT0_FULL
    },
    {
        .range_start = 176, .range_length = 80, .glyph_id_start = 109,
        .unicode_list = NULL, .glyph_id_ofs_list = NULL, .list_length = 0, .type = LV_FONT_FMT_TXT_CMAP_FORMAT0_TINY
    }
};

/*-----------------
 *    KERNING
 *----------------*/


/*Map glyph_ids to kern left classes*/
static const uint8_t kern_left_class_mapping[] =
{
    0, 0, 0, 1, 2, 3, 4, 5,
    6, 0, 0, 0, 0, 7, 0, 8,
    9, 10, 11, 12, 13, 14, 15, 16,
    17, 0, 0, 18, 19, 0, 0, 0,
    20, 21, 22, 23, 24, 25, 26, 27,
    28, 0, 29, 30, 31, 32, 33, 34,
    35, 36, 37, 38, 39, 40, 41, 42,
    43, 44, 45, 46, 0, 0, 0, 0,
    0, 0, 47, 48, 49, 50, 51, 52,
    53, 54, 55, 56, 57, 58, 59, 60,
    61, 62, 62, 63, 0, 64, 0, 65,
    66, 67, 0, 0, 0, 0, 0, 0,
    0, 0, 0, 0, 0, 0, 0, 0,
    0, 0, 0, 0, 0, 0, 0, 0,
    0, 0, 0, 0, 0, 0, 0, 0,
    0, 0, 0, 0, 0, 22, 22, 22,
    22, 22, 22, 26, 24, 26, 26, 26,
    26, 29, 29, 29, 29, 0, 34, 35,
    35, 35, 35, 35, 0, 35, 41, 41,
    41, 41, 45, 25, 0, 47, 47, 47,
    47, 47, 47, 68, 49, 51, 51, 51,
    51, 55, 55, 55, 55, 0, 60, 61,
    61, 61, 61, 61, 0, 61, 0, 0,
    0, 0, 0, 62, 0
};

/*Map glyph_ids to kern right classes*/
static const uint8_t kern_right_class_mapping[] =
{
    0, 0, 0, 0, 0, 0, 0, 0,
    0, 0, 0, 0, 0, 0, 0, 1,
    0, 2, 3, 4, 5, 6, 7, 8,
    9, 10, 11, 0, 0, 0, 0, 0,
    0, 0, 12, 13, 14, 15, 16, 17,
    18, 19, 20, 21, 22, 23, 24, 25,
    26, 27, 28, 29, 30, 31, 32, 33,
    34, 35, 36, 37, 0, 0, 0, 0,
    0, 0, 38, 39, 40, 41, 42, 43,
    44, 45, 46, 47, 48, 49, 50, 51,
    52, 53, 54, 55, 56, 57, 58, 59,
    60, 61, 62, 63, 0, 0, 0, 0,
    0, 0, 0, 0, 0, 0, 0, 0,
    0, 0, 0, 0, 0, 0, 0, 0,
    0, 0, 0, 0, 0, 0, 0, 0,
    0, 0, 0, 0, 0, 12, 12, 12,
    12, 12, 12, 12, 14, 16, 16, 16,
    16, 20, 20, 20, 20, 0, 25, 26,
    26, 26, 26, 26, 0, 26, 32, 32,
    32, 32, 36, 15, 0, 38, 38, 38,
    38, 38, 38, 38, 40, 42, 42, 42,
    42, 46, 46, 46, 46, 0, 51, 52,
    52, 52, 52, 52, 0, 52, 58, 58,
    58, 58, 62, 0, 62
};

/*Kern values between classes*/
static const int8_t kern_class_values[] =
{
    0, 0, 0, 0, 0, 0, 0, 0,
    0, 0, 0, -29, 9, 10, 0, 0,
    0, 0, 0, 0, -19, 0, 0, 10,
    0, 0, 0, 0, 0, 0, 9, 0,
    0, 0, 0, 9, -4, -29, 9, 0,
    0, 9, 10, 0, 10, 0, 0, 0,
    9, 0, 0, 0, 10, 0, 9, 0,
    10, 0, 0, 0, 0, 0, 0, 0,
    9, 9, 9, 0, 0, 15, 0, 0,
    0, 20, 0, 0, 0, 0, 0, 0,
    0, 0, 0, 0, 0, 0, 0, 0,
    0, 0, 0, 0, 0, 0, 0, 0,
    0, 0, 0, 0, 0, 0, 0, 0,
    0, 0, 0, 0, 0, 0, 0, 0,
    0, 0, 0, 0, 0, 0, 0, 0,
    0, 0, 0, 0, 0, 0, 0, 0,
    0, 0, 0, 0, 0, 10, 0, 9,
    0, 0, 0, 0, 0, 0, 0, 0,
    0, 0, 0, 0, 0, 0, 0, 0,
    0, 0, 0, 0, 0, 0, 0, 0,
    0, 0, 0, 0, 0, 0, 0, 0,
    0, 0, 0, 0, 0, 0, 0, 0,
    0, 0, 0, 0, 0, 0, 0, 0,
    0, 0, 0, 0, 0, 0, 0, -20,
    10, 0, 0, 9, 15, 0, 10, 0,
    0, 0, 0, 0, 0, 0, 0, 0,
    0, 0, 0, 0, 0, 0, 0, 0,
    0, 0, 0, 0, 0, 0, 0, 0,
    0, 0, 0, 0, 0, 0, 0, 0,
    0, 0, 0, 0, 0, 0, 0, 0,
    0, 0, 0, 0, 0, 0, 0, 0,
    0, 0, 0, 0, 0, -14, -58, 10,
    0, -14, -5, 0, 0, -9, -34, 0,
    5, -20, 0, 24, 14, 0, 0, 0,
    0, 0, 0, 0, 0, -15, -64, -14,
    -54, -44, -78, -64, 10, -63, 0, -92,
    0, 14, 5, -20, 5, 0, 0, -19,
    0, 0, 14, 0, 0, 0, 0, -29,
    0, -24, 0, -9, -74, -9, -54, -59,
    5, -82, -5, 0, 0, 0, 0, 0,
    0, 0, 0, 0, 0, 0, 0, 0,
    0, 0, 0, 0, 0, 0, 0, 0,
    0, 0, 0, 0, 0, 0, 0, 0,
    0, 0, 0, 0, 0, 0, 0, 0,
    0, 0, 0, 0, 0, 0, 0, 0,
    0, 0, 0, 0, 0, 0, 0, 0,
    0, 0, 0, 13, 0, 0, 0, 0,
    0, 0, 0, 0, 0, 0, 0, 0,
    0, 0, 0, 0, 0, 0, 0, 0,
    0, 0, 0, 0, 9, 0, 0, 0,
    0, 0, 0, 0, 0, 0, 0, 0,
    0, 0, 9, 0, 0, 0, 19, 14,
    0, -10, 14, 14, 0, 0, 5, 10,
    24, 14, 10, 9, 0, 0, 0, 0,
    0, 0, 0, 0, 0, 0, 0, 0,
    15, 0, 0, 0, 0, 0, 0, 0,
    0, 0, 0, 0, 0, 14, -14, 0,
    0, 0, 0, 0, 0, 0, 0, 0,
    0, 0, 0, 0, 0, 0, 0, -44,
    0, 14, 0, 0, -73, 24, 15, 14,
    -9, 15, 10, 0, -10, 14, 0, 19,
    14, 20, 0, 0, -19, 19, -14, 0,
    0, -49, 0, -54, -20, 10, -69, 15,
    0, 0, 0, 0, 0, 0, 0, 0,
    0, 0, 0, -39, 29, 0, 0, 0,
    0, 0, 0, 0, 0, 0, 0, 29,
    0, 0, 0, 0, 0, 0, 24, 29,
    29, 24, 24, 29, 14, 34, 24, -5,
    34, 19, 14, 5, 19, 20, 0, 24,
    20, 15, 0, -5, 19, -10, 0, 0,
    34, 24, 24, 34, 19, 34, 24, 0,
    0, 0, -19, 6, 0, 6, 13, -32,
    0, 0, 0, 0, 0, 0, 0, 0,
    0, 0, 0, 0, 0, 0, 0, 0,
    0, 0, 0, 0, 0, 0, 0, 0,
    0, 0, 0, 0, 0, 0, 0, 0,
    0, 0, 0, 0, 0, 0, 0, 0,
    0, 0, 0, 0, 0, 0, 0, 0,
    0, 0, 0, 0, 0, 0, 0, 0,
    0, 6, 13, 7, 13, 19, 0, 13,
    13, 0, 0, 0, 0, 0, 0, 0,
    0, 0, 0, 0, 0, 0, 0, 0,
    0, 0, 0, 0, 0, 0, 0, 0,
    0, 0, 0, 0, 0, 0, 0, 0,
    0, 0, 0, 0, 0, 0, 0, 0,
    0, 0, 0, 0, 0, 0, 0, 0,
    0, 0, 0, 0, 0, 0, 0, 0,
    0, 0, -19, -6, 0, -19, 0, 0,
    0, 0, 0, 0, 0, 0, 0, 0,
    0, 0, 0, 0, 0, 0, 0, 0,
    0, 0, 0, 0, 0, 0, 0, 0,
    0, 0, 0, 0, 0, 0, 0, 0,
    0, 0, 0, 0, 0, 0, 0, 0,
    0, 0, 0, 0, 0, 0, 0, 0,
    0, 0, 0, 0, 0, 0, 0, 0,
    0, 0, 0, 0, -26, 0, -13, 0,
    0, 0, 0, 0, 0, 0, 0, 0,
    0, 0, 0, 0, 0, 0, 0, 0,
    0, 0, 0, 0, 0, 0, 0, 0,
    0, 0, 0, 0, 0, 0, 0, 0,
    0, 0, 0, 0, 0, 0, 0, 0,
    0, 0, 0, 0, 0, 0, 0, 0,
    0, 0, 0, 0, 0, 0, 0, 0,
    0, 0, 0, -32, 13, 0, 0, 0,
    0, 0, 0, 0, 0, 0, 0, 0,
    0, 0, 0, 0, 0, 0, 0, 0,
    0, 0, 0, 0, 0, 0, 0, 0,
    0, 0, 0, 0, 0, 0, 0, 0,
    0, 0, 0, 0, 0, 0, 0, 0,
    0, 0, 0, 0, 0, 0, 0, 0,
    0, 0, 0, 0, 0, 0, 0, 0,
    0, 0, -32, 0, -19, 0, 0, 0,
    0, 0, 0, 0, 0, 0, 0, 0,
    0, 0, 0, 0, 0, 0, 0, 0,
    0, 0, 0, 0, 0, 0, 0, 0,
    0, 0, 0, 0, 0, 0, 0, 0,
    0, 0, 0, 0, 0, 0, 0, 0,
    0, 0, 0, 0, 0, 0, 0, 0,
    0, 0, 0, 0, 0, 0, 0, 0,
    0, -32, 6, 0, 0, 0, 0, 0,
    0, 0, 0, 0, 0, 0, 0, 0,
    0, 0, 0, 0, 0, 0, 0, 0,
    0, 0, 0, 0, 0, 0, 0, 0,
    0, 0, 0, 0, 0, 0, 0, 0,
    0, 0, 0, 0, 0, 0, 0, 0,
    0, 0, 0, 0, 0, 0, 0, 0,
    0, 0, 0, 0, 0, 0, 0, 0,
    0, -20, -6, 0, 0, 0, 0, 0,
    0, 0, 0, 0, 0, 0, 0, 0,
    0, 0, 0, 0, 0, 0, 0, 0,
    0, 0, 0, 0, 0, 0, 0, 0,
    0, 0, 0, 0, 0, 0, 0, 0,
    0, 0, 0, 0, 0, 0, 0, 0,
    0, 0, 0, 0, 0, 0, 0, 0,
    0, 0, 0, 0, 0, 0, 0, 0,
    0, 0, 0, 0, 0, 0, 0, 0,
    0, 0, 0, 0, 0, 0, 0, 0,
    0, 0, 0, 0, 0, 0, 19, 0,
    0, 0, 0, 19, 0, 0, 0, 0,
    0, 0, 10, 0, 0, 0, 0, 0,
    0, 0, 0, 0, 0, 0, 19, 0,
    15, -14, 0, 0, -29, 0, 0, 0,
    0, 0, 0, 0, 0, 0, 0, 0,
    0, 0, 0, 0, 0, 19, 0, 0,
    0, 0, 0, 0, 0, 0, 0, 0,
    0, 19, 0, 0, 24, 0, 29, 0,
    0, 0, 0, 0, 0, 0, 0, 0,
    0, 14, 0, 0, 0, 0, 0, 0,
    0, 0, 0, 0, 0, 0, 0, 0,
    0, 0, 0, -19, 0, 0, 0, 0,
    0, 0, 0, 0, 0, 0, 0, 0,
    0, 10, 0, 0, 0, 0, 0, 0,
    0, -24, 0, 0, 0, 0, 0, 0,
    0, 0, 0, 0, 0, 0, 0, 0,
    0, 0, -29, 0, 0, 0, 0, 0,
    0, 0, 0, 0, 0, 0, 0, 0,
    0, 0, 0, 0, 0, 0, 0, 0,
    0, 0, 0, 0, 0, 0, 0, 0,
    0, 0, 0, 0, 0, 0, 0, 0,
    0, 0, 0, 0, -24, 0, 0, 0,
    0, 0, 0, 0, 0, 0, -19, 0,
    -5, 0, -14, -14, -19, 0, 0, 0,
    0, -19, 0, 0, 0, 0, 0, -24,
    0, 0, -29, 0, 0, 0, 9, 0,
    14, 0, 24, 0, 0, 0, 0, 0,
    0, -4, 0, 0, 0, 0, 0, 0,
    0, 0, 0, 0, 0, 0, 0, 0,
    -19, 20, 0, 0, -13, 0, 0, -26,
    0, 13, 0, 7, -19, 0, -13, 6,
    0, -65, -26, -65, -58, 0, -66, 26,
    6, 0, 0, -13, 0, -12, 13, 0,
    0, 0, 0, 0, 0, 0, 0, 0,
    -12, 0, 6, -26, -12, -32, -32, 20,
    -26, 0, 0, 0, 0, 0, 0, 0,
    0, 0, 0, 0, 0, 0, 0, 0,
    12, 0, 0, 7, 0, 0, 13, 0,
    0, 0, 0, 7, 0, 13, 0, 13,
    0, 0, -19, -26, 0, -26, 0, 0,
    0, 0, 0, 0, 0, 6, 6, 0,
    0, 0, 0, 0, 0, 0, 0, 0,
    0, 0, 0, 0, -6, 0, 0, 0,
    0, 0, 0, 0, 0, 0, 0, 0,
    0, 0, 0, 0, 0, 0, 0, 13,
    19, 0, 0, 19, 20, 0, 20, 13,
    13, 0, 19, 13, 0, 19, 26, 13,
    13, 0, 0, 0, 0, 13, 6, 0,
    0, 0, 13, 0, 6, 13, 7, 0,
    0, 13, 13, 6, 13, 0, 0, 0,
    7, 13, 0, 0, 13, 0, 19, 0,
    0, 0, 0, 0, 0, 0, 0, 0,
    0, 0, 0, 0, 0, 0, 0, 0,
    13, 0, 0, 7, 0, 0, 0, 0,
    0, 6, 0, 13, 0, 0, -19, 0,
    -6, -19, -32, -32, -13, 6, 0, 0,
    0, 13, 0, 0, 6, 0, 13, 0,
    0, 13, 7, 6, 0, 0, 0, 0,
    0, 13, 0, 13, 0, 12, 0, 0,
    0, 0, 0, 0, 0, 0, 0, 0,
    0, 0, 0, 0, 0, 0, 0, 0,
    0, 0, 0, 7, 0, 0, 0, 13,
    0, 0, 0, 0, 13, 26, 0, 7,
    6, 0, 13, 0, 0, 0, 0, 0,
    0, 0, 0, 0, 0, 26, 0, 0,
    0, 0, 0, 0, 0, 0, 6, 0,
    0, 0, 0, 13, 0, 0, 0, 0,
    0, 0, 0, 0, 0, 0, 0, 0,
    0, 0, 0, 0, 0, 0, 0, 13,
    0, 6, 0, 0, 0, 0, 0, 13,
    0, 0, 0, 0, 19, 0, 19, 0,
    0, 19, 0, 0, 0, 0, 0, 0,
    13, 0, 0, 0, 0, 0, 0, 0,
    0, 0, 0, 0, 0, 0, 0, 0,
    0, 0, 0, 0, 0, 0, 0, 0,
    0, 0, 0, 0, 0, 0, 0, 0,
    0, 0, 0, 0, 0, 0, 0, 0,
    0, 0, 0, 0, 0, 0, 0, 0,
    0, -6, 0, -26, 0, -19, -26, 0,
    -26, 0, 0, 0, 0, 0, 7, 0,
    0, 0, 0, 0, 0, 0, 0, 0,
    0, 0, 0, 0, 0, 0, 0, 0,
    0, 0, -6, 0, 0, 0, 0, 0,
    0, 0, 0, 0, 0, 0, 0, 0,
    0, 0, 0, 0, 0, 0, 0, 0,
    6, 0, 0, 0, 0, 13, 0, 0,
    0, 12, 20, 0, 0, 13, 0, 0,
    13, 0, 0, 0, 0, 0, 0, 0,
    0, 0, 0, 0, 0, 0, 0, 0,
    0, 0, 0, 0, 0, 0, 0, 0,
    0, 0, 0, 0, 0, 0, 0, 0,
    0, 0, 0, 0, 0, 0, 0, 0,
    0, 0, 0, 0, 0, 0, 0, 0,
    0, 0, 0, 0, 0, 0, 0, 0,
    0, 0, 0, 0, 0, -26, 0, 0,
    -13, 0, 0, 0, -6, 0, -12, 0,
    0, -12, 0, 0, 0, -6, -6, 0,
    0, 0, 0, 0, -7, 0, 0, 0,
    0, 0, 0, 0, 0, 0, 0, 0,
    0, 0, 0, 0, 0, 0, 0, 0,
    0, 0, 0, 0, 0, 0, 0, 0,
    0, 0, 0, -39, 0, -26, -7, 0,
    0, -20, 0, 0, 0, 0, 0, -12,
    0, -19, -19, -19, 0, 12, 0, 0,
    0, 0, 0, -13, -13, -26, 0, -19,
    0, -13, -19, -20, -32, -32, 0, -26,
    -13, 0, 0, 0, 0, 0, 0, 0,
    0, 0, 0, 0, 0, 0, 0, 0,
    0, 0, 0, 0, 0, 0, 0, 0,
    0, 0, -13, 0, 0, 0, 0, -65,
    -26, -65, -65, 0, -78, 13, 12, 0,
    0, 0, 0, 0, 13, 0, 0, 0,
    0, 0, 0, 0, 0, 0, 0, 0,
    0, 0, 0, 0, 0, 0, -26, 0,
    0, 0, 0, 0, 0, 0, 0, 0,
    0, 0, 0, 0, 0, 0, 0, 0,
    0, 0, 0, 0, 0, 0, 0, 0,
    0, 0, 0, 0, 0, 0, 0, 0,
    0, -13, 0, 0, 0, 6, 0, 0,
    0, 0, 0, 0, 0, 0, 0, 0,
    0, 0, 0, 0, 0, 0, 0, 0,
    0, 0, 0, 0, 0, 0, 0, 0,
    0, 0, 0, 0, 0, 0, 0, 0,
    0, 0, 0, 0, 0, 0, 0, 0,
    0, 0, 0, 0, 0, 0, 0, 0,
    6, 0, 0, 0, 7, 0, 0, 0,
    0, 0, 0, 0, 0, 0, 0, 0,
    0, 0, 0, 0, 0, 0, 0, 0,
    0, 0, 0, 0, 0, 0, 0, 0,
    0, 0, 0, 0, 0, 0, 0, 0,
    0, 0, 0, 0, 0, 0, 0, 0,
    0, 0, 0, 0, 0, 0, 0, 0,
    0, 0, 0, 0, 0, 0, 0, 0,
    0, 13, 0, 12, -26, 0, -20, -19,
    -26, -32, -13, 7, 6, 6, 0, 0,
    0, 0, 0, 0, 0, 0, 0, 0,
    0, 0, 0, 0, 0, 0, 0, 0,
    0, 0, 0, 0, -12, 0, 0, 0,
    0, 0, 0, 0, 0, 0, 0, 0,
    0, 0, 0, 0, 0, 0, 0, 0,
    0, 0, 0, 0, 0, 0, 0, 0,
    0, 0, 0, 0, 0, 0, -7, -26,
    -6, 0, -13, 0, -19, -19, -13, 0,
    -12, 0, 0, 0, 0, 0, 0, 0,
    -13, 0, -20, -13, 0, 7, 0, 13,
    13, 0, 13, 0, 0, 0, 0, 0,
    0, 0, 0, 0, 0, 0, 0, 0,
    0, 0, 0, 0, 0, 0, 0, 0,
    0, 0, 0, 0, 0, 0, 0, 0,
    0, 0, -26, 0, -19, -13, 0, -26,
    0, 0, 0, 0, 0, 0, 0, 0,
    0, 0, 0, 0, 0, 0, 0, 0,
    0, 0, 0, 0, 0, 0, 0, 0,
    0, 0, 0, 0, 0, 0, 0, 0,
    0, 0, 0, 0, 0, 0, 0, 0,
    0, 0, 0, 0, 0, 0, 0, 0,
    0, 0, 0, 0, 0, 0, 0, 0,
    19, 19, 13, 0, 0, 0, 0, 6,
    0, 0, 0, 0, 0, 0, 0, 7,
    0, 26, 0, 0, 0, 0, 0, 0,
    0, 6, 0, 0, 0, 0, 13, 0,
    26, 0, 0, 0, 0, 0, 0, 0,
    0, 0, 0, 0, 0, 0, 0, 0,
    0, 0, 0, 0, 0, 0, 0, 0,
    0, 0, 0, 0, 0, 0, 0, 0,
    0, 0, 0, 0, 0, -19, 0, 20,
    0, 0, 0, 20, 0, 19, 6, 0,
    0, 7, 6, 6, 6, 12, 6, 12,
    12, 0, 7, 13, -7, -6, 0, 0,
    12, -39, 0, 0, 0, 0, 0, 0,
    0, 0, 0, 0, 0, 0, 0, 0,
    0, 0, 0, 0, 0, 0, 0, 0,
    0, 0, 0, 0, 0, 0, 0, 0,
    13, 20, 20, 0, 26, 13, -78, 0,
    -78, -72, -84, -32, -78, 0, -6, 0,
    0, 0, -71, -72, -84, -71, -78, -65,
    -78, -12, -71, -65, -58, -59, -58, -52,
    0, 0, 0, 0, 0, 0, 0, 0,
    0, 0, 0, 0, 0, 0, 0, 0,
    0, 0, 0, 0, 0, 0, 0, 0,
    0, 0, 0, 0, 0, 0, 0, 0,
    0, -20, -19, 0, -19, -13, 0, 0,
    -13, -13, 0, -13, -7, -7, 0, -6,
    0, -7, -6, -13, -7, -13, -13, 0,
    0, 0, -6, -7, -13, 0, -19, 0,
    0, 0, 0, 0, 0, 0, 0, 0,
    0, 0, 0, 0, 0, 0, 0, 0,
    0, 0, 0, 0, 0, 0, 0, 0,
    0, 0, 0, 0, 0, 0, 0, 0,
    0, 0, 0, 0, -52, 0, -52, -52,
    -59, -26, -65, -13, -12, 0, -13, 0,
    -46, -46, -59, -46, -52, -46, -46, -26,
    -46, -26, -19, -19, -19, -46, 0, 0,
    0, 0, 0, 0, 0, 0, 0, 0,
    0, 0, 0, 0, 0, 0, 0, 0,
    0, 0, 0, 0, 0, 0, 0, 0,
    0, 0, 0, 0, 0, 0, 0, 0,
    0, 26, 0, -52, 0, -52, -52, -52,
    0, -52, -13, -7, 0, 0, 0, -32,
    -32, -59, -32, -52, -32, -32, -20, -39,
    0, -26, -26, -19, -32, 0, 0, 0,
    0, 0, 0, 0, 0, 0, 0, 0,
    0, 0, 0, 0, 0, 0, 0, 0,
    0, 0, 0, 0, 0, 0, 0, 0,
    0, 0, 0, 0, 0, 0, 0, 0,
    0, 0, 0, 0, 0, -12, -12, 0,
    13, 0, 0, 33, 0, 0, 0, 0,
    -13, 0, 0, 0, 0, -13, 0, -12,
    -13, 0, -19, 0, 0, 0, 0, 0,
    0, 0, 0, 0, 0, 0, 0, 0,
    0, 0, 0, 0, 0, 0, 0, 0,
    0, 0, 0, 0, 0, 0, 0, 0,
    0, 0, 0, 0, 0, 0, 0, 0,
    0, -78, 0, -72, -71, -84, -19, -72,
    -19, -12, 0, -19, 0, -52, -52, -72,
    -52, -72, -52, -65, 0, -58, -32, -32,
    -39, -20, -52, 0, 0, 0, 0, 0,
    0, 0, 0, 0, 0, 0, 0, 0,
    0, 0, 0, 0, 0, 0, 0, 0,
    0, 0, 0, 0, 0, 0, 0, 0,
    0, 0, 0, 0, 0, 0, 0, 0,
    13, 0, 0, 0, 6, 0, 20, 0,
    0, 0, 0, 0, 0, 0, -6, 0,
    0, 0, 0, 0, 0, 0, 0, 0,
    0, 0, 0, 0, 0, 0, 0, 0,
    0, 0, 0, 0, 0, 0, 0, 0,
    0, 0, 0, 0, 0, 0, 0, 0,
    0, 0, 0, 0, 0, 0, 0, 0,
    0, 0, 0, 0, 0, 0, 0, 0,
    -6, 7, 0, 7, 0, 0, 0, 0,
    13, 0, 0, 0, 0, 0, 0, 0,
    0, 0, -13, -15, -19, -20, 0, -13,
    -6, 0, 0, 0, 0, 0, 0, 0,
    0, 0, 0, 0, 0, 0, 0, 0,
    0, 0, 0, 0, 0, 0, 0, 0,
    0, 0, 0, 0, 0, 0, 0, 0,
    0, 0, 0, 0, 0, 0, 0, 0,
    0, 0, 0, 0, 0, 0, 0, 0,
    0, 0, -6, 0, 0, 0, 0, 0,
    0, -12, 0, -12, -13, 0, -13, -13,
    0, 0, 0, 0, 0, 0, 0, 0,
    0, 0, 0, 0, 0, 0, 32, 0,
    0, 0, 0, 0, 0, 0, 0, 0,
    0, 0, 0, 0, 0, 0, 0, 0,
    0, 0, 0, 0, 0, 0, 0, 0,
    0, 12, 0, 7, 0, 0, 0, 0,
    0, 0, 0, 6, 0, 12, 0, 0,
    0, 0, 0, 0, 0, 0, 0, 0,
    0, 0, 0, 0, 0, 0, 0, 0,
    0, 0, 0, 0, 0, 0, 0, 0,
    0, 0, 0, 0, 0, 0, 0, 0,
    0, 0, 0, 0, 0, 0, 0, 0,
    0, 0, 0, 0, 0, 0, 0, 0,
    7, 0, 0, 0, 0, 13, 0, 0,
    0, 0, 0, 0, 0, 0, 0, 0,
    -7, 0, -13, 0, 0, 0, 0, 0,
    0, 0, 0, 0, 0, 0, 0, 0,
    0, 0, 0, 0, 0, 0, 0, 0,
    0, 0, 0, 0, 0, 0, 0, 0,
    0, 0, 0, 0, 0, 0, 0, 0,
    0, 0, 0, 0, 0, 0, 0, 0,
    0, 0, -6, 0, 0, -6, 0, -6,
    0, 0, 0, 0, 0, 0, -13, 0,
    -7, -12, -6, -13, 0, 0, 0, 0,
    0, 0, 0, 0, 0, 0, 0, 0,
    0, 0, 0, 0, 0, 0, 0, 0,
    0, 0, 0, 0, 0, 0, 0, 0,
    0, 0, 0, 13, 0, 19, 26, 0,
    13, 0, 0, 0, 0, 0, 0, 0,
    -26, 0, -6, 0, 0, 0, 0, -19,
    -26, 0, 0, -6, -19, 0, -13, 0,
    0, -13, 0, 0, 0, 0, 0, 0,
    0, 0, 0, 0, 0, 0, 0, 0,
    0, 0, 0, 0, 0, 0, 0, 0,
    0, 0, 0, 0, 0, 0, 0, 0,
    0, 0, 0, 0, 0, 0, 0, 0,
    0, 0, 0, 0, 0, 0, 0, 0,
    6, 0, 78, 0, 0, 0, 0, 0,
    0, 0, 0, 0, 0, 0, 6, 7,
    19, 6, 0, 0, 0, 0, 0, 0,
    0, 0, 0, 0, 0, 0, 0, 0,
    0, 0, 0, 0, 0, 0, 0, 0,
    0, 0, 0, 0, 0, 0, 0, 0,
    0, 0, 0, 0, 0, 0, 0, 0,
    0, 0, 0, 0, 0, 0, 0, 0,
    0, 0, 0, 0, 0, 0, 0, 0,
    0, 0, 0, 0, -6, -19, -19, 0,
    -13, 0, 0, 0, 0, 0, 0, 0,
    0, 0, 0, 0, 0, 0, 0, 0,
    0, 0, 0, 0, 0, 0, 26, 0,
    0, 0, 0, 0, 0, 0, 0, 0,
    0, 0, 0, 0, 0, 0, 0, 0,
    0, 0, 0, 0, 0, 0, 0, 0,
    0, 0, 0, 0, 0, 7, 0, 0,
    0, 0, 0, 0, 0, 0, 13, 0,
    0, 0, 0, 0, 0, 0, 0, 0,
    0, 0, 0, 0, 0, 0, 0, 0,
    0, 0, 0, 0, 0, 0, 7, 0,
    0, 0, 0, 0, 0, 0, 0, 0,
    0, 0, 0, 0, 0, 0, 0, 0,
    0, 0, 0, 0, 0, 0, 0, 0,
    0, 0, 0, 0, 0, 0, 0, 0,
    0, 0, 0, 0, 0, 0, 0, 0,
    0, 0, 0, 0, 0, 0, 0, 0,
    0, 0, 0, 0, 0, 0, 0, 0,
    0, 0, 0, 0, 0, 0, 0, 0,
    0, 0, 0, 0, 0, 0, 0, 0,
    0, 0, 0, 0, 0, 0, 0, 0,
    0, 0, 0, 0, 0, 0, 0, 0,
    0, 0, 0, -13, 0, 0, 0, 0,
    0, 0, 13, 0, 0, 13, 0, 0,
    0, 0, 0, 0, 0, 0, 0, 0,
    0, 0, 0, 0, 0, 0, 0, 0,
    0, 0, 0, 0, 0, 0, 0, 0,
    0, 0, 0, 0, 0, 0, 0, 0,
    0, 0, 0, 0, 0, 0, 0, 0,
    0, 0, 0, 0, 0, 0, 0, 0,
    0, 0, 0, 0, 0, 0, 0, 0,
    0, 0, 0, 0, 6, 0, 0, 0,
    0, 0, 0, 0, 0, 0, 0, 0,
    0, 0, 0, 0, 0, 0, 0, 0,
    0, 0, 0, 0, 0, 0, 0, 0,
    0, 0, 0, 0, 0, 0, 0, 0,
    0, 0, 0, 0, 0, 0, 0, 0,
    0, 0, 0, 0, 0, 0, 0, 0,
    0, 0, -6, 0, 0, 0, -13, -13,
    -13, -13, 0, -13, 0, 0, 0, 0,
    0, 0, 0, 0, 0, 0, 0, 0,
    0, 0, 0, 0, 0, 0, 0, 0,
    0, 0, 0, 0, 0, 0, 0, 0,
    0, 0, 0, 0, 0, 0, 0, 0,
    0, 0, 0, 0, 0, 0, 0, 0,
    0, 0, 0, 0, 0, 0, 0, 0,
    0, 0, 0, 0, 0, -13, -12, -19,
    -13, 0, -19, 0, 0, 0, 0, 0,
    0, 0, 0, 0, 0, 0, 0, 0,
    0, 0, 0, 0, 0, 0, 0, 0,
    0, 0, 0, 0, 0, 0, 0, 0,
    0, 0, 0, 0, 0, 0, 0, 0,
    0, 0, 0, 0, 0, 0, 0, 0,
    0, 0, 0, 0, 0, 0, 0, 0,
    0, 0, 0, 0, -6, 0, -6, -13,
    -6, -7, -13, 0, 0, 0, 0, 0,
    0, 0, 0, 0, 0, 0, 0, 0,
    0, 0, 0, 0, 0, 0, 0, 0,
    0, 0, 0, 0, 0, 0, 0, 0,
    0, 0, 0, 0, 0, 0, 0, 0,
    0, 0, 0, 0, 0, 0, 0, 0,
    0, 0, 0, 0, 0, 0, 0, 0,
    0, 0, 0, 0, -6, 0, 0, 0,
    0, 0, 0, 0, 0, 0, 0, 0,
    0, 0, 0, 0, 0, 0, 0, 0,
    0, 0, 0, 0, 0, 0, 0, 0,
    0, 0, 0, 0, 0, 0, 0, 0,
    0, 0, 0, 0, 0, 0, 0, 0,
    0, 0, 0, 0, 0, 0, 0, 0,
    0, 0, 0, 0, 0, 0, 0, 0,
    0, 0, 19, 6, 19, 13, 13, 19,
    0, 0, 0, 0, 0, 0, 0, 0,
    0, 0, 0, 0, 0, 0, 0, 0,
    0, 0, 0, 0, 0, 0, 0, 0,
    0, 0, 0, 0, 0, 0, 0, 0,
    0, 0, 0, 0, 0, 0, 0, 0,
    0, 0, 0, 0, 0, 0, 0, 0,
    0, 0, 0, 0, 0, 0, 0, 0,
    0, 0, 0, 0, 0, 0, 7, 0,
    0, 0, 0, 0, 0, 0, 0, 0,
    0, 0, 0, 0, 0, 0, 0, 0,
    0, 0, 0, 0, 0, 0, 0, 0,
    0, 0, 0, 0, 0, 0, 0, 0,
    0, 0, 0, 0, 0, 0, 0, 0,
    0, 0, 0, 0, 0, 0, 0, 0,
    0, 0, 0, 0, 0, 0, 0, 0,
    0, 0, 0, 19, 13, 13, 0, 0,
    0, 0, 0, 0, 0, 0, 0, 0,
    0, 0, 0, 0, 0, 0, 0, 0,
    0, 0, 0, 0, 0, 0, 0, 0,
    0, 0, 0, 0, 0, 0, 0, 0,
    0, 0, 0, 0, 0, 0, 0, 0,
    0, 0, 0, 0, 0, 0, 0, 0,
    0, 0, 0, 0, 0, 0, 0, 0,
    0, 0, 0, 13, 7, -13, 0, 0,
    0, 0, 0, 0, 0, 0, 0, 0,
    0, 0, 0, 0, 0, 0, 0, 0,
    0, 0, 0, 0, 0, 0, 0, 0,
    0, 0, 0, 0, 0, 0, 0, 0,
    0, 0, 0, 0, 0, 0, 0, 0,
    0, 0, 0, 0, 0, 0, 0, 0,
    0, 0, 0, 0, 0, 0, 0, 0,
    0, 0, 0, 20, 0, 0, 0, 0,
    0, 0, 0, 0, 0, 0, 0, 0,
    0, 0, 0, 0, 0, 0, 0, 0,
    0, 0, 0, 0, 0, 0, 0, 0,
    0, 0, 0, 0, 0, 0, 0, 0,
    0, 0, 0, -5, 0, -5, 0, -6,
    -14, -6, -10, -14, -13, 0, -5, -9,
    -5, -6, -6, -5, -10, -14, -6, -10,
    -5, -24, -10, -14
};


/*Collect the kern class' data in one place*/
static const lv_font_fmt_txt_kern_classes_t kern_classes =
{
    .class_pair_values   = kern_class_values,
    .left_class_mapping  = kern_left_class_mapping,
    .right_class_mapping = kern_right_class_mapping,
    .left_class_cnt      = 68,
    .right_class_cnt     = 63,
};

/*--------------------
 *  ALL CUSTOM DATA
 *--------------------*/

#if LVGL_VERSION_MAJOR == 8
/*Store all the custom data of the font*/
static  lv_font_fmt_txt_glyph_cache_t cache;
#endif

#if LVGL_VERSION_MAJOR >= 8
static const lv_font_fmt_txt_dsc_t font_dsc = {
#else
static lv_font_fmt_txt_dsc_t font_dsc = {
#endif
    .glyph_bitmap = glyph_bitmap,
    .glyph_dsc = glyph_dsc,
    .cmaps = cmaps,
    .kern_dsc = &kern_classes,
    .kern_scale = 16,
    .cmap_num = 3,
    .bpp = 4,
    .kern_classes = 1,
    .bitmap_format = 0,
#if LVGL_VERSION_MAJOR == 8
    .cache = &cache
#endif
};



/*-----------------
 *  PUBLIC FONT
 *----------------*/

/*Initialize a public general font descriptor*/
#if LVGL_VERSION_MAJOR >= 8
const lv_font_t ui_font_H2 = {
#else
lv_font_t ui_font_H2 = {
#endif
    .get_glyph_dsc = lv_font_get_glyph_dsc_fmt_txt,    /*Function pointer to get glyph's data*/
    .get_glyph_bitmap = lv_font_get_bitmap_fmt_txt,    /*Function pointer to get glyph's bitmap*/
    .line_height = 50,          /*The maximum line height required by the font*/
    .base_line = 13,             /*Baseline measured from the bottom of the line*/
#if !(LVGL_VERSION_MAJOR == 6 && LVGL_VERSION_MINOR == 0)
    .subpx = LV_FONT_SUBPX_NONE,
#endif
#if LV_VERSION_CHECK(7, 4, 0) || LVGL_VERSION_MAJOR >= 8
    .underline_position = -3,
    .underline_thickness = 2,
#endif
    .dsc = &font_dsc,          /*The custom font data. Will be accessed by `get_glyph_bitmap/dsc` */
#if LV_VERSION_CHECK(8, 2, 0) || LVGL_VERSION_MAJOR >= 9
    .fallback = NULL,
#endif
    .user_data = NULL,
};



#endif /*#if UI_FONT_H2*/

